{"type":"FeatureCollection", "features": [
{"type":"Feature","geometry":{"type":"Polygon","coordinates":[[[77.800346,35.495406],[77.048971,35.110442],[76.553187,34.72584],[75.348093,34.55722],[75.374549,34.370981],[76.739843,33.197406],[77.348695,32.867245],[77.721075,33.012636],[78.380983,32.528041],[78.943429,32.346373],[79.443497,32.534773],[79.456096,33.250399],[78.824263,33.461059],[78.730109,34.079265],[78.95694,34.339961],[78.273186,34.658867],[77.800346,35.495406]]]},"properties":{"featurecla":"Admin-1 states provinces","scalerank":2,"adm1_code":"IND-20012","diss_me":20012,"iso_3166_2":"IN-LA","wikipedia":null,"iso_a2":"IN","adm0_sr":1,"name":"Ladakh","name_alt":null,"name_local":null,"type":"Union Territory","type_en":"Union Territory","code_local":null,"code_hasc":"IN.LA","note":null,"hasc_maybe":null,"region":null,"region_cod":null,"provnum_ne":null,"gadm_level":1,"check_me":20,"datarank":1,"abbrev":null,"postal":"LA","area_sqkm":null,"sameascity":-99,"labelrank":2,"name_len":6,"mapcolor9":2,"mapcolor13":2,"fips":"IN42","fips_alt":null,"woe_id":null,"woe_label":null,"woe_name":null,"latitude":34.0255867581,"longitude":77.4806135651,"sov_a3":"IND","adm0_a3":"IND","adm0_label":2,"admin":"India","geonunit":"India","gu_a3":"IND","gn_id":12096464,"gn_name":null,"gns_id":null,"gns_name":null,"gn_level":null,"gn_region":null,"gn_a1_code":"IN.LA","region_sub":null,"sub_code":null,"gns_level":null,"gns_lang":null,"gns_adm1":null,"gns_region":null,"min_label":4.6,"max_label":10.1,"min_zoom":4.6,"wikidataid":"Q200667","name_ar":"لداخ","name_bn":"লাদাখ","name_de":"Ladakh","name_en":"Ladakh","name_es":"Ladakh","name_fr":"Ladakh","name_el":"Λαντάχ","name_hi":"लद्दाख़","name_hu":"Ladak","name_id":"Ladakh","name_it":"Ladakh","name_ja":"ラダック","name_ko":"라다크","name_nl":"Ladakh","name_pl":"Ladakh","name_pt":"Ladaque","name_ru":"Ладакх","name_sv":"Ladakh","name_tr":"Ladakh","name_vi":"Ladakh","name_zh":"拉达克","ne_id":1730014023,"name_he":"לדאק","name_uk":"Ладакх","name_ur":"لداخ","name_fa":"لداخ","name_zht":"拉達克","FCLASS_ISO":null,"FCLASS_US":null,"FCLASS_FR":null,"FCLASS_RU":null,"FCLASS_ES":null,"FCLASS_CN":null,"FCLASS_TW":null,"FCLASS_IN":null,"FCLASS_NP":null,"FCLASS_PK":"Unrecognized","FCLASS_DE":null,"FCLASS_GB":null,"FCLASS_BR":null,"FCLASS_IL":null,"FCLASS_PS":null,"FCLASS_SA":null,"FCLASS_EG":null,"FCLASS_MA":null,"FCLASS_PT":null,"FCLASS_AR":null,"FCLASS_JP":null,"FCLASS_KO":null,"FCLASS_VN":null,"FCLASS_TR":null,"FCLASS_ID":null,"FCLASS_PL":null,"FCLASS_GR":null,"FCLASS_IT":null,"FCLASS_NL":null,"FCLASS_SE":null,"FCLASS_BD":null,"FCLASS_UA":null,"FCLASS_TLC":null}},
{"type":"Feature","geometry":{"type":"Polygon","coordinates":[[[77.800346,35.495406],[78.273186,34.658867],[78.95694,34.339961],[79.793972,34.431025],[79.883838,34.9196],[80.319211,35.509254],[81.711426,35.245653],[82.428178,35.68976],[83.564801,35.36071],[84.214684,35.388951],[85.149769,35.749808],[85.619766,35.675394],[86.459405,36.219443],[88.459231,36.448887],[89.677813,36.081958],[91.135761,36.140637],[90.80777,36.910564],[91.073749,37.487945],[90.436475,37.778573],[90.193492,38.325671],[90.653516,38.674074],[91.294407,38.745129],[92.935961,39.152856],[92.772405,39.810542],[92.925884,40.422908],[93.577472,40.587962],[94.580925,41.585214],[96.035823,41.995292],[96.36634,42.722923],[95.908492,43.214547],[95.379428,44.287117],[94.69823,44.343496],[93.525278,44.951263],[93.075941,45.005192],[90.90549,45.185977],[90.651138,45.493142],[91.002435,46.021843],[91.014292,46.689844],[90.441228,47.493045],[89.5418,48.031023],[89.045551,47.992989],[87.942828,48.599489],[87.816324,49.165837],[87.323796,49.085274],[86.887337,49.106823],[86.565083,48.527323],[85.783683,48.407589],[85.515379,47.92028],[85.498636,47.051832],[84.916036,46.850552],[83.150356,47.211538],[82.297137,45.554545],[81.739279,45.338061],[80.061707,45.018959],[80.376313,44.67128],[80.345101,44.103097],[80.773395,43.112925],[80.368148,43.02846],[80.210328,42.189519],[78.359899,41.377527],[78.231335,41.172856],[76.860972,41.013208],[76.449111,40.415519],[75.681819,40.291702],[74.832312,40.508116],[74.003989,40.060812],[73.632642,39.448343],[73.797387,38.602839],[74.776345,38.510674],[74.790711,38.081449],[75.164125,37.400638],[74.892307,37.231114],[74.542354,37.021669],[75.351297,36.915784],[75.976582,36.462633],[76.166027,35.806239],[76.777351,35.646112],[77.800346,35.495406]]]},"properties":{"featurecla":"Admin-1 states provinces","scalerank":2,"adm1_code":"CHN-1756","diss_me":1756,"iso_3166_2":"CN-XJ","wikipedia":null,"iso_a2":"CN","adm0_sr":1,"name":"Xinjiang","name_alt":"Xinjiang Uygur|Xīnjiāng Wéiwúěr","name_local":"新疆維吾爾自治區|新疆维吾尔自治区","type":"Zìzhìqu","type_en":"Autonomous Region","code_local":null,"code_hasc":"CN.XJ","note":null,"hasc_maybe":null,"region":"Northwest China","region_cod":"6","provnum_ne":49,"gadm_level":1,"check_me":20,"datarank":1,"abbrev":null,"postal":"XJ","area_sqkm":0,"sameascity":-99,"labelrank":2,"name_len":8,"mapcolor9":4,"mapcolor13":3,"fips":"CH13","fips_alt":null,"woe_id":12578003,"woe_label":"Xinjiang, CN, China","woe_name":"Xinjiang","latitude":41.122,"longitude":85.4253,"sov_a3":"CH1","adm0_a3":"CHN","adm0_label":2,"admin":"China","geonunit":"China","gu_a3":"CHN","gn_id":1529047,"gn_name":"Xinjiang Uygur Zizhiqu","gns_id":-1933787,"gns_name":"Xinjiang Uygur Zizhiqu","gn_level":1,"gn_region":null,"gn_a1_code":"CN.13","region_sub":"Western","sub_code":null,"gns_level":1,"gns_lang":"uig","gns_adm1":"CH13","gns_region":null,"min_label":4.6,"max_label":10.1,"min_zoom":4.6,"wikidataid":"Q34800","name_ar":"سنجان","name_bn":"শিনচিয়াং","name_de":"Xinjiang","name_en":"Xinjiang","name_es":"Sinkiang","name_fr":"Xinjiang","name_el":"Σιντσιάνγκ","name_hi":"शिंजियांग","name_hu":"Hszincsiang-Ujgur Autonóm Terület","name_id":"Xinjiang","name_it":"Sinkiang","name_ja":"新疆ウイグル自治区","name_ko":"신장 위구르 자치구","name_nl":"Sinkiang","name_pl":"Sinciang","name_pt":"Xinjiang","name_ru":"Синьцзян-Уйгурский автономный район","name_sv":"Xinjiang","name_tr":"Sincan Uygur Özerk Bölgesi","name_vi":"Tân Cương","name_zh":"新疆维吾尔自治区","ne_id":1159312657,"name_he":"שינג'יאנג","name_uk":"Сіньцзян-Уйгурський автономний район","name_ur":"سنکیانگ","name_fa":"سینکیانگ","name_zht":"新疆維吾爾自治區","FCLASS_ISO":null,"FCLASS_US":null,"FCLASS_FR":null,"FCLASS_RU":null,"FCLASS_ES":null,"FCLASS_CN":null,"FCLASS_TW":null,"FCLASS_IN":null,"FCLASS_NP":null,"FCLASS_PK":null,"FCLASS_DE":null,"FCLASS_GB":null,"FCLASS_BR":null,"FCLASS_IL":null,"FCLASS_PS":null,"FCLASS_SA":null,"FCLASS_EG":null,"FCLASS_MA":null,"FCLASS_PT":null,"FCLASS_AR":null,"FCLASS_JP":null,"FCLASS_KO":null,"FCLASS_VN":null,"FCLASS_TR":null,"FCLASS_ID":null,"FCLASS_PL":null,"FCLASS_GR":null,"FCLASS_IT":null,"FCLASS_NL":null,"FCLASS_SE":null,"FCLASS_BD":null,"FCLASS_UA":null,"FCLASS_TLC":null}},
{"type":"Feature","geometry":{"type":"Polygon","coordinates":[[[78.95694,34.339961],[78.730109,34.079265],[78.824263,33.461059],[79.456096,33.250399],[79.443497,32.534773],[78.943429,32.346373],[78.380983,32.528041],[78.744578,31.9642],[78.89261,31.281772],[79.833504,30.961522],[80.252806,30.565009],[80.996017,30.196969],[81.084454,30.027876],[81.267903,30.072053],[81.591588,30.414269],[83.654992,29.160414],[84.225291,28.914115],[85.081867,28.331702],[85.675059,28.306387],[86.0546,27.888013],[86.516764,27.971432],[86.982093,27.950674],[87.678529,27.813351],[88.118218,27.860885],[88.610488,28.105831],[88.892331,27.315543],[89.124655,27.614852],[89.205843,27.747435],[89.417364,27.988654],[89.862918,28.295793],[90.475232,28.072344],[90.755278,28.055173],[91.436483,27.989375],[91.628339,27.852694],[92.574977,27.847806],[92.65484,28.105831],[93.446213,28.671894],[93.86308,28.704871],[94.63043,29.319452],[95.224916,29.059364],[96.141966,29.368467],[96.59801,28.70991],[97.323496,28.217478],[97.527721,28.529526],[98.115002,28.143888],[99.108814,29.223772],[98.884952,31.354081],[98.014152,32.464505],[97.715721,32.54419],[97.25487,32.075794],[96.094218,31.700546],[94.582217,32.672192],[94.110773,32.478225],[93.005931,32.734617],[92.221379,32.744978],[91.189194,33.336958],[90.80405,33.140536],[90.205688,33.401502],[89.636731,34.093371],[89.840284,34.383328],[89.45483,35.212838],[89.677813,36.081958],[88.459231,36.448887],[86.459405,36.219443],[85.619766,35.675394],[85.149769,35.749808],[84.214684,35.388951],[83.564801,35.36071],[82.428178,35.68976],[81.711426,35.245653],[80.319211,35.509254],[79.883838,34.9196],[79.793972,34.431025],[78.95694,34.339961]]]},"properties":{"featurecla":"Admin-1 states provinces","scalerank":2,"adm1_code":"CHN-1662","diss_me":1662,"iso_3166_2":"CN-XZ","wikipedia":null,"iso_a2":"CN","adm0_sr":1,"name":"Xizang","name_alt":"Tibet|Xīzàng","name_local":"西藏自治區|西藏自治区","type":"Zìzhìqu","type_en":"Autonomous Region","code_local":null,"code_hasc":"CN.XZ","note":null,"hasc_maybe":null,"region":"Southwest China","region_cod":"5","provnum_ne":48,"gadm_level":1,"check_me":20,"datarank":1,"abbrev":null,"postal":"XZ","area_sqkm":0,"sameascity":-99,"labelrank":2,"name_len":6,"mapcolor9":4,"mapcolor13":3,"fips":"CH14","fips_alt":null,"woe_id":12578004,"woe_label":"Tibet, CN, China","woe_name":"Xizang","latitude":31.4515,"longitude":88.4137,"sov_a3":"CH1","adm0_a3":"CHN","adm0_label":2,"admin":"China","geonunit":"China","gu_a3":"CHN","gn_id":1279685,"gn_name":"Tibet Autonomous Region","gns_id":-1934604,"gns_name":"Xizang Zizhiqu","gn_level":1,"gn_region":null,"gn_a1_code":"CN.14","region_sub":"Western","sub_code":null,"gns_level":1,"gns_lang":"zho","gns_adm1":"CH14","gns_region":null,"min_label":4.6,"max_label":10.1,"min_zoom":4.6,"wikidataid":"Q17269","name_ar":"منطقة التبت ذاتية الحكم","name_bn":"তিব্বত স্বায়ত্তশাসিত অঞ্চল","name_de":"Autonomes Gebiet Tibet","name_en":"Tibet","name_es":"Tíbet","name_fr":"Tibet","name_el":"Αυτόνομη Περιφέρεια του Θιβέτ","name_hi":"बोड स्वायत्त क्षेत्र","name_hu":"Tibeti Autonóm Terület","name_id":"Tibet","name_it":"regione autonoma del Tibet","name_ja":"チベット自治区","name_ko":"티베트 자치구","name_nl":"Tibetaanse Autonome Regio","name_pl":"Tybetański Autonomiczny","name_pt":"do Tibete","name_ru":"Тибетский автономный район","name_sv":"Autonoma regionen Tibet","name_tr":"Tibet Özerk Bölgesi","name_vi":"Khu tự trị Tây Tạng","name_zh":"西藏自治区","ne_id":1159312655,"name_he":"המחוז האוטונומי הטיבטי","name_uk":"Тибетський автономний район","name_ur":"تبت خود مختار علاقہ","name_fa":"منطقه خودمختار تبت","name_zht":"西藏自治區","FCLASS_ISO":null,"FCLASS_US":null,"FCLASS_FR":null,"FCLASS_RU":null,"FCLASS_ES":null,"FCLASS_CN":null,"FCLASS_TW":null,"FCLASS_IN":null,"FCLASS_NP":null,"FCLASS_PK":null,"FCLASS_DE":null,"FCLASS_GB":null,"FCLASS_BR":null,"FCLASS_IL":null,"FCLASS_PS":null,"FCLASS_SA":null,"FCLASS_EG":null,"FCLASS_MA":null,"FCLASS_PT":null,"FCLASS_AR":null,"FCLASS_JP":null,"FCLASS_KO":null,"FCLASS_VN":null,"FCLASS_TR":null,"FCLASS_ID":null,"FCLASS_PL":null,"FCLASS_GR":null,"FCLASS_IT":null,"FCLASS_NL":null,"FCLASS_SE":null,"FCLASS_BD":null,"FCLASS_UA":null,"FCLASS_TLC":null}},
{"type":"Feature","geometry":{"type":"Polygon","coordinates":[[[97.323496,28.217478],[96.59801,28.70991],[96.141966,29.368467],[95.224916,29.059364],[94.63043,29.319452],[93.86308,28.704871],[93.446213,28.671894],[92.65484,28.105831],[92.574977,27.847806],[91.628339,27.852694],[91.727092,27.459942],[92.005788,27.176112],[92.080371,26.921571],[92.814831,27.050804],[93.694674,27.005949],[93.982512,27.327712],[95.31318,27.895791],[95.775891,27.717327],[95.903738,27.276087],[95.176444,27.033182],[95.246933,26.648904],[96.142586,27.25751],[96.758879,27.341743],[97.058827,27.092076],[96.87019,27.61909],[97.323496,28.217478]]]},"properties":{"featurecla":"Admin-1 states provinces","scalerank":2,"adm1_code":"IND-3299","diss_me":3299,"iso_3166_2":"IN-AR","wikipedia":null,"iso_a2":"IN","adm0_sr":1,"name":"Arunachal Pradesh","name_alt":"Agence de la Frontisre du Nord-Est(French-obsolete)|North East Frontier Agency","name_local":null,"type":"State","type_en":"State","code_local":null,"code_hasc":"IN.AR","note":null,"hasc_maybe":null,"region":"Northeast","region_cod":null,"provnum_ne":20045,"gadm_level":1,"check_me":20,"datarank":1,"abbrev":null,"postal":"AR","area_sqkm":0,"sameascity":-99,"labelrank":2,"name_len":17,"mapcolor9":2,"mapcolor13":2,"fips":"IN30","fips_alt":null,"woe_id":2345763,"woe_label":"Arunachal Pradesh, IN, India","woe_name":"Arunachal Pradesh","latitude":28.4056,"longitude":94.4673,"sov_a3":"IND","adm0_a3":"IND","adm0_label":5,"admin":"India","geonunit":"India","gu_a3":"IND","gn_id":1278341,"gn_name":"State of Arunachal Pradesh","gns_id":-2089163,"gns_name":"Arunachal Pradesh, State of","gn_level":1,"gn_region":null,"gn_a1_code":"IN.30","region_sub":null,"sub_code":null,"gns_level":1,"gns_lang":"nld","gns_adm1":"IN30","gns_region":null,"min_label":4.6,"max_label":10.1,"min_zoom":4.6,"wikidataid":"Q1162","name_ar":"أروناجل برديش","name_bn":"অরুণাচল প্রদেশ","name_de":"Arunachal Pradesh","name_en":"Arunachal Pradesh","name_es":"Arunachal Pradesh","name_fr":"Arunachal Pradesh","name_el":"Αρουνάτσαλ Πραντές","name_hi":"अरुणाचल प्रदेश","name_hu":"Arunácsal Prades","name_id":"Arunachal Pradesh","name_it":"Arunachal Pradesh","name_ja":"アルナーチャル・プラデーシュ州","name_ko":"아루나찰프라데시","name_nl":"Arunachal Pradesh","name_pl":"Arunachal Pradesh","name_pt":"Arunachal Pradesh","name_ru":"Аруначал-Прадеш","name_sv":"Arunachal Pradesh","name_tr":"Arunaçhal Pradesh","name_vi":"Arunachal Pradesh","name_zh":"阿鲁纳恰尔邦","ne_id":1159315223,"name_he":"ארונאצ'ל פרדש","name_uk":"Аруначал-Прадеш","name_ur":"اروناچل پردیش","name_fa":"آروناچال پرادش","name_zht":"阿魯納恰爾邦","FCLASS_ISO":null,"FCLASS_US":null,"FCLASS_FR":null,"FCLASS_RU":null,"FCLASS_ES":null,"FCLASS_CN":"Unrecognized","FCLASS_TW":null,"FCLASS_IN":null,"FCLASS_NP":null,"FCLASS_PK":null,"FCLASS_DE":null,"FCLASS_GB":null,"FCLASS_BR":null,"FCLASS_IL":null,"FCLASS_PS":null,"FCLASS_SA":null,"FCLASS_EG":null,"FCLASS_MA":null,"FCLASS_PT":null,"FCLASS_AR":null,"FCLASS_JP":null,"FCLASS_KO":null,"FCLASS_VN":null,"FCLASS_TR":null,"FCLASS_ID":null,"FCLASS_PL":null,"FCLASS_GR":null,"FCLASS_IT":null,"FCLASS_NL":null,"FCLASS_SE":null,"FCLASS_BD":null,"FCLASS_UA":null,"FCLASS_TLC":null}},
{"type":"Feature","geometry":{"type":"Polygon","coordinates":[[[-57.602793,-30.190517],[-56.831281,-30.102037],[-56.011357,-30.798222],[-56.017018,-31.074296],[-56.009874,-31.081945],[-55.591873,-30.848348],[-55.259981,-31.228687],[-54.467221,-31.664237],[-53.771829,-32.047087],[-53.182836,-32.799904],[-53.520662,-33.124979],[-53.379095,-33.740676],[-52.621693,-33.101983],[-52.127431,-32.177504],[-52.245595,-31.840997],[-51.92276,-31.306899],[-51.443023,-31.080987],[-51.122548,-30.256036],[-50.315663,-30.461521],[-49.713531,-29.324477],[-50.078979,-29.243331],[-49.736597,-28.511386],[-50.621065,-28.374185],[-51.080494,-27.821092],[-52.179058,-27.268154],[-53.368856,-27.071991],[-53.842006,-27.163509],[-54.827527,-27.545088],[-55.623042,-28.14435],[-57.325153,-29.981011],[-57.611698,-30.182963],[-57.602793,-30.190517]]]},"properties":{"featurecla":"Admin-1 states provinces","scalerank":2,"adm1_code":"BRA-612","diss_me":612,"iso_3166_2":"BR-RS","wikipedia":null,"iso_a2":"BR","adm0_sr":1,"name":"Rio Grande do Sul","name_alt":null,"name_local":null,"type":"Estado","type_en":"State","code_local":null,"code_hasc":"BR.RS","note":null,"hasc_maybe":null,"region":null,"region_cod":null,"provnum_ne":12,"gadm_level":1,"check_me":20,"datarank":1,"abbrev":"Rio","postal":"RS","area_sqkm":0,"sameascity":-99,"labelrank":2,"name_len":17,"mapcolor9":5,"mapcolor13":7,"fips":"BR23","fips_alt":null,"woe_id":2344864,"woe_label":"Rio Grande do Sul, BR, Brazil","woe_name":"Rio Grande do Sul","latitude":-29.7277,"longitude":-53.656,"sov_a3":"BRA","adm0_a3":"BRA","adm0_label":2,"admin":"Brazil","geonunit":"Brazil","gu_a3":"BRA","gn_id":3451133,"gn_name":"Estado do Rio Grande do Sul","gns_id":-666687,"gns_name":"Rio Grande do Sul, Estado do","gn_level":1,"gn_region":null,"gn_a1_code":"BR.23","region_sub":null,"sub_code":null,"gns_level":1,"gns_lang":"kor","gns_adm1":"BR23","gns_region":null,"min_label":3.7,"max_label":8.5,"min_zoom":3,"wikidataid":"Q40030","name_ar":"ريو غراندي دو سول","name_bn":"রিও গ্রান্ডে দু সোল","name_de":"Rio Grande do Sul","name_en":"Rio Grande do Sul","name_es":"Río Grande del Sur","name_fr":"Rio Grande do Sul","name_el":"Ρίο Γκράντε ντο Σουλ","name_hi":"रियो ग्रांडे दो सुल","name_hu":"Río Grande del Sur","name_id":"Rio Grande do Sul","name_it":"Rio Grande do Sul","name_ja":"リオグランデ・ド・スル州","name_ko":"히우그란지두술","name_nl":"Rio Grande do Sul","name_pl":"Rio Grande do Sul","name_pt":"Rio Grande do Sul","name_ru":"Риу-Гранди-ду-Сул","name_sv":"Rio Grande do Sul","name_tr":"Rio Grande do Sul","name_vi":"Rio Grande do Sul","name_zh":"南里奥格兰德州","ne_id":1159307911,"name_he":"ריו גראנדה דו סול","name_uk":"Ріу-Гранді-ду-Сул","name_ur":"جنوبی ریو گرانڈی","name_fa":"ریو گرانده دو سول","name_zht":"南大河州","FCLASS_ISO":null,"FCLASS_US":null,"FCLASS_FR":null,"FCLASS_RU":null,"FCLASS_ES":null,"FCLASS_CN":null,"FCLASS_TW":null,"FCLASS_IN":null,"FCLASS_NP":null,"FCLASS_PK":null,"FCLASS_DE":null,"FCLASS_GB":null,"FCLASS_BR":null,"FCLASS_IL":null,"FCLASS_PS":null,"FCLASS_SA":null,"FCLASS_EG":null,"FCLASS_MA":null,"FCLASS_PT":null,"FCLASS_AR":null,"FCLASS_JP":null,"FCLASS_KO":null,"FCLASS_VN":null,"FCLASS_TR":null,"FCLASS_ID":null,"FCLASS_PL":null,"FCLASS_GR":null,"FCLASS_IT":null,"FCLASS_NL":null,"FCLASS_SE":null,"FCLASS_BD":null,"FCLASS_UA":null,"FCLASS_TLC":null}},
{"type":"Feature","geometry":{"type":"Polygon","coordinates":[[[116.684278,49.823265],[115.51453,48.122103],[115.852701,47.705565],[117.741681,47.977589],[118.542252,47.966246],[119.699959,47.159526],[119.680116,46.591628],[118.238291,46.715393],[117.301708,46.350144],[116.581959,46.298012],[115.63783,45.444359],[114.533711,45.3855],[113.635058,44.746262],[111.984637,45.087154],[111.406357,44.416463],[111.933353,43.696636],[110.933724,43.287772],[110.406728,42.768605],[109.485131,42.449296],[108.04968,42.43912],[106.767829,42.286619],[105.014809,41.596144],[104.500784,41.870598],[103.720986,41.755566],[102.034164,42.18461],[101.637599,42.515442],[100.016975,42.676518],[99.621903,42.597443],[97.849992,42.723045],[97.19068,42.787061],[97.846875,41.619269],[97.647611,41.455532],[98.645845,40.56755],[99.157441,40.836319],[100.011188,40.89629],[100.203786,40.616953],[99.686143,39.876016],[100.188851,39.69489],[101.580188,38.688233],[102.39311,39.237192],[102.965374,39.11937],[104.023966,39.441107],[104.224781,39.090689],[103.471235,38.435897],[103.438162,37.842393],[104.358519,37.401232],[105.788096,37.805057],[105.84122,38.571289],[106.275663,39.269154],[106.977843,39.035602],[106.470122,38.290686],[107.657646,37.852935],[108.038708,37.632509],[108.764349,37.681886],[108.986351,38.335206],[109.674267,39.011211],[110.494165,39.374315],[111.110045,39.385193],[111.921469,39.688844],[112.399217,40.288342],[113.334147,40.318728],[114.154097,40.742578],[113.927961,41.418351],[114.596344,42.141278],[114.888988,41.610044],[115.858799,41.927467],[116.858118,42.019503],[116.887109,42.395371],[117.80049,42.568823],[118.478433,41.355099],[119.230997,41.273398],[119.335745,42.289409],[120.14076,41.789284],[121.368851,42.49999],[121.646095,42.453585],[123.611969,43.08135],[123.696254,43.353478],[123.123782,44.49439],[122.376644,44.219963],[122.045967,44.694947],[122.234017,45.287055],[121.934397,45.68995],[123.161661,46.220073],[123.186827,46.761642],[122.574048,47.131129],[122.565367,47.531156],[124.077936,48.448309],[124.538063,48.571687],[125.267372,49.438481],[125.188462,49.941861],[126.056265,50.980274],[125.486635,51.507399],[123.569646,51.203903],[122.956247,51.386063],[122.491779,52.294844],[121.173927,52.594981],[121.800194,53.023586],[121.413275,53.317335],[120.280182,52.865922],[120.77917,52.117595],[120.108203,51.665194],[119.293576,50.599238],[119.31621,50.092654],[117.758838,49.512741],[116.684278,49.823265]]]},"properties":{"featurecla":"Admin-1 states provinces","scalerank":2,"adm1_code":"CHN-1838","diss_me":1838,"iso_3166_2":"CN-NM","wikipedia":null,"iso_a2":"CN","adm0_sr":1,"name":"Inner Mongol","name_alt":"Nei Mongol|Nèiměnggǔ","name_local":"內蒙古自治區|内蒙古自治区","type":"Zìzhìqu","type_en":"Autonomous Region","code_local":null,"code_hasc":"CN.NM","note":null,"hasc_maybe":null,"region":"North China","region_cod":"1","provnum_ne":43,"gadm_level":1,"check_me":20,"datarank":1,"abbrev":null,"postal":"NM","area_sqkm":0,"sameascity":-99,"labelrank":2,"name_len":12,"mapcolor9":4,"mapcolor13":3,"fips":"CH20","fips_alt":null,"woe_id":12578009,"woe_label":"Nei Mongol, CN, China","woe_name":"Inner Mongol","latitude":41.5938,"longitude":111.623,"sov_a3":"CH1","adm0_a3":"CHN","adm0_label":2,"admin":"China","geonunit":"China","gu_a3":"CHN","gn_id":2035607,"gn_name":"Inner Mongolia Autonomous Region","gns_id":-1920094,"gns_name":"Nei Mongol Zizhiqu","gn_level":1,"gn_region":null,"gn_a1_code":"CN.20","region_sub":"Western","sub_code":null,"gns_level":1,"gns_lang":"zho","gns_adm1":"CH20","gns_region":null,"min_label":4.6,"max_label":10.1,"min_zoom":4.6,"wikidataid":"Q41079","name_ar":"منغوليا الداخلية","name_bn":"অন্তর্দেশীয় মঙ্গোলিয়া","name_de":"Innere Mongolei","name_en":"Inner Mongolia","name_es":"Mongolia Interior","name_fr":"Mongolie-Intérieure","name_el":"Εσωτερική Μογγολία","name_hi":"भीतरी मंगोलिया","name_hu":"Belső-Mongólia Autonóm Terület","name_id":"Mongolia Dalam","name_it":"Mongolia Interna","name_ja":"内モンゴル自治区","name_ko":"내몽골 자치구","name_nl":"Binnen-Mongolië","name_pl":"Mongolia Wewnętrzna","name_pt":"Mongólia Interior","name_ru":"Внутренняя Монголия","name_sv":"Inre Mongoliet","name_tr":"İç Moğolistan","name_vi":"Nội Mông","name_zh":"内蒙古自治区","ne_id":1159312757,"name_he":"מונגוליה הפנימית","name_uk":"Внутрішня Монголія","name_ur":"اندرونی منگولیا","name_fa":"مغولستان داخلی","name_zht":"內蒙古自治區","FCLASS_ISO":null,"FCLASS_US":null,"FCLASS_FR":null,"FCLASS_RU":null,"FCLASS_ES":null,"FCLASS_CN":null,"FCLASS_TW":null,"FCLASS_IN":null,"FCLASS_NP":null,"FCLASS_PK":null,"FCLASS_DE":null,"FCLASS_GB":null,"FCLASS_BR":null,"FCLASS_IL":null,"FCLASS_PS":null,"FCLASS_SA":null,"FCLASS_EG":null,"FCLASS_MA":null,"FCLASS_PT":null,"FCLASS_AR":null,"FCLASS_JP":null,"FCLASS_KO":null,"FCLASS_VN":null,"FCLASS_TR":null,"FCLASS_ID":null,"FCLASS_PL":null,"FCLASS_GR":null,"FCLASS_IT":null,"FCLASS_NL":null,"FCLASS_SE":null,"FCLASS_BD":null,"FCLASS_UA":null,"FCLASS_TLC":null}},
{"type":"Feature","geometry":{"type":"Polygon","coordinates":[[[96.36634,42.722923],[96.035823,41.995292],[94.580925,41.585214],[93.577472,40.587962],[92.925884,40.422908],[92.772405,39.810542],[92.935961,39.152856],[94.479329,39.317833],[95.305325,39.182777],[96.054788,38.678828],[96.945483,38.358227],[97.02646,39.196212],[98.068619,38.801844],[98.962105,38.981755],[99.799883,38.365721],[100.554307,38.252084],[101.765603,37.524971],[102.460134,36.955652],[102.933283,36.086066],[102.702186,35.524034],[101.793353,34.631892],[101.780382,34.067507],[101.035828,34.338938],[101.160265,33.664147],[101.77754,33.530047],[102.78182,34.274187],[103.184172,33.822096],[104.093006,33.66854],[104.405855,33.063279],[104.898331,32.611834],[105.498553,32.907397],[105.832435,33.497542],[106.481749,33.700889],[106.673623,34.384672],[106.317728,34.583342],[106.564586,35.079616],[107.210852,34.891772],[107.670462,35.227979],[108.492634,35.272498],[108.70368,36.35897],[107.285472,37.068461],[106.644065,37.181658],[106.464851,35.332366],[105.431839,35.756422],[105.180175,36.972136],[104.358519,37.401232],[103.438162,37.842393],[103.471235,38.435897],[104.224781,39.090689],[104.023966,39.441107],[102.965374,39.11937],[102.39311,39.237192],[101.580188,38.688233],[100.188851,39.69489],[99.686143,39.876016],[100.203786,40.616953],[100.011188,40.89629],[99.157441,40.836319],[98.645845,40.56755],[97.647611,41.455532],[97.846875,41.619269],[97.19068,42.787061],[96.36634,42.722923]]]},"properties":{"featurecla":"Admin-1 states provinces","scalerank":2,"adm1_code":"CHN-1150","diss_me":1150,"iso_3166_2":"CN-GS","wikipedia":null,"iso_a2":"CN","adm0_sr":1,"name":"Gansu","name_alt":"Gānsù","name_local":"甘肅|甘肃","type":"Shěng","type_en":"Province","code_local":null,"code_hasc":"CN.GS","note":null,"hasc_maybe":null,"region":"Northwest China","region_cod":"6","provnum_ne":39,"gadm_level":1,"check_me":20,"datarank":1,"abbrev":null,"postal":"GS","area_sqkm":0,"sameascity":-99,"labelrank":2,"name_len":5,"mapcolor9":4,"mapcolor13":3,"fips":"CH15","fips_alt":null,"woe_id":12578005,"woe_label":"Gansu, CN, China","woe_name":"Gansu","latitude":38.7393,"longitude":100.735,"sov_a3":"CH1","adm0_a3":"CHN","adm0_label":2,"admin":"China","geonunit":"China","gu_a3":"CHN","gn_id":1810676,"gn_name":"Gansu Sheng","gns_id":-1906131,"gns_name":"Gansu Sheng","gn_level":1,"gn_region":null,"gn_a1_code":"CN.15","region_sub":"Western","sub_code":null,"gns_level":1,"gns_lang":"zho","gns_adm1":"CH15","gns_region":null,"min_label":4.6,"max_label":10.1,"min_zoom":4.6,"wikidataid":"Q42392","name_ar":"قانسو","name_bn":"কানসু","name_de":"Gansu","name_en":"Gansu","name_es":"Gansu","name_fr":"Gansu","name_el":"Κανσού","name_hi":"गांसू","name_hu":"Kanszu","name_id":"Gansu","name_it":"Gansu","name_ja":"甘粛省","name_ko":"간쑤성","name_nl":"Gansu","name_pl":"Gansu","name_pt":"Gansu","name_ru":"Ганьсу","name_sv":"Gansu","name_tr":"Kansu","name_vi":"Cam Túc","name_zh":"甘肃省","ne_id":1159310923,"name_he":"גאנסו","name_uk":"Ґаньсу","name_ur":"گانسو","name_fa":"گانسو","name_zht":"甘肅省","FCLASS_ISO":null,"FCLASS_US":null,"FCLASS_FR":null,"FCLASS_RU":null,"FCLASS_ES":null,"FCLASS_CN":null,"FCLASS_TW":null,"FCLASS_IN":null,"FCLASS_NP":null,"FCLASS_PK":null,"FCLASS_DE":null,"FCLASS_GB":null,"FCLASS_BR":null,"FCLASS_IL":null,"FCLASS_PS":null,"FCLASS_SA":null,"FCLASS_EG":null,"FCLASS_MA":null,"FCLASS_PT":null,"FCLASS_AR":null,"FCLASS_JP":null,"FCLASS_KO":null,"FCLASS_VN":null,"FCLASS_TR":null,"FCLASS_ID":null,"FCLASS_PL":null,"FCLASS_GR":null,"FCLASS_IT":null,"FCLASS_NL":null,"FCLASS_SE":null,"FCLASS_BD":null,"FCLASS_UA":null,"FCLASS_TLC":null}},
{"type":"Feature","geometry":{"type":"Polygon","coordinates":[[[87.816324,49.165837],[88.870627,49.436002],[89.633211,49.907939],[89.843643,50.42992],[89.052373,51.064584],[88.7357,51.559385],[87.861542,51.54936],[88.364767,52.168005],[87.92376,52.547594],[87.173212,52.611621],[85.939592,52.074987],[85.669944,51.753973],[84.017952,51.063834],[84.088597,50.634613],[84.249978,50.259931],[84.975774,50.075187],[85.263095,49.581523],[86.111519,49.520183],[86.610196,49.795515],[87.323796,49.085274],[87.816324,49.165837]]]},"properties":{"featurecla":"Admin-1 states provinces","scalerank":2,"adm1_code":"RUS-2400","diss_me":2400,"iso_3166_2":"RU-AL","wikipedia":null,"iso_a2":"RU","adm0_sr":1,"name":"Gorno-Altay","name_alt":"Gorno-Altayskaya A.Obl.|Respublika Altay|Oirot|Republic of Altai","name_local":"Республика Алтай","type":"Respublika","type_en":"Republic","code_local":null,"code_hasc":"RU.GA","note":null,"hasc_maybe":null,"region":"Siberian","region_cod":null,"provnum_ne":20055,"gadm_level":1,"check_me":20,"datarank":2,"abbrev":null,"postal":"GA","area_sqkm":0,"sameascity":7,"labelrank":7,"name_len":11,"mapcolor9":7,"mapcolor13":7,"fips":"RS03","fips_alt":null,"woe_id":20070530,"woe_label":"Altay, RU, Russia","woe_name":"Gorno-Altay","latitude":50.9782,"longitude":86.937,"sov_a3":"RUS","adm0_a3":"RUS","adm0_label":2,"admin":"Russia","geonunit":"Russia","gu_a3":"RUS","gn_id":1506272,"gn_name":"Respublika Altay","gns_id":-2911003,"gns_name":"Altay, Respublika","gn_level":1,"gn_region":null,"gn_a1_code":"RU.03","region_sub":"West Siberian","sub_code":null,"gns_level":1,"gns_lang":"rus","gns_adm1":"RS03","gns_region":null,"min_label":5,"max_label":10.2,"min_zoom":4.7,"wikidataid":"Q5971","name_ar":"جمهورية ألطاي","name_bn":"আলতাই প্রজাতন্ত্র","name_de":"Republik Altai","name_en":"Altai Republic","name_es":"Altái","name_fr":"république de l'Altaï","name_el":"Δημοκρατία των Αλτάι","name_hi":"अल्ताई गणराज्य","name_hu":"Altaj köztársaság","name_id":"Republik Altai","name_it":"Repubblica dell'Altaj","name_ja":"アルタイ共和国","name_ko":"알타이 공화국","name_nl":"Altaj","name_pl":"Republika Ałtaju","name_pt":"Altai","name_ru":"Республика Алтай","name_sv":"Altajrepubliken","name_tr":"Altay Cumhuriyeti","name_vi":"Cộng hòa Altai","name_zh":"阿尔泰共和国","ne_id":1159313241,"name_he":"אלטאי","name_uk":"Республіка Алтай","name_ur":"التائی جمہوریہ","name_fa":"جمهوری آلتایی","name_zht":"阿尔泰共和国","FCLASS_ISO":null,"FCLASS_US":null,"FCLASS_FR":null,"FCLASS_RU":null,"FCLASS_ES":null,"FCLASS_CN":null,"FCLASS_TW":null,"FCLASS_IN":null,"FCLASS_NP":null,"FCLASS_PK":null,"FCLASS_DE":null,"FCLASS_GB":null,"FCLASS_BR":null,"FCLASS_IL":null,"FCLASS_PS":null,"FCLASS_SA":null,"FCLASS_EG":null,"FCLASS_MA":null,"FCLASS_PT":null,"FCLASS_AR":null,"FCLASS_JP":null,"FCLASS_KO":null,"FCLASS_VN":null,"FCLASS_TR":null,"FCLASS_ID":null,"FCLASS_PL":null,"FCLASS_GR":null,"FCLASS_IT":null,"FCLASS_NL":null,"FCLASS_SE":null,"FCLASS_BD":null,"FCLASS_UA":null,"FCLASS_TLC":null}},
{"type":"Feature","geometry":{"type":"Polygon","coordinates":[[[12.960631,50.409234],[14.608338,50.853073],[14.810393,50.858447],[14.950648,51.396539],[14.70677,51.540828],[13.970341,51.359191],[13.061663,51.615093],[12.235357,51.56215],[12.264554,51.083756],[11.9053,50.415166],[12.101344,50.31398],[12.960631,50.409234]]]},"properties":{"featurecla":"Admin-1 states provinces","scalerank":3,"adm1_code":"DEU-1601","diss_me":1601,"iso_3166_2":"DE-SN","wikipedia":null,"iso_a2":"DE","adm0_sr":1,"name":"Sachsen","name_alt":"Saxony","name_local":null,"type":"Land","type_en":"State","code_local":null,"code_hasc":"DE.SN","note":null,"hasc_maybe":null,"region":null,"region_cod":null,"provnum_ne":13,"gadm_level":1,"check_me":20,"datarank":3,"abbrev":null,"postal":"SN","area_sqkm":0,"sameascity":-99,"labelrank":3,"name_len":7,"mapcolor9":5,"mapcolor13":1,"fips":"GM13","fips_alt":null,"woe_id":2345493,"woe_label":"Saxony, DE, Germany","woe_name":"Sachsen","latitude":51.0053,"longitude":13.4596,"sov_a3":"DEU","adm0_a3":"DEU","adm0_label":2,"admin":"Germany","geonunit":"Germany","gu_a3":"DEU","gn_id":2842566,"gn_name":"Freistaat Sachsen","gns_id":-1854402,"gns_name":"Sachsen","gn_level":1,"gn_region":null,"gn_a1_code":"DE.13","region_sub":null,"sub_code":null,"gns_level":1,"gns_lang":"zho","gns_adm1":"GM13","gns_region":null,"min_label":6.6,"max_label":11,"min_zoom":6.6,"wikidataid":"Q1202","name_ar":"سكسونيا","name_bn":"জাখসেন","name_de":"Sachsen","name_en":"Saxony","name_es":"Sajonia","name_fr":"Saxe","name_el":"Σαξονία","name_hi":"सैक्सोनी","name_hu":"Szászország","name_id":"Sachsen","name_it":"Sassonia","name_ja":"ザクセン州","name_ko":"작센","name_nl":"Saksen","name_pl":"Saksonia","name_pt":"Saxónia","name_ru":"Саксония","name_sv":"Sachsen","name_tr":"Saksonya","name_vi":"Sachsen","name_zh":"萨克森","ne_id":1159312773,"name_he":"סקסוניה","name_uk":"Саксонія","name_ur":"زاکسن","name_fa":"زاکسن","name_zht":"薩克森","FCLASS_ISO":null,"FCLASS_US":null,"FCLASS_FR":null,"FCLASS_RU":null,"FCLASS_ES":null,"FCLASS_CN":null,"FCLASS_TW":null,"FCLASS_IN":null,"FCLASS_NP":null,"FCLASS_PK":null,"FCLASS_DE":null,"FCLASS_GB":null,"FCLASS_BR":null,"FCLASS_IL":null,"FCLASS_PS":null,"FCLASS_SA":null,"FCLASS_EG":null,"FCLASS_MA":null,"FCLASS_PT":null,"FCLASS_AR":null,"FCLASS_JP":null,"FCLASS_KO":null,"FCLASS_VN":null,"FCLASS_TR":null,"FCLASS_ID":null,"FCLASS_PL":null,"FCLASS_GR":null,"FCLASS_IT":null,"FCLASS_NL":null,"FCLASS_SE":null,"FCLASS_BD":null,"FCLASS_UA":null,"FCLASS_TLC":null}},
{"type":"Feature","geometry":{"type":"Polygon","coordinates":[[[12.101344,50.31398],[11.9053,50.415166],[10.592408,50.322872],[10.055025,50.516503],[9.11069,49.575114],[10.127527,49.511448],[10.467351,48.914999],[9.980559,48.381337],[10.131403,47.687916],[9.554144,47.532743],[10.174951,47.272376],[11.620458,47.589654],[12.563375,47.641761],[12.848246,47.982389],[13.815725,48.76643],[13.522395,48.969342],[12.797751,49.327843],[12.524072,49.904965],[12.101344,50.31398]]]},"properties":{"featurecla":"Admin-1 states provinces","scalerank":3,"adm1_code":"DEU-1591","diss_me":1591,"iso_3166_2":"DE-BY","wikipedia":null,"iso_a2":"DE","adm0_sr":1,"name":"Bayern","name_alt":"Bavaria","name_local":null,"type":"Land","type_en":"State","code_local":null,"code_hasc":"DE.BY","note":null,"hasc_maybe":"DE.TH|DEU-BYR","region":null,"region_cod":null,"provnum_ne":14,"gadm_level":1,"check_me":20,"datarank":3,"abbrev":null,"postal":"BY","area_sqkm":0,"sameascity":-99,"labelrank":3,"name_len":6,"mapcolor9":5,"mapcolor13":1,"fips":"GM02","fips_alt":"GM15","woe_id":2345482,"woe_label":"Bavaria, DE, Germany","woe_name":"Bayern","latitude":49.0056,"longitude":11.3966,"sov_a3":"DEU","adm0_a3":"DEU","adm0_label":2,"admin":"Germany","geonunit":"Germany","gu_a3":"DEU","gn_id":2951839,"gn_name":"Freistaat Bayern","gns_id":-1744755,"gns_name":"Bayern","gn_level":1,"gn_region":null,"gn_a1_code":"DE.02","region_sub":null,"sub_code":null,"gns_level":1,"gns_lang":"zho","gns_adm1":"GM02","gns_region":null,"min_label":6.6,"max_label":11,"min_zoom":6.6,"wikidataid":"Q980","name_ar":"بافاريا","name_bn":"বায়ার্ন","name_de":"Bayern","name_en":"Bavaria","name_es":"Baviera","name_fr":"Bavière","name_el":"Βαυαρία","name_hi":"बायर्न","name_hu":"Bajorország","name_id":"Bayern","name_it":"Baviera","name_ja":"バイエルン自由州","name_ko":"바이에른","name_nl":"Beieren","name_pl":"Bawaria","name_pt":"Baviera","name_ru":"Бавария","name_sv":"Bayern","name_tr":"Bavyera","name_vi":"Bayern","name_zh":"巴伐利亚","ne_id":1159312767,"name_he":"בוואריה","name_uk":"Баварія","name_ur":"بواریا","name_fa":"بایرن","name_zht":"巴伐利亞","FCLASS_ISO":null,"FCLASS_US":null,"FCLASS_FR":null,"FCLASS_RU":null,"FCLASS_ES":null,"FCLASS_CN":null,"FCLASS_TW":null,"FCLASS_IN":null,"FCLASS_NP":null,"FCLASS_PK":null,"FCLASS_DE":null,"FCLASS_GB":null,"FCLASS_BR":null,"FCLASS_IL":null,"FCLASS_PS":null,"FCLASS_SA":null,"FCLASS_EG":null,"FCLASS_MA":null,"FCLASS_PT":null,"FCLASS_AR":null,"FCLASS_JP":null,"FCLASS_KO":null,"FCLASS_VN":null,"FCLASS_TR":null,"FCLASS_ID":null,"FCLASS_PL":null,"FCLASS_GR":null,"FCLASS_IT":null,"FCLASS_NL":null,"FCLASS_SE":null,"FCLASS_BD":null,"FCLASS_UA":null,"FCLASS_TLC":null}},
{"type":"Feature","geometry":{"type":"Polygon","coordinates":[[[27.694409,57.356375],[27.745779,57.031455],[27.644379,56.841772],[27.865461,56.742687],[28.093251,56.501591],[28.167872,56.427125],[28.148907,56.142414],[30.217773,55.855145],[30.907122,55.57777],[31.467361,55.729002],[31.491546,56.301292],[31.000103,56.965205],[30.529951,57.886596],[29.975049,58.44465],[28.131027,58.990146],[27.695889,58.977183],[27.446269,58.818867],[27.428849,58.709403],[27.519585,58.19451],[27.556343,57.813087],[27.352935,57.527601],[27.694409,57.356375]]]},"properties":{"featurecla":"Admin-1 states provinces","scalerank":2,"adm1_code":"RUS-2335","diss_me":2335,"iso_3166_2":"RU-PSK","wikipedia":null,"iso_a2":"RU","adm0_sr":1,"name":"Pskov","name_alt":"Pskovskaya Oblast","name_local":"Псковская область","type":"Oblast","type_en":"Region","code_local":null,"code_hasc":"RU.PS","note":null,"hasc_maybe":null,"region":"Northwestern","region_cod":null,"provnum_ne":20043,"gadm_level":1,"check_me":20,"datarank":2,"abbrev":null,"postal":"PS","area_sqkm":0,"sameascity":6,"labelrank":6,"name_len":5,"mapcolor9":7,"mapcolor13":7,"fips":"RS60","fips_alt":null,"woe_id":2346920,"woe_label":"Pskovskaya Oblast, RU, Russia","woe_name":"Pskov","latitude":57.2449,"longitude":29.1229,"sov_a3":"RUS","adm0_a3":"RUS","adm0_label":2,"admin":"Russia","geonunit":"Russia","gu_a3":"RUS","gn_id":504338,"gn_name":"Pskovskaya Oblast'","gns_id":-2989172,"gns_name":"Pskovskaya Oblast'","gn_level":1,"gn_region":null,"gn_a1_code":"RU.60","region_sub":"Northwestern","sub_code":null,"gns_level":1,"gns_lang":"fas","gns_adm1":"RS60","gns_region":null,"min_label":5,"max_label":10.2,"min_zoom":4.7,"wikidataid":"Q2218","name_ar":"بسكوف أوبلاست","name_bn":"পেস্কোভ ওব্লাস্ট","name_de":"Pskow","name_en":"Pskov","name_es":"Pskov","name_fr":"Pskov","name_el":"Όμπλαστ του Πσκοφ","name_hi":"प्सकोव ओब्लास्ट","name_hu":"Pszkovi terület","name_id":"Pskov","name_it":"Pskov","name_ja":"プスコフ州","name_ko":"프스코프","name_nl":"Pskov","name_pl":"pskowski","name_pt":"Pskov","name_ru":"Псковская область","name_sv":"Pskov","name_tr":"Pskov Oblastı","name_vi":"Pskov","name_zh":"普斯科夫州","ne_id":1159313151,"name_he":"מחוז פסקוב","name_uk":"Псковська область","name_ur":"پسکوف اوبلاست","name_fa":"استان پسکوف","name_zht":"普斯科夫州","FCLASS_ISO":null,"FCLASS_US":null,"FCLASS_FR":null,"FCLASS_RU":null,"FCLASS_ES":null,"FCLASS_CN":null,"FCLASS_TW":null,"FCLASS_IN":null,"FCLASS_NP":null,"FCLASS_PK":null,"FCLASS_DE":null,"FCLASS_GB":null,"FCLASS_BR":null,"FCLASS_IL":null,"FCLASS_PS":null,"FCLASS_SA":null,"FCLASS_EG":null,"FCLASS_MA":null,"FCLASS_PT":null,"FCLASS_AR":null,"FCLASS_JP":null,"FCLASS_KO":null,"FCLASS_VN":null,"FCLASS_TR":null,"FCLASS_ID":null,"FCLASS_PL":null,"FCLASS_GR":null,"FCLASS_IT":null,"FCLASS_NL":null,"FCLASS_SE":null,"FCLASS_BD":null,"FCLASS_UA":null,"FCLASS_TLC":null}},
{"type":"Feature","geometry":{"type":"Polygon","coordinates":[[[6.117487,50.120456],[6.295568,49.848616],[6.348809,49.52529],[7.267546,49.578499],[7.371634,49.166174],[7.644932,49.036295],[8.199892,48.95825],[8.41683,49.579455],[8.13447,50.684038],[7.770461,50.854881],[6.3734,50.32308],[6.117487,50.120456]]]},"properties":{"featurecla":"Admin-1 states provinces","scalerank":3,"adm1_code":"DEU-1580","diss_me":1580,"iso_3166_2":"DE-RP","wikipedia":null,"iso_a2":"DE","adm0_sr":1,"name":"Rheinland-Pfalz","name_alt":"Rhineland-Palatinate","name_local":null,"type":"Land","type_en":"State","code_local":null,"code_hasc":"DE.RP","note":null,"hasc_maybe":null,"region":null,"region_cod":null,"provnum_ne":16,"gadm_level":1,"check_me":20,"datarank":3,"abbrev":null,"postal":"RP","area_sqkm":0,"sameascity":-99,"labelrank":3,"name_len":15,"mapcolor9":5,"mapcolor13":1,"fips":"GM08","fips_alt":null,"woe_id":2345488,"woe_label":"Rhineland-Palatinate, DE, Germany","woe_name":"Rheinland-Pfalz","latitude":49.8685,"longitude":7.36974,"sov_a3":"DEU","adm0_a3":"DEU","adm0_label":2,"admin":"Germany","geonunit":"Germany","gu_a3":"DEU","gn_id":2847618,"gn_name":"Rheinland-Pfalz","gns_id":-1849325,"gns_name":"Rheinland-Pfalz","gn_level":1,"gn_region":null,"gn_a1_code":"DE.08","region_sub":null,"sub_code":null,"gns_level":1,"gns_lang":"zho","gns_adm1":"GM08","gns_region":null,"min_label":6.6,"max_label":11,"min_zoom":6.6,"wikidataid":"Q1200","name_ar":"راينلند بالاتينات","name_bn":"রাইনলান্ড-ফালৎস","name_de":"Rheinland-Pfalz","name_en":"Rhineland-Palatinate","name_es":"Renania-Palatinado","name_fr":"Rhénanie-Palatinat","name_el":"Ρηνανία-Παλατινάτο","name_hi":"राइनलैन्ड","name_hu":"Rajna-vidék–Pfalz","name_id":"Rheinland-Pfalz","name_it":"Renania-Palatinato","name_ja":"ラインラント＝プファルツ州","name_ko":"라인란트팔츠","name_nl":"Rijnland-Palts","name_pl":"Nadrenia-Palatynat","name_pt":"Renânia-Palatinado","name_ru":"Рейнланд-Пфальц","name_sv":"Rheinland-Pfalz","name_tr":"Renanya-Palatina","name_vi":"Rheinland-Pfalz","name_zh":"莱茵兰－普法尔茨","ne_id":1159312763,"name_he":"ריינלנד-פפאלץ","name_uk":"Рейнланд-Пфальц","name_ur":"رائن لینڈ-پلاتینیت","name_fa":"راینلاند-فالتس","name_zht":"萊因蘭-法爾茲","FCLASS_ISO":null,"FCLASS_US":null,"FCLASS_FR":null,"FCLASS_RU":null,"FCLASS_ES":null,"FCLASS_CN":null,"FCLASS_TW":null,"FCLASS_IN":null,"FCLASS_NP":null,"FCLASS_PK":null,"FCLASS_DE":null,"FCLASS_GB":null,"FCLASS_BR":null,"FCLASS_IL":null,"FCLASS_PS":null,"FCLASS_SA":null,"FCLASS_EG":null,"FCLASS_MA":null,"FCLASS_PT":null,"FCLASS_AR":null,"FCLASS_JP":null,"FCLASS_KO":null,"FCLASS_VN":null,"FCLASS_TR":null,"FCLASS_ID":null,"FCLASS_PL":null,"FCLASS_GR":null,"FCLASS_IT":null,"FCLASS_NL":null,"FCLASS_SE":null,"FCLASS_BD":null,"FCLASS_UA":null,"FCLASS_TLC":null}},
{"type":"Feature","geometry":{"type":"Polygon","coordinates":[[[6.345307,49.455349],[7.371634,49.166174],[7.267546,49.578499],[6.348809,49.52529],[6.345307,49.455349]]]},"properties":{"featurecla":"Admin-1 states provinces","scalerank":3,"adm1_code":"DEU-1581","diss_me":1581,"iso_3166_2":"DE-SL","wikipedia":null,"iso_a2":"DE","adm0_sr":1,"name":"Saarland","name_alt":null,"name_local":null,"type":"Land","type_en":"State","code_local":null,"code_hasc":"DE.SL","note":null,"hasc_maybe":null,"region":null,"region_cod":null,"provnum_ne":12,"gadm_level":1,"check_me":20,"datarank":3,"abbrev":null,"postal":"SL","area_sqkm":0,"sameascity":-99,"labelrank":3,"name_len":8,"mapcolor9":5,"mapcolor13":1,"fips":"GM09","fips_alt":null,"woe_id":2345489,"woe_label":"Saarland, DE, Germany","woe_name":"Saarland","latitude":49.4026,"longitude":6.86625,"sov_a3":"DEU","adm0_a3":"DEU","adm0_label":2,"admin":"Germany","geonunit":"Germany","gu_a3":"DEU","gn_id":2842635,"gn_name":"Saarland","gns_id":-1854333,"gns_name":"Saarland","gn_level":1,"gn_region":null,"gn_a1_code":"DE.09","region_sub":null,"sub_code":null,"gns_level":1,"gns_lang":"zho","gns_adm1":"GM09","gns_region":null,"min_label":6.6,"max_label":11,"min_zoom":6.6,"wikidataid":"Q1201","name_ar":"سارلاند","name_bn":"জারলান্ড","name_de":"Saarland","name_en":"Saarland","name_es":"Sarre","name_fr":"Sarre","name_el":"Σάαρλαντ","name_hi":"सारलैंड","name_hu":"Saar-vidék","name_id":"Saarland","name_it":"Saarland","name_ja":"ザールラント州","name_ko":"자를란트","name_nl":"Saarland","name_pl":"Saara","name_pt":"Sarre","name_ru":"Саар","name_sv":"Saarland","name_tr":"Saarland","name_vi":"Saarland","name_zh":"萨尔","ne_id":1159312765,"name_he":"חבל הסאר","name_uk":"Саарланд","name_ur":"سارلنڈ","name_fa":"زارلند","name_zht":"薩爾","FCLASS_ISO":null,"FCLASS_US":null,"FCLASS_FR":null,"FCLASS_RU":null,"FCLASS_ES":null,"FCLASS_CN":null,"FCLASS_TW":null,"FCLASS_IN":null,"FCLASS_NP":null,"FCLASS_PK":null,"FCLASS_DE":null,"FCLASS_GB":null,"FCLASS_BR":null,"FCLASS_IL":null,"FCLASS_PS":null,"FCLASS_SA":null,"FCLASS_EG":null,"FCLASS_MA":null,"FCLASS_PT":null,"FCLASS_AR":null,"FCLASS_JP":null,"FCLASS_KO":null,"FCLASS_VN":null,"FCLASS_TR":null,"FCLASS_ID":null,"FCLASS_PL":null,"FCLASS_GR":null,"FCLASS_IT":null,"FCLASS_NL":null,"FCLASS_SE":null,"FCLASS_BD":null,"FCLASS_UA":null,"FCLASS_TLC":null}},
{"type":"Feature","geometry":{"type":"Polygon","coordinates":[[[39.985976,43.38899],[40.689966,43.523129],[40.985437,44.11555],[41.729371,44.458553],[41.651029,44.89664],[41.03825,45.21817],[41.162377,45.953552],[40.339481,46.279889],[40.023428,46.764846],[38.673527,46.862955],[37.852224,46.622504],[38.300059,46.218655],[37.158946,45.326077],[37.478282,44.677191],[38.978282,44.148261],[39.985976,43.38899]],[[39.751507,45.126548],[40.393638,44.725255],[40.455236,43.981011],[39.729699,43.917991],[40.019811,44.723834],[39.751507,45.126548]]]},"properties":{"featurecla":"Admin-1 states provinces","scalerank":2,"adm1_code":"RUS-2371","diss_me":2371,"iso_3166_2":"RU-KDA","wikipedia":null,"iso_a2":"RU","adm0_sr":1,"name":"Krasnodar","name_alt":"Cossacks of the Black Sea|Kuban|Kubanskaya|Yekaterinodar|Krasnodarskiy Kray","name_local":"Краснодарский край","type":"Kray","type_en":"Territory","code_local":null,"code_hasc":"RU.KD","note":null,"hasc_maybe":"RU.AD|RUS-KSN","region":"Volga","region_cod":null,"provnum_ne":20047,"gadm_level":1,"check_me":20,"datarank":2,"abbrev":null,"postal":"KD","area_sqkm":0,"sameascity":6,"labelrank":6,"name_len":9,"mapcolor9":7,"mapcolor13":7,"fips":"RS38","fips_alt":"RS01","woe_id":2346884,"woe_label":"Krasnodarskiy Kray, RU, Russia","woe_name":"Krasnodar","latitude":45.8397,"longitude":39.4688,"sov_a3":"RUS","adm0_a3":"RUS","adm0_label":2,"admin":"Russia","geonunit":"Russia","gu_a3":"RUS","gn_id":542415,"gn_name":"Krasnodarskiy Kray","gns_id":-2936269,"gns_name":"Krasnodarskiy Kray","gn_level":1,"gn_region":null,"gn_a1_code":"RU.38","region_sub":"North Caucasus","sub_code":null,"gns_level":1,"gns_lang":"rus","gns_adm1":"RS38","gns_region":null,"min_label":5,"max_label":10.2,"min_zoom":4.7,"wikidataid":"Q3680","name_ar":"كراسنودار كراي","name_bn":"কারস্নুদার কারি","name_de":"Krasnodar","name_en":"Krasnodar Krai","name_es":"Krai de Krasnodar","name_fr":"Krasnodar","name_el":"Κράι Κρασνοντάρ","name_hi":"क्रास्नोदार क्राय","name_hu":"Krasznodari határterület","name_id":"Krai Krasnodar","name_it":"Territorio di Krasnodar","name_ja":"クラスノダール地方","name_ko":"크라스노다르 지방","name_nl":"Kraj Krasnodar","name_pl":"Kraj Krasnodarski","name_pt":"Krai de Krasnodar","name_ru":"Краснодарский край","name_sv":"Krasnodar kraj","name_tr":"Krasnodar Krayı","name_vi":"Krasnodar","name_zh":"克拉斯诺达尔边疆区","ne_id":1159313179,"name_he":"מחוז קרסנודאר","name_uk":"Краснодарський край","name_ur":"کریسنوڈار کرائی","name_fa":"سرزمین کراسنودار","name_zht":"克拉斯诺达尔边疆区","FCLASS_ISO":null,"FCLASS_US":null,"FCLASS_FR":null,"FCLASS_RU":null,"FCLASS_ES":null,"FCLASS_CN":null,"FCLASS_TW":null,"FCLASS_IN":null,"FCLASS_NP":null,"FCLASS_PK":null,"FCLASS_DE":null,"FCLASS_GB":null,"FCLASS_BR":null,"FCLASS_IL":null,"FCLASS_PS":null,"FCLASS_SA":null,"FCLASS_EG":null,"FCLASS_MA":null,"FCLASS_PT":null,"FCLASS_AR":null,"FCLASS_JP":null,"FCLASS_KO":null,"FCLASS_VN":null,"FCLASS_TR":null,"FCLASS_ID":null,"FCLASS_PL":null,"FCLASS_GR":null,"FCLASS_IT":null,"FCLASS_NL":null,"FCLASS_SE":null,"FCLASS_BD":null,"FCLASS_UA":null,"FCLASS_TLC":null}},
{"type":"Feature","geometry":{"type":"Polygon","coordinates":[[[40.689966,43.523129],[41.550569,43.226277],[42.154334,43.217498],[42.36256,43.235194],[42.683214,43.807171],[41.729371,44.458553],[40.985437,44.11555],[40.689966,43.523129]]]},"properties":{"featurecla":"Admin-1 states provinces","scalerank":2,"adm1_code":"RUS-2280","diss_me":2280,"iso_3166_2":"RU-KC","wikipedia":null,"iso_a2":"RU","adm0_sr":1,"name":"Karachay-Cherkess","name_alt":"Karaçay-Çerkes|Karachay-Cherkessiya|Karachayevo-Cherkesskaya Respublika|Karachayevo-Cherkessiya|Karachayevo-Cherkess Republic|K","name_local":"Карачаево-Черкессия Республика","type":"Respublika","type_en":"Republic","code_local":null,"code_hasc":"RU.KC","note":null,"hasc_maybe":null,"region":"Volga","region_cod":null,"provnum_ne":20046,"gadm_level":1,"check_me":20,"datarank":2,"abbrev":null,"postal":"KC","area_sqkm":0,"sameascity":-99,"labelrank":2,"name_len":17,"mapcolor9":7,"mapcolor13":7,"fips":"RS27","fips_alt":"RS27","woe_id":20070522,"woe_label":"Karachayevo-Cherkesiya, RU, Russia","woe_name":"Karachay-Cherkess","latitude":43.7073,"longitude":41.6866,"sov_a3":"RUS","adm0_a3":"RUS","adm0_label":2,"admin":"Russia","geonunit":"Russia","gu_a3":"RUS","gn_id":552927,"gn_name":"Karachayevo-Cherkesskaya Respublika","gns_id":-2920821,"gns_name":"Karachayevo-Cherkesskaya Respublika","gn_level":1,"gn_region":null,"gn_a1_code":"RU.27","region_sub":"North Caucasus","sub_code":null,"gns_level":1,"gns_lang":"rus","gns_adm1":"RS27","gns_region":null,"min_label":5,"max_label":10.2,"min_zoom":4.7,"wikidataid":"Q5328","name_ar":"قراتشاي - تشيركيسيا","name_bn":"কারাকায় চেরকিস রিপাবলিক","name_de":"Karatschai-Tscherkessien","name_en":"Karachay-Cherkess Republic","name_es":"Karacháyevo-Cherkesia","name_fr":"Karatchaïévo-Tcherkessie","name_el":"Δημοκρατία των Καρατσάι - Τσερκεσίων","name_hi":"काराचाए-चरकस्सिया","name_hu":"Karacsáj- és Cserkeszföld","name_id":"Karachay-Cherkessia","name_it":"Karačaj-Circassia","name_ja":"カラチャイ・チェルケス共和国","name_ko":"카라차예보체르케스카야 공화국","name_nl":"Karatsjaj-Tsjerkessië","name_pl":"Karaczajo-Czerkiesja","name_pt":"Carachai-Circássia","name_ru":"Карачаево-Черкесия","name_sv":"Karatjajen-Tjerkessien","name_tr":"Karaçay-Çerkesya","name_vi":"Karachay-Cherkessia","name_zh":"卡拉恰伊-切尔克斯共和国","ne_id":1159313141,"name_he":"קאראצ'אי-צ'רקסיה","name_uk":"Карачаєво-Черкесія","name_ur":"کراچائے-چرکیسیا","name_fa":"قرهچای و چرکس","name_zht":"卡拉恰伊-切尔克斯共和国","FCLASS_ISO":null,"FCLASS_US":null,"FCLASS_FR":null,"FCLASS_RU":null,"FCLASS_ES":null,"FCLASS_CN":null,"FCLASS_TW":null,"FCLASS_IN":null,"FCLASS_NP":null,"FCLASS_PK":null,"FCLASS_DE":null,"FCLASS_GB":null,"FCLASS_BR":null,"FCLASS_IL":null,"FCLASS_PS":null,"FCLASS_SA":null,"FCLASS_EG":null,"FCLASS_MA":null,"FCLASS_PT":null,"FCLASS_AR":null,"FCLASS_JP":null,"FCLASS_KO":null,"FCLASS_VN":null,"FCLASS_TR":null,"FCLASS_ID":null,"FCLASS_PL":null,"FCLASS_GR":null,"FCLASS_IT":null,"FCLASS_NL":null,"FCLASS_SE":null,"FCLASS_BD":null,"FCLASS_UA":null,"FCLASS_TLC":null}},
{"type":"Feature","geometry":{"type":"Polygon","coordinates":[[[42.36256,43.235194],[43.175228,42.934471],[43.386178,42.886882],[44.379751,43.490214],[44.284873,43.81885],[42.683214,43.807171],[42.36256,43.235194]]]},"properties":{"featurecla":"Admin-1 states provinces","scalerank":2,"adm1_code":"RUS-2304","diss_me":2304,"iso_3166_2":"RU-KB","wikipedia":null,"iso_a2":"RU","adm0_sr":1,"name":"Kabardin-Balkar","name_alt":"Kabardin A.S.S.R.|Kabardino-Balkarskaya A.S.S.R.|Kabardino-Balkariya|Kabardino-Balkarsk|Kabard|Kabardino-Balkarskaya Republic","name_local":"Кабардино-Балкарская Республика","type":"Respublika","type_en":"Republic","code_local":null,"code_hasc":"RU.KB","note":null,"hasc_maybe":null,"region":"Volga","region_cod":null,"provnum_ne":20039,"gadm_level":1,"check_me":20,"datarank":2,"abbrev":null,"postal":"KB","area_sqkm":0,"sameascity":-99,"labelrank":2,"name_len":15,"mapcolor9":7,"mapcolor13":7,"fips":"RS22","fips_alt":null,"woe_id":2346871,"woe_label":"Kabardino-Balkariya, RU, Russia","woe_name":"Kabardin-Balkar","latitude":43.3757,"longitude":43.3982,"sov_a3":"RUS","adm0_a3":"RUS","adm0_label":2,"admin":"Russia","geonunit":"Russia","gu_a3":"RUS","gn_id":554667,"gn_name":"Kabardino-Balkarskaya Respublika","gns_id":-2918183,"gns_name":"Kabardino-Balkarskaya Respublika","gn_level":1,"gn_region":null,"gn_a1_code":"RU.22","region_sub":"North Caucasus","sub_code":null,"gns_level":1,"gns_lang":"rus","gns_adm1":"RS22","gns_region":null,"min_label":5,"max_label":10.2,"min_zoom":4.7,"wikidataid":"Q5267","name_ar":"قبردينو - بلقاريا","name_bn":"কাবার্ডিনো-বল্কার রিপাবলিক","name_de":"Kabardino-Balkarien","name_en":"Kabardino-Balkaria","name_es":"Kabardia-Balkaria","name_fr":"Kabardino-Balkarie","name_el":"Δημοκρατία της Καμπαρντίνο - Μπαλκάρια","name_hi":"काबारदीनो-बल्कारिया","name_hu":"Kabard- és Balkárföld","name_id":"Kabardino-Balkaria","name_it":"Cabardino-Balcaria","name_ja":"カバルダ・バルカル共和国","name_ko":"카바르디노발카르 공화국","name_nl":"Kabardië-Balkarië","name_pl":"Kabardo-Bałkaria","name_pt":"Cabárdia-Balcária","name_ru":"Кабардино-Балкария","name_sv":"Kabardinien-Balkarien","name_tr":"Kabardino-Balkarya","name_vi":"Kabardino-Balkaria","name_zh":"卡巴尔达-巴尔卡尔共和国","ne_id":1159313143,"name_he":"קברדינו-בלקריה","name_uk":"Кабардино-Балкарія","name_ur":"کباردینو-بالکاریا جمہوریہ","name_fa":"کاباردینو-بالکاریا","name_zht":"卡巴爾達-巴爾卡爾共和國","FCLASS_ISO":null,"FCLASS_US":null,"FCLASS_FR":null,"FCLASS_RU":null,"FCLASS_ES":null,"FCLASS_CN":null,"FCLASS_TW":null,"FCLASS_IN":null,"FCLASS_NP":null,"FCLASS_PK":null,"FCLASS_DE":null,"FCLASS_GB":null,"FCLASS_BR":null,"FCLASS_IL":null,"FCLASS_PS":null,"FCLASS_SA":null,"FCLASS_EG":null,"FCLASS_MA":null,"FCLASS_PT":null,"FCLASS_AR":null,"FCLASS_JP":null,"FCLASS_KO":null,"FCLASS_VN":null,"FCLASS_TR":null,"FCLASS_ID":null,"FCLASS_PL":null,"FCLASS_GR":null,"FCLASS_IT":null,"FCLASS_NL":null,"FCLASS_SE":null,"FCLASS_BD":null,"FCLASS_UA":null,"FCLASS_TLC":null}},
{"type":"Feature","geometry":{"type":"Polygon","coordinates":[[[43.908152,42.566213],[44.185803,42.626508],[44.638759,42.740149],[44.838535,43.58411],[44.838741,43.661056],[44.284873,43.81885],[44.379751,43.490214],[43.386178,42.886882],[43.908152,42.566213]]]},"properties":{"featurecla":"Admin-1 states provinces","scalerank":2,"adm1_code":"RUS-2305","diss_me":2305,"iso_3166_2":"RU-SE","wikipedia":null,"iso_a2":"RU","adm0_sr":1,"name":"North Ossetia","name_alt":"Kuzey Osetya|Respublika Severnaya Osetiya|Severnaya Osetiya-Alaniya|North Ossetian A.S.S.R.|Republic of North Osetia-Alania","name_local":"Республика Северная Осетия-Алания","type":"Respublika","type_en":"Republic","code_local":null,"code_hasc":"RU.NO","note":null,"hasc_maybe":null,"region":"Volga","region_cod":null,"provnum_ne":20040,"gadm_level":1,"check_me":20,"datarank":2,"abbrev":null,"postal":"NO","area_sqkm":0,"sameascity":-99,"labelrank":2,"name_len":13,"mapcolor9":7,"mapcolor13":7,"fips":"RS68","fips_alt":null,"woe_id":2346877,"woe_label":null,"woe_name":null,"latitude":42.9969,"longitude":44.1653,"sov_a3":"RUS","adm0_a3":"RUS","adm0_label":2,"admin":"Russia","geonunit":"Russia","gu_a3":"RUS","gn_id":519969,"gn_name":"North Ossetia","gns_id":-2967729,"gns_name":"Severnaya Osetiya-Alaniya, Respublika","gn_level":1,"gn_region":null,"gn_a1_code":"RU.68","region_sub":"North Caucasus","sub_code":null,"gns_level":1,"gns_lang":"rus","gns_adm1":"RS68","gns_region":null,"min_label":5,"max_label":10.2,"min_zoom":4.7,"wikidataid":"Q5237","name_ar":"أوسيتيا الشمالية-ألانيا","name_bn":"উত্তর ওশেতিয়া-আলানিয়া","name_de":"Nordossetien-Alanien","name_en":"Republic of North Ossetia-Alania","name_es":"Osetia del Norte - Alania","name_fr":"Ossétie du Nord-Alanie","name_el":"Δημοκρατία της Βόρειας Οσετίας - Αλανίας","name_hi":"उत्तर ओसेतिया-आलानिया","name_hu":"Észak-Oszétia","name_id":"Ossetia Utara-Alania","name_it":"Ossezia Settentrionale-Alania","name_ja":"北オセチア共和国","name_ko":"세베로오세티야 공화국","name_nl":"Noord-Ossetië","name_pl":"Osetia Północna","name_pt":"Ossétia do Norte-Alânia","name_ru":"Республика Северная Осетия-Алания","name_sv":"Nordossetien","name_tr":"Kuzey Osetya-Alanya","name_vi":"Bắc Osetiya-Alaniya","name_zh":"北奥塞梯-阿兰共和国","ne_id":1159313145,"name_he":"צפון אוסטיה - אלניה","name_uk":"Північна Осетія","name_ur":"شمالی اوسیشیا-الانیا","name_fa":"اوستیای شمالی-آلانیا","name_zht":"北奧塞提亞-阿蘭共和國","FCLASS_ISO":null,"FCLASS_US":null,"FCLASS_FR":null,"FCLASS_RU":null,"FCLASS_ES":null,"FCLASS_CN":null,"FCLASS_TW":null,"FCLASS_IN":null,"FCLASS_NP":null,"FCLASS_PK":null,"FCLASS_DE":null,"FCLASS_GB":null,"FCLASS_BR":null,"FCLASS_IL":null,"FCLASS_PS":null,"FCLASS_SA":null,"FCLASS_EG":null,"FCLASS_MA":null,"FCLASS_PT":null,"FCLASS_AR":null,"FCLASS_JP":null,"FCLASS_KO":null,"FCLASS_VN":null,"FCLASS_TR":null,"FCLASS_ID":null,"FCLASS_PL":null,"FCLASS_GR":null,"FCLASS_IT":null,"FCLASS_NL":null,"FCLASS_SE":null,"FCLASS_BD":null,"FCLASS_UA":null,"FCLASS_TLC":null}},
{"type":"Feature","geometry":{"type":"Polygon","coordinates":[[[44.638759,42.740149],[45.076018,42.691412],[44.838535,43.58411],[44.638759,42.740149]]]},"properties":{"featurecla":"Admin-1 states provinces","scalerank":2,"adm1_code":"RUS-2303","diss_me":2303,"iso_3166_2":"RU-IN","wikipedia":null,"iso_a2":"RU","adm0_sr":1,"name":"Ingush","name_alt":"Ingouchie|Inguchétia|Inguschetien|Ingushetia|Ingushetiya|Ingush Republic|Ingushskaya Respublika|Respublika Ingushetiya","name_local":"Респу́блика Ингуше́тия","type":"Respublika","type_en":"Republic","code_local":null,"code_hasc":"RU.IN","note":null,"hasc_maybe":null,"region":"Volga","region_cod":null,"provnum_ne":20037,"gadm_level":1,"check_me":20,"datarank":2,"abbrev":null,"postal":"IN","area_sqkm":0,"sameascity":-99,"labelrank":2,"name_len":6,"mapcolor9":7,"mapcolor13":7,"fips":"RS19","fips_alt":null,"woe_id":20070521,"woe_label":"Ingushetiya, RU, Russia","woe_name":"Ingush","latitude":43.3661,"longitude":44.8468,"sov_a3":"RUS","adm0_a3":"RUS","adm0_label":2,"admin":"Russia","geonunit":"Russia","gu_a3":"RUS","gn_id":556349,"gn_name":"Respublika Ingushetiya","gns_id":-2915754,"gns_name":"Ingushetiya, Respublika","gn_level":1,"gn_region":null,"gn_a1_code":"RU.19","region_sub":"North Caucasus","sub_code":null,"gns_level":1,"gns_lang":"rus","gns_adm1":"RS19","gns_region":null,"min_label":5,"max_label":10.2,"min_zoom":4.7,"wikidataid":"Q5219","name_ar":"إنغوشيتيا","name_bn":"ইঙ্গুশেতিয়া","name_de":"Inguschetien","name_en":"Republic of Ingushetia","name_es":"Ingusetia","name_fr":"Ingouchie","name_el":"Δημοκρατία της Ινγκουσετίας","name_hi":"इन्गुशेतिया","name_hu":"Ingusföld","name_id":"Ingushetia","name_it":"Inguscezia","name_ja":"イングーシ共和国","name_ko":"인구시 공화국","name_nl":"Ingoesjetië","name_pl":"Inguszetia","name_pt":"Inguchétia","name_ru":"Ингушетия","name_sv":"Ingusjien","name_tr":"İnguşetya","name_vi":"Ingushetiya","name_zh":"印古什共和国","ne_id":1159313119,"name_he":"אינגושטיה","name_uk":"Інгушетія","name_ur":"انگوشتیا","name_fa":"اینگوشتیا","name_zht":"印古什共和国","FCLASS_ISO":null,"FCLASS_US":null,"FCLASS_FR":null,"FCLASS_RU":null,"FCLASS_ES":null,"FCLASS_CN":null,"FCLASS_TW":null,"FCLASS_IN":null,"FCLASS_NP":null,"FCLASS_PK":null,"FCLASS_DE":null,"FCLASS_GB":null,"FCLASS_BR":null,"FCLASS_IL":null,"FCLASS_PS":null,"FCLASS_SA":null,"FCLASS_EG":null,"FCLASS_MA":null,"FCLASS_PT":null,"FCLASS_AR":null,"FCLASS_JP":null,"FCLASS_KO":null,"FCLASS_VN":null,"FCLASS_TR":null,"FCLASS_ID":null,"FCLASS_PL":null,"FCLASS_GR":null,"FCLASS_IT":null,"FCLASS_NL":null,"FCLASS_SE":null,"FCLASS_BD":null,"FCLASS_UA":null,"FCLASS_TLC":null}},
{"type":"Feature","geometry":{"type":"Polygon","coordinates":[[[45.301571,42.559842],[45.739506,42.470647],[46.533522,42.961176],[46.349347,43.997728],[45.509398,44.015195],[44.838741,43.661056],[44.838535,43.58411],[45.076018,42.691412],[45.301571,42.559842]]]},"properties":{"featurecla":"Admin-1 states provinces","scalerank":2,"adm1_code":"RUS-2416","diss_me":2416,"iso_3166_2":"RU-CE","wikipedia":null,"iso_a2":"RU","adm0_sr":1,"name":"Chechnya","name_alt":"Cecenia|Chechenia|Chechênia|Tchetchnia|Chechen-Ingush A.S.S.R.|Checheno-Ingushetia|Checheno-Ingushetia","name_local":"Республика Чечено-Ингушская","type":"Respublika","type_en":"Republic","code_local":null,"code_hasc":"RU.CN","note":null,"hasc_maybe":null,"region":"Volga","region_cod":null,"provnum_ne":20038,"gadm_level":1,"check_me":20,"datarank":2,"abbrev":null,"postal":"CN","area_sqkm":0,"sameascity":-99,"labelrank":2,"name_len":8,"mapcolor9":7,"mapcolor13":7,"fips":"RS12","fips_alt":null,"woe_id":2346868,"woe_label":null,"woe_name":null,"latitude":43.2153,"longitude":45.757,"sov_a3":"RUS","adm0_a3":"RUS","adm0_label":2,"admin":"Russia","geonunit":"Russia","gu_a3":"RUS","gn_id":569665,"gn_name":"Chechenskaya Respublika","gns_id":-2896483,"gns_name":"Chechenskaya Respublika","gn_level":1,"gn_region":null,"gn_a1_code":"RU.12","region_sub":"North Caucasus","sub_code":null,"gns_level":1,"gns_lang":"rus","gns_adm1":"RS12","gns_region":null,"min_label":5,"max_label":10.2,"min_zoom":4.7,"wikidataid":"Q5187","name_ar":"الشيشان","name_bn":"চেচনিয়া","name_de":"Tschetschenien","name_en":"Chechen Republic","name_es":"Chechenia","name_fr":"Tchétchénie","name_el":"Δημοκρατία της Τσετσενίας","name_hi":"चेचन्या","name_hu":"Csecsenföld","name_id":"Chechnya","name_it":"Cecenia","name_ja":"チェチェン共和国","name_ko":"체첸 공화국","name_nl":"Tsjetsjenië","name_pl":"Czeczenia","name_pt":"Chechénia","name_ru":"Чечня","name_sv":"Tjetjenien","name_tr":"Çeçenistan","name_vi":"Chechnya","name_zh":"车臣共和国","ne_id":1159313219,"name_he":"צ'צ'ניה","name_uk":"Чечня","name_ur":"شیشان","name_fa":"چچن","name_zht":"车臣共和国","FCLASS_ISO":null,"FCLASS_US":null,"FCLASS_FR":null,"FCLASS_RU":null,"FCLASS_ES":null,"FCLASS_CN":null,"FCLASS_TW":null,"FCLASS_IN":null,"FCLASS_NP":null,"FCLASS_PK":null,"FCLASS_DE":null,"FCLASS_GB":null,"FCLASS_BR":null,"FCLASS_IL":null,"FCLASS_PS":null,"FCLASS_SA":null,"FCLASS_EG":null,"FCLASS_MA":null,"FCLASS_PT":null,"FCLASS_AR":null,"FCLASS_JP":null,"FCLASS_KO":null,"FCLASS_VN":null,"FCLASS_TR":null,"FCLASS_ID":null,"FCLASS_PL":null,"FCLASS_GR":null,"FCLASS_IT":null,"FCLASS_NL":null,"FCLASS_SE":null,"FCLASS_BD":null,"FCLASS_UA":null,"FCLASS_TLC":null}},
{"type":"Feature","geometry":{"type":"Polygon","coordinates":[[[45.739506,42.470647],[45.62138,42.224478],[46.430892,41.890442],[46.709555,41.835066],[47.028262,41.557075],[47.179219,41.49168],[47.367292,41.261789],[47.694889,41.207134],[47.813491,41.197388],[48.462211,41.720992],[48.578949,41.845282],[47.461925,43.020819],[47.502778,43.780992],[46.88814,44.751868],[45.705975,44.975782],[45.434881,44.617484],[45.509398,44.015195],[46.349347,43.997728],[46.533522,42.961176],[45.739506,42.470647]]]},"properties":{"featurecla":"Admin-1 states provinces","scalerank":2,"adm1_code":"RUS-2417","diss_me":2417,"iso_3166_2":"RU-DA","wikipedia":null,"iso_a2":"RU","adm0_sr":4,"name":"Dagestan","name_alt":"Dagestanskaya A.S.S.R.|Daghestan|Republic of Dagestan|Respublika Dagestan|Dagistan","name_local":"Республика Дагестан","type":"Respublika","type_en":"Republic","code_local":null,"code_hasc":"RU.DA","note":null,"hasc_maybe":null,"region":"Volga","region_cod":null,"provnum_ne":20026,"gadm_level":1,"check_me":20,"datarank":2,"abbrev":null,"postal":"DA","area_sqkm":0,"sameascity":-99,"labelrank":2,"name_len":8,"mapcolor9":7,"mapcolor13":7,"fips":"RS17","fips_alt":null,"woe_id":2346870,"woe_label":"Dagestan, RU, Russia","woe_name":"Dagestan","latitude":42.36,"longitude":47.1424,"sov_a3":"RUS","adm0_a3":"RUS","adm0_label":2,"admin":"Russia","geonunit":"Russia","gu_a3":"RUS","gn_id":567293,"gn_name":"Respublika Dagestan","gns_id":-2900223,"gns_name":"Dagestan, Respublika","gn_level":1,"gn_region":null,"gn_a1_code":"RU.17","region_sub":"North Caucasus","sub_code":null,"gns_level":1,"gns_lang":"rus","gns_adm1":"RS17","gns_region":null,"min_label":5,"max_label":10.2,"min_zoom":4.7,"wikidataid":"Q5118","name_ar":"داغستان","name_bn":"দাগেস্তান","name_de":"Dagestan","name_en":"Republic of Dagestan","name_es":"Daguestán","name_fr":"Daghestan","name_el":"Δημοκρατία του Νταγκεστάν","name_hi":"दाग़िस्तान","name_hu":"Dagesztán","name_id":"Dagestan","name_it":"Daghestan","name_ja":"ダゲスタン共和国","name_ko":"다게스탄 공화국","name_nl":"Dagestan","name_pl":"Dagestan","name_pt":"Daguestão","name_ru":"Дагестан","name_sv":"Dagestan","name_tr":"Dağıstan","name_vi":"Dagestan","name_zh":"达吉斯坦共和国","ne_id":1159312441,"name_he":"דאגסטן","name_uk":"Дагестан","name_ur":"داغستان","name_fa":"داغستان","name_zht":"達吉斯坦共和國","FCLASS_ISO":null,"FCLASS_US":null,"FCLASS_FR":null,"FCLASS_RU":null,"FCLASS_ES":null,"FCLASS_CN":null,"FCLASS_TW":null,"FCLASS_IN":null,"FCLASS_NP":null,"FCLASS_PK":null,"FCLASS_DE":null,"FCLASS_GB":null,"FCLASS_BR":null,"FCLASS_IL":null,"FCLASS_PS":null,"FCLASS_SA":null,"FCLASS_EG":null,"FCLASS_MA":null,"FCLASS_PT":null,"FCLASS_AR":null,"FCLASS_JP":null,"FCLASS_KO":null,"FCLASS_VN":null,"FCLASS_TR":null,"FCLASS_ID":null,"FCLASS_PL":null,"FCLASS_GR":null,"FCLASS_IT":null,"FCLASS_NL":null,"FCLASS_SE":null,"FCLASS_BD":null,"FCLASS_UA":null,"FCLASS_TLC":null}},
{"type":"Feature","geometry":{"type":"Polygon","coordinates":[[[101.82149,21.221071],[101.518227,22.228205],[102.118655,22.397549],[102.324649,22.565118],[102.989093,22.437598],[103.549923,22.648662],[104.361911,22.692536],[104.797923,23.085569],[105.521325,23.163148],[106.193756,23.869396],[105.447187,24.037603],[104.539852,24.741772],[104.719738,25.210942],[104.306223,25.664765],[104.675503,26.379269],[103.829249,26.547114],[103.695407,27.151702],[105.197383,27.398638],[105.296963,27.721745],[104.604758,27.845846],[104.268499,28.333801],[103.571797,28.243186],[103.508545,27.864527],[102.889462,27.291487],[103.057927,26.557242],[102.112558,26.084429],[101.579981,26.306922],[101.50288,26.766429],[101.141455,27.044861],[100.660916,27.875095],[100.202081,27.898788],[100.143066,28.341578],[99.108814,29.223772],[98.115002,28.143888],[98.679279,27.577336],[98.692404,25.87899],[97.737527,25.090511],[97.536093,24.745028],[97.647345,23.868524],[98.503269,24.121268],[99.21661,23.057379],[99.35779,22.495476],[99.942406,22.045529],[99.95026,21.721156],[100.621744,21.469078],[101.159024,21.552691],[101.768453,21.16045],[101.82149,21.221071]]]},"properties":{"featurecla":"Admin-1 states provinces","scalerank":2,"adm1_code":"CHN-1810","diss_me":1810,"iso_3166_2":"CN-YN","wikipedia":null,"iso_a2":"CN","adm0_sr":1,"name":"Yunnan","name_alt":"Yúnnán","name_local":"雲南|云南","type":"Shěng","type_en":"Province","code_local":null,"code_hasc":"CN.YN","note":null,"hasc_maybe":null,"region":"Southwest China","region_cod":"5","provnum_ne":47,"gadm_level":1,"check_me":20,"datarank":1,"abbrev":null,"postal":"YN","area_sqkm":0,"sameascity":-99,"labelrank":2,"name_len":6,"mapcolor9":4,"mapcolor13":3,"fips":"CH29","fips_alt":null,"woe_id":12578018,"woe_label":"Yunnan, CN, China","woe_name":"Yunnan","latitude":24.4603,"longitude":101.661,"sov_a3":"CH1","adm0_a3":"CHN","adm0_label":2,"admin":"China","geonunit":"China","gu_a3":"CHN","gn_id":1785694,"gn_name":"Yunnan Sheng","gns_id":-1937567,"gns_name":"Yunnan Sheng","gn_level":1,"gn_region":null,"gn_a1_code":"CN.29","region_sub":"Western","sub_code":null,"gns_level":1,"gns_lang":"zho","gns_adm1":"CH29","gns_region":null,"min_label":4.6,"max_label":10.1,"min_zoom":4.6,"wikidataid":"Q43194","name_ar":"يونان","name_bn":"ইউন্নান","name_de":"Yunnan","name_en":"Yunnan","name_es":"Yunnan","name_fr":"Yunnan","name_el":"Γιουνάν","name_hi":"युन्नान","name_hu":"Jünnan","name_id":"Yunnan","name_it":"Yunnan","name_ja":"雲南省","name_ko":"윈난성","name_nl":"Yunnan","name_pl":"Junnan","name_pt":"Yunnan","name_ru":"Юньнань","name_sv":"Yunnan","name_tr":"Yünnan","name_vi":"Vân Nam","name_zh":"云南省","ne_id":1159312665,"name_he":"יונאן","name_uk":"Юньнань","name_ur":"یوننان","name_fa":"یوننان","name_zht":"雲南省","FCLASS_ISO":null,"FCLASS_US":null,"FCLASS_FR":null,"FCLASS_RU":null,"FCLASS_ES":null,"FCLASS_CN":null,"FCLASS_TW":null,"FCLASS_IN":null,"FCLASS_NP":null,"FCLASS_PK":null,"FCLASS_DE":null,"FCLASS_GB":null,"FCLASS_BR":null,"FCLASS_IL":null,"FCLASS_PS":null,"FCLASS_SA":null,"FCLASS_EG":null,"FCLASS_MA":null,"FCLASS_PT":null,"FCLASS_AR":null,"FCLASS_JP":null,"FCLASS_KO":null,"FCLASS_VN":null,"FCLASS_TR":null,"FCLASS_ID":null,"FCLASS_PL":null,"FCLASS_GR":null,"FCLASS_IT":null,"FCLASS_NL":null,"FCLASS_SE":null,"FCLASS_BD":null,"FCLASS_UA":null,"FCLASS_TLC":null}},
{"type":"Feature","geometry":{"type":"Polygon","coordinates":[[[-60.088704,5.155394],[-60.739854,5.202138],[-60.612626,4.900581],[-61.542104,4.263023],[-62.766216,4.020712],[-62.997054,3.599135],[-63.4254,3.968364],[-64.063811,3.911597],[-64.648024,4.207905],[-64.202976,3.594717],[-64.047972,2.471323],[-63.386546,2.235889],[-62.707097,1.94722],[-62.446338,0.804602],[-62.578113,0.016847],[-62.419595,-0.827339],[-61.879396,-1.369322],[-61.532233,-0.728534],[-61.107246,-0.492786],[-60.736726,-0.849509],[-60.3398,-0.704143],[-60.024548,0.223656],[-58.87051,0.225361],[-58.972025,1.312311],[-59.764539,1.92053],[-60.00008,2.694049],[-59.837661,3.60929],[-59.52923,3.931906],[-59.687115,4.371466],[-60.087697,4.607523],[-60.088704,5.155394]]]},"properties":{"featurecla":"Admin-1 states provinces","scalerank":2,"adm1_code":"BRA-670","diss_me":670,"iso_3166_2":"BR-RR","wikipedia":null,"iso_a2":"BR","adm0_sr":1,"name":"Roraima","name_alt":"Rio Branco","name_local":null,"type":"Estado","type_en":"State","code_local":null,"code_hasc":"BR.RR","note":null,"hasc_maybe":null,"region":null,"region_cod":null,"provnum_ne":26,"gadm_level":1,"check_me":20,"datarank":1,"abbrev":"Rora.","postal":"RR","area_sqkm":0,"sameascity":-99,"labelrank":2,"name_len":7,"mapcolor9":5,"mapcolor13":7,"fips":"BR25","fips_alt":null,"woe_id":2344866,"woe_label":"Roraima, BR, Brazil","woe_name":"Roraima","latitude":1.93803,"longitude":-61.3325,"sov_a3":"BRA","adm0_a3":"BRA","adm0_label":2,"admin":"Brazil","geonunit":"Brazil","gu_a3":"BRA","gn_id":3662560,"gn_name":"Estado de Roraima","gns_id":-667043,"gns_name":"Roraima, Estado de","gn_level":1,"gn_region":null,"gn_a1_code":"BR.25","region_sub":null,"sub_code":null,"gns_level":1,"gns_lang":"kor","gns_adm1":"BR25","gns_region":null,"min_label":3.7,"max_label":8.5,"min_zoom":3,"wikidataid":"Q42508","name_ar":"رورايما","name_bn":"রোরাইমা প্রদেশ","name_de":"Roraima","name_en":"Roraima","name_es":"Roraima","name_fr":"Roraima","name_el":"Ροράιμα","name_hi":"रोरैमा","name_hu":"Roraima","name_id":"Roraima","name_it":"Roraima","name_ja":"ロライマ州","name_ko":"호라이마","name_nl":"Roraima","name_pl":"Roraima","name_pt":"Roraima","name_ru":"Рорайма","name_sv":"Roraima","name_tr":"Roraima","name_vi":"Roraima","name_zh":"罗赖马州","ne_id":1159308883,"name_he":"רוריימה","name_uk":"Рорайма","name_ur":"رورائیما","name_fa":"رورایما","name_zht":"羅賴馬州","FCLASS_ISO":null,"FCLASS_US":null,"FCLASS_FR":null,"FCLASS_RU":null,"FCLASS_ES":null,"FCLASS_CN":null,"FCLASS_TW":null,"FCLASS_IN":null,"FCLASS_NP":null,"FCLASS_PK":null,"FCLASS_DE":null,"FCLASS_GB":null,"FCLASS_BR":null,"FCLASS_IL":null,"FCLASS_PS":null,"FCLASS_SA":null,"FCLASS_EG":null,"FCLASS_MA":null,"FCLASS_PT":null,"FCLASS_AR":null,"FCLASS_JP":null,"FCLASS_KO":null,"FCLASS_VN":null,"FCLASS_TR":null,"FCLASS_ID":null,"FCLASS_PL":null,"FCLASS_GR":null,"FCLASS_IT":null,"FCLASS_NL":null,"FCLASS_SE":null,"FCLASS_BD":null,"FCLASS_UA":null,"FCLASS_TLC":null}},
{"type":"Feature","geometry":{"type":"MultiPolygon","coordinates":[[[[-56.481819,1.941614],[-57.104494,2.021454],[-57.561159,1.708967],[-58.501754,1.453781],[-58.972025,1.312311],[-58.87051,0.225361],[-58.853741,-0.35202],[-58.389505,-1.04898],[-57.655881,-1.58998],[-56.521583,-2.164829],[-56.389653,-2.390551],[-56.756659,-3.18611],[-58.294421,-6.496864],[-58.4664,-6.701606],[-58.13549,-7.339138],[-57.640326,-8.22942],[-57.579555,-8.756313],[-57.045479,-9.230392],[-56.461613,-9.466864],[-55.09273,-9.565101],[-51.297716,-9.789376],[-50.235719,-9.843983],[-50.053658,-9.319121],[-49.581309,-8.830727],[-49.198645,-8.058578],[-49.374888,-7.50011],[-49.198542,-6.902627],[-48.683405,-6.662745],[-48.142405,-5.646115],[-48.723015,-5.355332],[-47.800669,-4.595843],[-47.654424,-4.605558],[-46.666681,-3.094178],[-46.666681,-2.738489],[-46.214176,-1.929133],[-46.084584,-1.210382],[-46.613796,-0.813236],[-47.584514,-0.578247],[-48.154042,-0.781834],[-48.339711,-1.316013],[-48.965589,-1.599719],[-50.372841,-1.973728],[-50.819203,-1.436293],[-50.824452,-1.030938],[-52.123769,-1.619073],[-51.908315,-1.157973],[-52.358168,-1.069805],[-52.626937,-0.397185],[-52.915369,-0.192029],[-53.112179,0.72006],[-53.555459,1.365808],[-54.366469,1.762167],[-54.753267,1.805006],[-54.775494,2.457335],[-55.017748,2.590592],[-56.116803,2.333089],[-56.481819,1.941614]]],[[[-48.462514,-0.576104],[-48.427235,-0.259942],[-49.215403,-0.141209],[-49.653472,-0.241143],[-50.368153,-0.105645],[-50.779897,-0.660577],[-50.804189,-1.424981],[-50.405181,-1.830987],[-49.823557,-1.816583],[-48.839223,-1.44256],[-48.462514,-0.576104]]]]},"properties":{"featurecla":"Admin-1 states provinces","scalerank":2,"adm1_code":"BRA-594","diss_me":594,"iso_3166_2":"BR-PA","wikipedia":null,"iso_a2":"BR","adm0_sr":5,"name":"Pará","name_alt":null,"name_local":null,"type":"Estado","type_en":"State","code_local":null,"code_hasc":"BR.PA","note":null,"hasc_maybe":null,"region":null,"region_cod":null,"provnum_ne":7,"gadm_level":1,"check_me":20,"datarank":1,"abbrev":"M.Ger.","postal":"PA","area_sqkm":0,"sameascity":-99,"labelrank":2,"name_len":4,"mapcolor9":5,"mapcolor13":7,"fips":"BR16","fips_alt":null,"woe_id":2344857,"woe_label":"Para, BR, Brazil","woe_name":"Pará","latitude":-4.44313,"longitude":-52.6491,"sov_a3":"BRA","adm0_a3":"BRA","adm0_label":2,"admin":"Brazil","geonunit":"Brazil","gu_a3":"BRA","gn_id":3393129,"gn_name":"Estado do Para","gns_id":-659233,"gns_name":"Para, Estado do","gn_level":1,"gn_region":null,"gn_a1_code":"BR.16","region_sub":null,"sub_code":null,"gns_level":1,"gns_lang":"por","gns_adm1":"BR16","gns_region":null,"min_label":3.7,"max_label":8.5,"min_zoom":3,"wikidataid":"Q39517","name_ar":"بارا","name_bn":"প্যাারা","name_de":"Pará","name_en":"Pará","name_es":"Pará","name_fr":"Pará","name_el":"Παρά","name_hi":"पारा","name_hu":"Pará","name_id":"Pará","name_it":"Pará","name_ja":"パラー州","name_ko":"파라","name_nl":"Pará","name_pl":"Pará","name_pt":"Pará","name_ru":"Пара","name_sv":"Pará","name_tr":"Pará","name_vi":"Pará","name_zh":"帕拉","ne_id":1159307941,"name_he":"פארה","name_uk":"Пара","name_ur":"پارا","name_fa":"پارا","name_zht":"帕拉","FCLASS_ISO":null,"FCLASS_US":null,"FCLASS_FR":null,"FCLASS_RU":null,"FCLASS_ES":null,"FCLASS_CN":null,"FCLASS_TW":null,"FCLASS_IN":null,"FCLASS_NP":null,"FCLASS_PK":null,"FCLASS_DE":null,"FCLASS_GB":null,"FCLASS_BR":null,"FCLASS_IL":null,"FCLASS_PS":null,"FCLASS_SA":null,"FCLASS_EG":null,"FCLASS_MA":null,"FCLASS_PT":null,"FCLASS_AR":null,"FCLASS_JP":null,"FCLASS_KO":null,"FCLASS_VN":null,"FCLASS_TR":null,"FCLASS_ID":null,"FCLASS_PL":null,"FCLASS_GR":null,"FCLASS_IT":null,"FCLASS_NL":null,"FCLASS_SE":null,"FCLASS_BD":null,"FCLASS_UA":null,"FCLASS_TLC":null}},
{"type":"Feature","geometry":{"type":"Polygon","coordinates":[[[9.437503,54.810411],[8.660776,54.896311],[8.629161,54.387681],[9.74081,53.572575],[10.32798,53.432656],[10.601245,53.371833],[10.906016,53.961208],[11.06658,54.183905],[9.437503,54.810411]]]},"properties":{"featurecla":"Admin-1 states provinces","scalerank":3,"adm1_code":"DEU-1579","diss_me":1579,"iso_3166_2":"DE-SH","wikipedia":null,"iso_a2":"DE","adm0_sr":6,"name":"Schleswig-Holstein","name_alt":null,"name_local":null,"type":"Land","type_en":"State","code_local":null,"code_hasc":"DE.SH","note":null,"hasc_maybe":null,"region":null,"region_cod":null,"provnum_ne":3,"gadm_level":1,"check_me":20,"datarank":3,"abbrev":null,"postal":"SH","area_sqkm":0,"sameascity":-99,"labelrank":3,"name_len":18,"mapcolor9":5,"mapcolor13":1,"fips":"GM10","fips_alt":null,"woe_id":2345490,"woe_label":"Schleswig-Holstein, DE, Germany","woe_name":"Schleswig-Holstein","latitude":54.1315,"longitude":9.84605,"sov_a3":"DEU","adm0_a3":"DEU","adm0_label":2,"admin":"Germany","geonunit":"Germany","gu_a3":"DEU","gn_id":2838632,"gn_name":"Land Schleswig-Holstein","gns_id":-1858348,"gns_name":"Schleswig-Holstein","gn_level":1,"gn_region":null,"gn_a1_code":"DE.10","region_sub":null,"sub_code":null,"gns_level":1,"gns_lang":"zho","gns_adm1":"GM10","gns_region":null,"min_label":6.6,"max_label":11,"min_zoom":6.6,"wikidataid":"Q1194","name_ar":"شلسفيغ هولشتاين","name_bn":"শ্লেসভিগ-হলষ্টাইন","name_de":"Schleswig-Holstein","name_en":"Schleswig-Holstein","name_es":"Schleswig-Holstein","name_fr":"Schleswig-Holstein","name_el":"Σλέσβιχ-Χόλσταϊν","name_hi":"श्लेसविग-होल्सटीन","name_hu":"Schleswig-Holstein","name_id":"Schleswig-Holstein","name_it":"Schleswig-Holstein","name_ja":"シュレースヴィヒ＝ホルシュタイン州","name_ko":"슐레스비히홀슈타인","name_nl":"Sleeswijk-Holstein","name_pl":"Szlezwik-Holsztyn","name_pt":"Schleswig-Holstein","name_ru":"Шлезвиг-Гольштейн","name_sv":"Schleswig-Holstein","name_tr":"Schleswig-Holstein","name_vi":"Schleswig-Holstein","name_zh":"石勒苏益格-荷尔斯泰因","ne_id":1159309703,"name_he":"שלזוויג-הולשטיין","name_uk":"Шлезвіґ-Гольштейн","name_ur":"شلسویگ-ہولشتائن","name_fa":"اشلسویگ-هولشتاین","name_zht":"什列斯威-霍爾斯坦","FCLASS_ISO":null,"FCLASS_US":null,"FCLASS_FR":null,"FCLASS_RU":null,"FCLASS_ES":null,"FCLASS_CN":null,"FCLASS_TW":null,"FCLASS_IN":null,"FCLASS_NP":null,"FCLASS_PK":null,"FCLASS_DE":null,"FCLASS_GB":null,"FCLASS_BR":null,"FCLASS_IL":null,"FCLASS_PS":null,"FCLASS_SA":null,"FCLASS_EG":null,"FCLASS_MA":null,"FCLASS_PT":null,"FCLASS_AR":null,"FCLASS_JP":null,"FCLASS_KO":null,"FCLASS_VN":null,"FCLASS_TR":null,"FCLASS_ID":null,"FCLASS_PL":null,"FCLASS_GR":null,"FCLASS_IT":null,"FCLASS_NL":null,"FCLASS_SE":null,"FCLASS_BD":null,"FCLASS_UA":null,"FCLASS_TLC":null}},
{"type":"Feature","geometry":{"type":"Polygon","coordinates":[[[-69.577635,-10.952302],[-68.61573,-11.112499],[-68.09788,-10.697744],[-67.755782,-10.714177],[-66.648925,-9.915879],[-66.830515,-9.837952],[-70.371487,-8.15728],[-72.663699,-7.591578],[-73.806762,-7.117879],[-73.984486,-7.529407],[-73.526541,-8.372408],[-72.959392,-9.085646],[-72.430225,-9.482211],[-72.195666,-10.00559],[-71.391426,-10.00683],[-70.680849,-9.527686],[-70.63866,-9.955892],[-70.641342,-11.0108],[-69.577635,-10.952302]]]},"properties":{"featurecla":"Admin-1 states provinces","scalerank":2,"adm1_code":"BRA-576","diss_me":576,"iso_3166_2":"BR-AC","wikipedia":null,"iso_a2":"BR","adm0_sr":1,"name":"Acre","name_alt":null,"name_local":null,"type":"Estado","type_en":"State","code_local":null,"code_hasc":"BR.AC","note":null,"hasc_maybe":"BR.AC|BRA-ACR","region":null,"region_cod":null,"provnum_ne":24,"gadm_level":1,"check_me":20,"datarank":1,"abbrev":"Acre","postal":"AC","area_sqkm":0,"sameascity":-99,"labelrank":2,"name_len":4,"mapcolor9":5,"mapcolor13":7,"fips":"BR01","fips_alt":null,"woe_id":2344844,"woe_label":"Acre, BR, Brazil","woe_name":"Acre","latitude":-8.9285,"longitude":-70.2976,"sov_a3":"BRA","adm0_a3":"BRA","adm0_label":2,"admin":"Brazil","geonunit":"Brazil","gu_a3":"BRA","gn_id":3665474,"gn_name":"Estado do Acre","gns_id":-623025,"gns_name":"Acre, Estado do","gn_level":1,"gn_region":null,"gn_a1_code":"BR.01","region_sub":null,"sub_code":null,"gns_level":1,"gns_lang":"por","gns_adm1":"BR01","gns_region":null,"min_label":3.7,"max_label":8.5,"min_zoom":3,"wikidataid":"Q40780","name_ar":"أكري","name_bn":"একর","name_de":"Acre","name_en":"Acre","name_es":"Estado de Acre","name_fr":"Acre","name_el":"Άκρε","name_hi":"आक्री","name_hu":"Acre","name_id":"Acre","name_it":"Acre","name_ja":"アクレ州","name_ko":"아크리","name_nl":"Acre","name_pl":"Acre","name_pt":"Acre","name_ru":"Акри","name_sv":"Acre","name_tr":"Acre","name_vi":"Acre","name_zh":"阿克里州","ne_id":1159310053,"name_he":"אקרי","name_uk":"Акрі","name_ur":"اکری","name_fa":"اکری","name_zht":"阿克里州","FCLASS_ISO":null,"FCLASS_US":null,"FCLASS_FR":null,"FCLASS_RU":null,"FCLASS_ES":null,"FCLASS_CN":null,"FCLASS_TW":null,"FCLASS_IN":null,"FCLASS_NP":null,"FCLASS_PK":null,"FCLASS_DE":null,"FCLASS_GB":null,"FCLASS_BR":null,"FCLASS_IL":null,"FCLASS_PS":null,"FCLASS_SA":null,"FCLASS_EG":null,"FCLASS_MA":null,"FCLASS_PT":null,"FCLASS_AR":null,"FCLASS_JP":null,"FCLASS_KO":null,"FCLASS_VN":null,"FCLASS_TR":null,"FCLASS_ID":null,"FCLASS_PL":null,"FCLASS_GR":null,"FCLASS_IT":null,"FCLASS_NL":null,"FCLASS_SE":null,"FCLASS_BD":null,"FCLASS_UA":null,"FCLASS_TLC":null}},
{"type":"Feature","geometry":{"type":"Polygon","coordinates":[[[7.072151,52.841317],[6.719083,52.626759],[7.0266,52.238623],[8.022901,52.06615],[8.983256,52.264975],[9.440075,51.649044],[9.949243,51.381799],[10.697621,51.637365],[11.082921,52.225133],[10.756894,52.786494],[11.58134,53.042861],[11.27409,53.117544],[10.601245,53.371833],[10.32798,53.432656],[9.763972,53.54768],[9.274669,53.865139],[8.513038,53.617097],[8.557203,53.519941],[7.226085,53.66649],[7.194591,53.245022],[7.072151,52.841317]]]},"properties":{"featurecla":"Admin-1 states provinces","scalerank":3,"adm1_code":"DEU-1576","diss_me":1576,"iso_3166_2":"DE-NI","wikipedia":null,"iso_a2":"DE","adm0_sr":4,"name":"Niedersachsen","name_alt":"Lower Saxony","name_local":null,"type":"Land","type_en":"State","code_local":null,"code_hasc":"DE.NI","note":null,"hasc_maybe":null,"region":null,"region_cod":null,"provnum_ne":4,"gadm_level":1,"check_me":20,"datarank":3,"abbrev":null,"postal":"NI","area_sqkm":0,"sameascity":-99,"labelrank":3,"name_len":13,"mapcolor9":5,"mapcolor13":1,"fips":"GM06","fips_alt":null,"woe_id":2345486,"woe_label":"Lower Saxony, DE, Germany","woe_name":"Niedersachsen","latitude":52.775,"longitude":8.86184,"sov_a3":"DEU","adm0_a3":"DEU","adm0_label":2,"admin":"Germany","geonunit":"Germany","gu_a3":"DEU","gn_id":2862926,"gn_name":"Land Niedersachsen","gns_id":-1833951,"gns_name":"Niedersachsen","gn_level":1,"gn_region":null,"gn_a1_code":"DE.06","region_sub":null,"sub_code":null,"gns_level":1,"gns_lang":"zho","gns_adm1":"GM06","gns_region":null,"min_label":6.6,"max_label":11,"min_zoom":6.6,"wikidataid":"Q1197","name_ar":"سكسونيا السفلى","name_bn":"নিডারজাখসেন","name_de":"Niedersachsen","name_en":"Lower Saxony","name_es":"Baja Sajonia","name_fr":"Basse-Saxe","name_el":"Κάτω Σαξονία","name_hi":"निचला सैक्सोनी","name_hu":"Alsó-Szászország","name_id":"Niedersachsen","name_it":"Bassa Sassonia","name_ja":"ニーダーザクセン州","name_ko":"니더작센","name_nl":"Nedersaksen","name_pl":"Dolna Saksonia","name_pt":"Baixa Saxônia","name_ru":"Нижняя Саксония","name_sv":"Niedersachsen","name_tr":"Aşağı Saksonya","name_vi":"Niedersachsen","name_zh":"下萨克森","ne_id":1159315801,"name_he":"סקסוניה התחתונה","name_uk":"Нижня Саксонія","name_ur":"نیدرزاکسن","name_fa":"نیدرزاکسن","name_zht":"下薩克森","FCLASS_ISO":null,"FCLASS_US":null,"FCLASS_FR":null,"FCLASS_RU":null,"FCLASS_ES":null,"FCLASS_CN":null,"FCLASS_TW":null,"FCLASS_IN":null,"FCLASS_NP":null,"FCLASS_PK":null,"FCLASS_DE":null,"FCLASS_GB":null,"FCLASS_BR":null,"FCLASS_IL":null,"FCLASS_PS":null,"FCLASS_SA":null,"FCLASS_EG":null,"FCLASS_MA":null,"FCLASS_PT":null,"FCLASS_AR":null,"FCLASS_JP":null,"FCLASS_KO":null,"FCLASS_VN":null,"FCLASS_TR":null,"FCLASS_ID":null,"FCLASS_PL":null,"FCLASS_GR":null,"FCLASS_IT":null,"FCLASS_NL":null,"FCLASS_SE":null,"FCLASS_BD":null,"FCLASS_UA":null,"FCLASS_TLC":null}},
{"type":"Feature","geometry":{"type":"Polygon","coordinates":[[[6.771576,52.108793],[5.946056,51.746288],[6.193348,51.509338],[5.99491,50.749927],[6.3734,50.32308],[7.770461,50.854881],[8.13447,50.684038],[9.440075,51.649044],[8.983256,52.264975],[8.022901,52.06615],[7.0266,52.238623],[6.771576,52.108793]]]},"properties":{"featurecla":"Admin-1 states provinces","scalerank":3,"adm1_code":"DEU-1572","diss_me":1572,"iso_3166_2":"DE-NW","wikipedia":null,"iso_a2":"DE","adm0_sr":1,"name":"Nordrhein-Westfalen","name_alt":"North Rhine-Westphalia","name_local":null,"type":"Land","type_en":"State","code_local":null,"code_hasc":"DE.NW","note":null,"hasc_maybe":"DE.NI|DEU-NWS","region":null,"region_cod":null,"provnum_ne":11,"gadm_level":1,"check_me":20,"datarank":3,"abbrev":null,"postal":"NW","area_sqkm":0,"sameascity":-99,"labelrank":3,"name_len":19,"mapcolor9":5,"mapcolor13":1,"fips":"GM07","fips_alt":"GM06","woe_id":2345487,"woe_label":"North Rhine-Westphalia, DE, Germany","woe_name":"Nordrhein-Westfalen","latitude":51.6146,"longitude":7.65708,"sov_a3":"DEU","adm0_a3":"DEU","adm0_label":2,"admin":"Germany","geonunit":"Germany","gu_a3":"DEU","gn_id":2861876,"gn_name":"Land Nordrhein-Westfalen","gns_id":-1835009,"gns_name":"Nordrhein-Westfalen","gn_level":1,"gn_region":null,"gn_a1_code":"DE.07","region_sub":null,"sub_code":null,"gns_level":1,"gns_lang":"zho","gns_adm1":"GM07","gns_region":null,"min_label":6.6,"max_label":11,"min_zoom":6.6,"wikidataid":"Q1198","name_ar":"شمال الراين-وستفاليا","name_bn":"নর্ডরাইন-ভেস্টফালেন","name_de":"Nordrhein-Westfalen","name_en":"North Rhine-Westphalia","name_es":"Renania del Norte-Westfalia","name_fr":"Rhénanie-du-Nord-Westphalie","name_el":"Βόρεια Ρηνανία-Βεστφαλία","name_hi":"उत्तरी राइन","name_hu":"Észak-Rajna-Vesztfália","name_id":"Nordrhein-Westfalen","name_it":"Renania Settentrionale-Vestfalia","name_ja":"ノルトライン＝ヴェストファーレン州","name_ko":"노르트라인베스트팔렌","name_nl":"Noordrijn-Westfalen","name_pl":"Nadrenia Północna-Westfalia","name_pt":"Renânia do Norte-Vestfália","name_ru":"Северный Рейн-Вестфалия","name_sv":"Nordrhein-Westfalen","name_tr":"Kuzey Ren-Vestfalya","name_vi":"Nordrhein-Westfalen","name_zh":"北莱茵－威斯特法伦","ne_id":1159310973,"name_he":"נורדריין-וסטפאליה","name_uk":"Північний Рейн-Вестфалія","name_ur":"نوردرائن-ویسٹ فالیا","name_fa":"نوردراین-وستفالن","name_zht":"北萊茵－威斯特法倫","FCLASS_ISO":null,"FCLASS_US":null,"FCLASS_FR":null,"FCLASS_RU":null,"FCLASS_ES":null,"FCLASS_CN":null,"FCLASS_TW":null,"FCLASS_IN":null,"FCLASS_NP":null,"FCLASS_PK":null,"FCLASS_DE":null,"FCLASS_GB":null,"FCLASS_BR":null,"FCLASS_IL":null,"FCLASS_PS":null,"FCLASS_SA":null,"FCLASS_EG":null,"FCLASS_MA":null,"FCLASS_PT":null,"FCLASS_AR":null,"FCLASS_JP":null,"FCLASS_KO":null,"FCLASS_VN":null,"FCLASS_TR":null,"FCLASS_ID":null,"FCLASS_PL":null,"FCLASS_GR":null,"FCLASS_IT":null,"FCLASS_NL":null,"FCLASS_SE":null,"FCLASS_BD":null,"FCLASS_UA":null,"FCLASS_TLC":null}},
{"type":"Feature","geometry":{"type":"Polygon","coordinates":[[[28.954077,69.027261],[28.447441,68.514889],[30.009413,67.685844],[29.100115,66.991235],[29.362498,66.626553],[32.883618,66.586174],[34.887706,66.599758],[35.380626,66.417873],[37.927094,66.088772],[39.343598,66.134711],[40.444347,66.405504],[41.360037,67.013617],[41.016612,67.697903],[38.434581,68.355862],[37.680512,68.713446],[35.330333,69.276068],[32.687022,69.502753],[32.054454,69.963772],[30.840954,69.805842],[28.954077,69.027261]]]},"properties":{"featurecla":"Admin-1 states provinces","scalerank":2,"adm1_code":"RUS-2333","diss_me":2333,"iso_3166_2":"RU-MUR","wikipedia":null,"iso_a2":"RU","adm0_sr":5,"name":"Murmansk","name_alt":"Murmanskaya Oblast","name_local":"Мурманская область","type":"Oblast","type_en":"Region","code_local":null,"code_hasc":"RU.MM","note":null,"hasc_maybe":null,"region":"Northwestern","region_cod":null,"provnum_ne":20015,"gadm_level":1,"check_me":20,"datarank":2,"abbrev":null,"postal":"MM","area_sqkm":0,"sameascity":6,"labelrank":6,"name_len":8,"mapcolor9":7,"mapcolor13":7,"fips":"RS49","fips_alt":"RS49","woe_id":2346912,"woe_label":"Murmanskaya Oblast, RU, Russia","woe_name":"Murmansk","latitude":67.9609,"longitude":34.3212,"sov_a3":"RUS","adm0_a3":"RUS","adm0_label":2,"admin":"Russia","geonunit":"Russia","gu_a3":"RUS","gn_id":524304,"gn_name":"Murmanskaya Oblast'","gns_id":-2961507,"gns_name":"Murmanskaya Oblast'","gn_level":1,"gn_region":null,"gn_a1_code":"RU.49","region_sub":"Northern","sub_code":null,"gns_level":1,"gns_lang":"rus","gns_adm1":"RS49","gns_region":null,"min_label":5,"max_label":10.2,"min_zoom":4.7,"wikidataid":"Q1759","name_ar":"أوبلاست مورمانسك","name_bn":"মুরমানস্ক ওব্লাস্ট","name_de":"Murmansk","name_en":"Murmansk","name_es":"Múrmansk","name_fr":"Mourmansk","name_el":"Όμπλαστ του Μούρμανσκ","name_hi":"मूरमान्स्क ओब्लास्त","name_hu":"Murmanszki terület","name_id":"Murmansk","name_it":"Murmansk","name_ja":"ムルマンスク州","name_ko":"무르만스크","name_nl":"Moermansk","name_pl":"murmański","name_pt":"Murmansk","name_ru":"Мурманская область","name_sv":"Murmansk","name_tr":"Murmansk Oblastı","name_vi":"Murmansk","name_zh":"摩尔曼斯克州","ne_id":1159313115,"name_he":"מחוז מורמנסק","name_uk":"Мурманська область","name_ur":"مورمانسک اوبلاست","name_fa":"استان مورمانسک","name_zht":"摩爾曼斯克州","FCLASS_ISO":null,"FCLASS_US":null,"FCLASS_FR":null,"FCLASS_RU":null,"FCLASS_ES":null,"FCLASS_CN":null,"FCLASS_TW":null,"FCLASS_IN":null,"FCLASS_NP":null,"FCLASS_PK":null,"FCLASS_DE":null,"FCLASS_GB":null,"FCLASS_BR":null,"FCLASS_IL":null,"FCLASS_PS":null,"FCLASS_SA":null,"FCLASS_EG":null,"FCLASS_MA":null,"FCLASS_PT":null,"FCLASS_AR":null,"FCLASS_JP":null,"FCLASS_KO":null,"FCLASS_VN":null,"FCLASS_TR":null,"FCLASS_ID":null,"FCLASS_PL":null,"FCLASS_GR":null,"FCLASS_IT":null,"FCLASS_NL":null,"FCLASS_SE":null,"FCLASS_BD":null,"FCLASS_UA":null,"FCLASS_TLC":null}},
{"type":"Feature","geometry":{"type":"Polygon","coordinates":[[[29.546194,66.431969],[30.111733,65.712011],[29.731533,65.496921],[29.588147,64.991435],[30.509331,63.991392],[29.998433,63.7471],[31.569525,62.905929],[30.145649,61.850469],[29.277059,61.304599],[32.703358,60.645704],[33.534935,61.220811],[35.603853,61.188307],[36.996429,61.594432],[37.77292,61.522137],[37.926605,61.968259],[37.504926,62.645324],[36.500542,62.826036],[36.219836,63.416491],[36.523406,63.971429],[34.955577,64.452216],[34.368988,65.391791],[34.866222,65.877916],[33.165847,66.555933],[33.04593,66.576245],[32.883618,66.586174],[29.362498,66.626553],[29.546194,66.431969]]]},"properties":{"featurecla":"Admin-1 states provinces","scalerank":2,"adm1_code":"RUS-2353","diss_me":2353,"iso_3166_2":"RU-KR","wikipedia":null,"iso_a2":"RU","adm0_sr":5,"name":"Karelia","name_alt":"Karelian A.S.S.R.|Karelo-Finnish A.S.S.R.|Karel'skaya A.S.S.R.|Olonets|Olonetskaya G.|Kareliya|Republic of Karelia","name_local":"Республика Карелия","type":"Respublika","type_en":"Republic","code_local":null,"code_hasc":"RU.KI","note":null,"hasc_maybe":null,"region":"Northwestern","region_cod":null,"provnum_ne":20014,"gadm_level":1,"check_me":20,"datarank":2,"abbrev":null,"postal":"KI","area_sqkm":0,"sameascity":-99,"labelrank":2,"name_len":7,"mapcolor9":7,"mapcolor13":7,"fips":"RS28","fips_alt":null,"woe_id":2346873,"woe_label":"Kareliya, RU, Russia","woe_name":"Karelia","latitude":63.5295,"longitude":33.1446,"sov_a3":"RUS","adm0_a3":"RUS","adm0_label":2,"admin":"Russia","geonunit":"Russia","gu_a3":"RUS","gn_id":552548,"gn_name":"Respublika Kareliya","gns_id":-2921465,"gns_name":"Kareliya, Respublika","gn_level":1,"gn_region":null,"gn_a1_code":"RU.28","region_sub":"Northern","sub_code":null,"gns_level":1,"gns_lang":"rus","gns_adm1":"RS28","gns_region":null,"min_label":5,"max_label":10.2,"min_zoom":4.7,"wikidataid":"Q1914","name_ar":"جمهورية كاريليا","name_bn":"কারেলিয়া প্রজাতন্ত্র","name_de":"Republik Karelien","name_en":"Karelia","name_es":"Carelia","name_fr":"Carélie","name_el":"Δημοκρατία της Καρελίας","name_hi":"कारेलिया गणतंत्र","name_hu":"Karélia","name_id":"Republik Karelia","name_it":"Carelia","name_ja":"カレリア共和国","name_ko":"카렐리야 공화국","name_nl":"Karelië","name_pl":"Karelia","name_pt":"República da Carélia","name_ru":"Карелия","name_sv":"Karelska republiken","name_tr":"Karelya Cumhuriyeti","name_vi":"Cộng hòa Kareliya","name_zh":"卡累利阿共和国","ne_id":1159313107,"name_he":"קרליה","name_uk":"Республіка Карелія","name_ur":"جمہوریہ کریلیا","name_fa":"جمهوری کارلیا","name_zht":"卡累利阿共和国","FCLASS_ISO":null,"FCLASS_US":null,"FCLASS_FR":null,"FCLASS_RU":null,"FCLASS_ES":null,"FCLASS_CN":null,"FCLASS_TW":null,"FCLASS_IN":null,"FCLASS_NP":null,"FCLASS_PK":null,"FCLASS_DE":null,"FCLASS_GB":null,"FCLASS_BR":null,"FCLASS_IL":null,"FCLASS_PS":null,"FCLASS_SA":null,"FCLASS_EG":null,"FCLASS_MA":null,"FCLASS_PT":null,"FCLASS_AR":null,"FCLASS_JP":null,"FCLASS_KO":null,"FCLASS_VN":null,"FCLASS_TR":null,"FCLASS_ID":null,"FCLASS_PL":null,"FCLASS_GR":null,"FCLASS_IT":null,"FCLASS_NL":null,"FCLASS_SE":null,"FCLASS_BD":null,"FCLASS_UA":null,"FCLASS_TLC":null}},
{"type":"Feature","geometry":{"type":"Polygon","coordinates":[[[28.003782,60.664226],[27.807872,60.553046],[29.417898,60.16885],[29.697139,59.950048],[27.993419,59.703315],[28.019054,59.481757],[27.695889,58.977183],[28.131027,58.990146],[29.975049,58.44465],[31.563066,59.368418],[32.954816,59.4218],[34.729901,59.103214],[35.495849,59.553523],[35.157059,60.067032],[35.603853,61.188307],[33.534935,61.220811],[32.703358,60.645704],[29.277059,61.304599],[28.003782,60.664226]]]},"properties":{"featurecla":"Admin-1 states provinces","scalerank":2,"adm1_code":"RUS-2336","diss_me":2336,"iso_3166_2":"RU-LEN","wikipedia":null,"iso_a2":"RU","adm0_sr":4,"name":"Leningrad","name_alt":"Saint Petersburg|Sankt-Peterburgskaya G.|Leningradskaya Oblast","name_local":"Ленинградская область","type":"Oblast","type_en":"Region","code_local":null,"code_hasc":"RU.LN","note":null,"hasc_maybe":null,"region":"Northwestern","region_cod":null,"provnum_ne":20001,"gadm_level":1,"check_me":20,"datarank":2,"abbrev":null,"postal":"LN","area_sqkm":0,"sameascity":-99,"labelrank":2,"name_len":9,"mapcolor9":7,"mapcolor13":7,"fips":"RS42","fips_alt":null,"woe_id":2346907,"woe_label":"Leningradskaya Oblast, RU, Russia","woe_name":"Leningrad","latitude":59.9905,"longitude":32.7736,"sov_a3":"RUS","adm0_a3":"RUS","adm0_label":2,"admin":"Russia","geonunit":"Russia","gu_a3":"RUS","gn_id":536199,"gn_name":"Leningradskaya Oblast'","gns_id":-2945114,"gns_name":"Leningradskaya Oblast'","gn_level":1,"gn_region":null,"gn_a1_code":"RU.42","region_sub":"Northwestern","sub_code":null,"gns_level":1,"gns_lang":"rus","gns_adm1":"RS42","gns_region":null,"min_label":5,"max_label":10.2,"min_zoom":4.7,"wikidataid":"Q2191","name_ar":"لينينغراد أوبلاست","name_bn":"লেনিনগ্রাড ওব্লাস্ট","name_de":"Leningrad","name_en":"Leningrad","name_es":"Leningrado","name_fr":"Léningrad","name_el":"Όμπλαστ του Λένινγκραντ","name_hi":"लेनिनग्राद ओब्लास्ट","name_hu":"Leningrádi terület","name_id":"Leningrad","name_it":"Leningrado","name_ja":"レニングラード州","name_ko":"레닌그라드","name_nl":"Leningrad","name_pl":"leningradzki","name_pt":"Leningrado","name_ru":"Ленинградская область","name_sv":"Leningrad","name_tr":"Leningrad eyaleti","name_vi":"Leningrad","name_zh":"列宁格勒州","ne_id":1159313101,"name_he":"מחוז לנינגרד","name_uk":"Ленінградська область","name_ur":"لیننگراڈ اوبلاست","name_fa":"استان لنینگراد","name_zht":"列寧格勒州","FCLASS_ISO":null,"FCLASS_US":null,"FCLASS_FR":null,"FCLASS_RU":null,"FCLASS_ES":null,"FCLASS_CN":null,"FCLASS_TW":null,"FCLASS_IN":null,"FCLASS_NP":null,"FCLASS_PK":null,"FCLASS_DE":null,"FCLASS_GB":null,"FCLASS_BR":null,"FCLASS_IL":null,"FCLASS_PS":null,"FCLASS_SA":null,"FCLASS_EG":null,"FCLASS_MA":null,"FCLASS_PT":null,"FCLASS_AR":null,"FCLASS_JP":null,"FCLASS_KO":null,"FCLASS_VN":null,"FCLASS_TR":null,"FCLASS_ID":null,"FCLASS_PL":null,"FCLASS_GR":null,"FCLASS_IT":null,"FCLASS_NL":null,"FCLASS_SE":null,"FCLASS_BD":null,"FCLASS_UA":null,"FCLASS_TLC":null}},
{"type":"Feature","geometry":{"type":"Polygon","coordinates":[[[-54.615292,2.326267],[-54.775494,2.457335],[-54.753267,1.805006],[-54.366469,1.762167],[-53.555459,1.365808],[-53.112179,0.72006],[-52.915369,-0.192029],[-52.626937,-0.397185],[-52.358168,-1.069805],[-51.908315,-1.157973],[-51.201568,-0.049086],[-50.790639,0.169501],[-49.978831,1.072211],[-49.910159,1.664263],[-50.466542,1.815416],[-50.712618,2.236803],[-51.092742,3.376329],[-51.079905,3.88227],[-51.683217,4.039374],[-51.988424,3.704555],[-52.707708,2.358927],[-53.344104,2.349625],[-54.134908,2.110673],[-54.615292,2.326267]]]},"properties":{"featurecla":"Admin-1 states provinces","scalerank":2,"adm1_code":"BRA-681","diss_me":681,"iso_3166_2":"BR-AP","wikipedia":null,"iso_a2":"BR","adm0_sr":5,"name":"Amapá","name_alt":null,"name_local":null,"type":"Estado","type_en":"State","code_local":null,"code_hasc":"BR.AP","note":null,"hasc_maybe":null,"region":null,"region_cod":null,"provnum_ne":9,"gadm_level":1,"check_me":20,"datarank":1,"abbrev":"Amapá","postal":"AP","area_sqkm":0,"sameascity":-99,"labelrank":2,"name_len":5,"mapcolor9":5,"mapcolor13":7,"fips":"BR03","fips_alt":null,"woe_id":2344846,"woe_label":"Amapa, BR, Brazil","woe_name":"Amapá","latitude":1.41157,"longitude":-51.6842,"sov_a3":"BRA","adm0_a3":"BRA","adm0_label":2,"admin":"Brazil","geonunit":"Brazil","gu_a3":"BRA","gn_id":3407762,"gn_name":"Estado do Amapa","gns_id":-624535,"gns_name":"Amapa, Estado do","gn_level":1,"gn_region":null,"gn_a1_code":"BR.03","region_sub":null,"sub_code":null,"gns_level":1,"gns_lang":"por","gns_adm1":"BR03","gns_region":null,"min_label":3.7,"max_label":8.5,"min_zoom":3,"wikidataid":"Q40130","name_ar":"أمابا","name_bn":"আমাপা","name_de":"Amapá","name_en":"Amapá","name_es":"Amapá","name_fr":"Amapá","name_el":"Αμαπά","name_hi":"अमापा","name_hu":"Amapá","name_id":"Amapá","name_it":"Amapá","name_ja":"アマパー州","name_ko":"아마파","name_nl":"Amapá","name_pl":"Amapá","name_pt":"Amapá","name_ru":"Амапа","name_sv":"Amapá","name_tr":"Amapá","name_vi":"Amapá","name_zh":"阿马帕","ne_id":1159308867,"name_he":"אמאפה","name_uk":"Амапа","name_ur":"اماپا","name_fa":"آماپا","name_zht":"阿马帕","FCLASS_ISO":null,"FCLASS_US":null,"FCLASS_FR":null,"FCLASS_RU":null,"FCLASS_ES":null,"FCLASS_CN":null,"FCLASS_TW":null,"FCLASS_IN":null,"FCLASS_NP":null,"FCLASS_PK":null,"FCLASS_DE":null,"FCLASS_GB":null,"FCLASS_BR":null,"FCLASS_IL":null,"FCLASS_PS":null,"FCLASS_SA":null,"FCLASS_EG":null,"FCLASS_MA":null,"FCLASS_PT":null,"FCLASS_AR":null,"FCLASS_JP":null,"FCLASS_KO":null,"FCLASS_VN":null,"FCLASS_TR":null,"FCLASS_ID":null,"FCLASS_PL":null,"FCLASS_GR":null,"FCLASS_IT":null,"FCLASS_NL":null,"FCLASS_SE":null,"FCLASS_BD":null,"FCLASS_UA":null,"FCLASS_TLC":null}},
{"type":"Feature","geometry":{"type":"Polygon","coordinates":[[[88.892331,27.315543],[88.610488,28.105831],[88.118218,27.860885],[88.004663,27.249163],[88.733082,27.148972],[88.876116,27.280486],[88.892331,27.315543]]]},"properties":{"featurecla":"Admin-1 states provinces","scalerank":2,"adm1_code":"IND-3259","diss_me":3259,"iso_3166_2":"IN-SK","wikipedia":null,"iso_a2":"IN","adm0_sr":1,"name":"Sikkim","name_alt":null,"name_local":null,"type":"State","type_en":"State","code_local":null,"code_hasc":"IN.SK","note":null,"hasc_maybe":null,"region":"East","region_cod":null,"provnum_ne":20058,"gadm_level":1,"check_me":20,"datarank":1,"abbrev":null,"postal":"SK","area_sqkm":0,"sameascity":-99,"labelrank":2,"name_len":6,"mapcolor9":2,"mapcolor13":2,"fips":"IN29","fips_alt":null,"woe_id":2345762,"woe_label":"Sikkim, IN, India","woe_name":"Sikkim","latitude":27.5709,"longitude":88.4482,"sov_a3":"IND","adm0_a3":"IND","adm0_label":2,"admin":"India","geonunit":"India","gu_a3":"IND","gn_id":1256312,"gn_name":"State of Sikkim","gns_id":-2111292,"gns_name":"Sikkim, State of","gn_level":1,"gn_region":null,"gn_a1_code":"IN.29","region_sub":null,"sub_code":null,"gns_level":1,"gns_lang":"nld","gns_adm1":"IN29","gns_region":null,"min_label":4.6,"max_label":10.1,"min_zoom":4.6,"wikidataid":"Q1505","name_ar":"سيكيم","name_bn":"সিকিম","name_de":"Sikkim","name_en":"Sikkim","name_es":"Sikkim","name_fr":"Sikkim","name_el":"Σίκκιμ","name_hi":"सिक्किम","name_hu":"Szikkim","name_id":"Sikkim","name_it":"Sikkim","name_ja":"シッキム州","name_ko":"시킴","name_nl":"Sikkim","name_pl":"Sikkim","name_pt":"Siquim","name_ru":"Сикким","name_sv":"Sikkim","name_tr":"Sikkim","name_vi":"Sikkim","name_zh":"锡金邦","ne_id":1159314169,"name_he":"סיקים","name_uk":"Сіккім","name_ur":"سکم","name_fa":"سیکیم","name_zht":"錫金邦","FCLASS_ISO":null,"FCLASS_US":null,"FCLASS_FR":null,"FCLASS_RU":null,"FCLASS_ES":null,"FCLASS_CN":null,"FCLASS_TW":null,"FCLASS_IN":null,"FCLASS_NP":null,"FCLASS_PK":null,"FCLASS_DE":null,"FCLASS_GB":null,"FCLASS_BR":null,"FCLASS_IL":null,"FCLASS_PS":null,"FCLASS_SA":null,"FCLASS_EG":null,"FCLASS_MA":null,"FCLASS_PT":null,"FCLASS_AR":null,"FCLASS_JP":null,"FCLASS_KO":null,"FCLASS_VN":null,"FCLASS_TR":null,"FCLASS_ID":null,"FCLASS_PL":null,"FCLASS_GR":null,"FCLASS_IT":null,"FCLASS_NL":null,"FCLASS_SE":null,"FCLASS_BD":null,"FCLASS_UA":null,"FCLASS_TLC":null}},
{"type":"Feature","geometry":{"type":"Polygon","coordinates":[[[88.733082,27.148972],[88.004663,27.249163],[88.087136,26.5391],[87.831363,26.010557],[88.04644,25.668873],[87.783717,25.214094],[87.895442,24.670303],[87.661554,24.186198],[87.079677,23.815213],[85.829831,23.260803],[86.749362,22.5448],[86.686523,22.218024],[87.477387,21.613593],[87.97047,21.836493],[88.762462,21.555854],[89.060395,22.129869],[88.540104,23.649953],[88.731456,24.189771],[88.02179,24.645603],[88.43148,25.173038],[88.975323,25.302643],[88.074396,25.908135],[88.656273,26.415133],[89.351476,25.996864],[89.657829,26.187174],[89.858701,26.722057],[89.75467,26.700989],[89.368895,26.837359],[88.733082,27.148972]]]},"properties":{"featurecla":"Admin-1 states provinces","scalerank":2,"adm1_code":"IND-3257","diss_me":3257,"iso_3166_2":"IN-WB","wikipedia":null,"iso_a2":"IN","adm0_sr":4,"name":"West Bengal","name_alt":"Bangla|Bengala Occidentale|Bengala Ocidental|Bengale occidental","name_local":null,"type":"State","type_en":"State","code_local":null,"code_hasc":"IN.WB","note":null,"hasc_maybe":null,"region":"East","region_cod":null,"provnum_ne":20010,"gadm_level":1,"check_me":20,"datarank":1,"abbrev":null,"postal":"WB","area_sqkm":0,"sameascity":-99,"labelrank":2,"name_len":11,"mapcolor9":2,"mapcolor13":2,"fips":"IN28","fips_alt":null,"woe_id":2345761,"woe_label":"West Bengal, IN, India","woe_name":"West Bengal","latitude":23.0523,"longitude":87.7289,"sov_a3":"IND","adm0_a3":"IND","adm0_label":2,"admin":"India","geonunit":"India","gu_a3":"IND","gn_id":1252881,"gn_name":"State of West Bengal","gns_id":-2114741,"gns_name":"West Bengal, State of","gn_level":1,"gn_region":null,"gn_a1_code":"IN.28","region_sub":null,"sub_code":null,"gns_level":1,"gns_lang":"nld","gns_adm1":"IN28","gns_region":null,"min_label":4.6,"max_label":10.1,"min_zoom":4.6,"wikidataid":"Q1356","name_ar":"بنغال الغربية","name_bn":"পশ্চিমবঙ্গ","name_de":"Westbengalen","name_en":"West Bengal","name_es":"Bengala Occidental","name_fr":"Bengale-Occidental","name_el":"Δυτική Βεγγάλη","name_hi":"पश्चिम बंगाल","name_hu":"Nyugat-Bengál","name_id":"Benggala Barat","name_it":"Bengala Occidentale","name_ja":"西ベンガル州","name_ko":"서벵골","name_nl":"West-Bengalen","name_pl":"Bengal Zachodni","name_pt":"Bengala Ocidental","name_ru":"Западная Бенгалия","name_sv":"Västbengalen","name_tr":"Batı Bengal","name_vi":"Tây Bengal","name_zh":"西孟加拉邦","ne_id":1159313981,"name_he":"מערב בנגל","name_uk":"Західний Бенгал","name_ur":"مغربی بنگال","name_fa":"بنگال غربی","name_zht":"西孟加拉邦","FCLASS_ISO":null,"FCLASS_US":null,"FCLASS_FR":null,"FCLASS_RU":null,"FCLASS_ES":null,"FCLASS_CN":null,"FCLASS_TW":null,"FCLASS_IN":null,"FCLASS_NP":null,"FCLASS_PK":null,"FCLASS_DE":null,"FCLASS_GB":null,"FCLASS_BR":null,"FCLASS_IL":null,"FCLASS_PS":null,"FCLASS_SA":null,"FCLASS_EG":null,"FCLASS_MA":null,"FCLASS_PT":null,"FCLASS_AR":null,"FCLASS_JP":null,"FCLASS_KO":null,"FCLASS_VN":null,"FCLASS_TR":null,"FCLASS_ID":null,"FCLASS_PL":null,"FCLASS_GR":null,"FCLASS_IT":null,"FCLASS_NL":null,"FCLASS_SE":null,"FCLASS_BD":null,"FCLASS_UA":null,"FCLASS_TLC":null}},
{"type":"Feature","geometry":{"type":"Polygon","coordinates":[[[89.858701,26.722057],[89.657829,26.187174],[89.808568,25.439507],[90.135615,25.959785],[91.582348,26.026887],[92.214661,25.919478],[92.789613,25.348892],[92.384937,25.004773],[92.14998,24.542183],[92.29848,24.23772],[93.018436,24.399131],[93.449211,25.302125],[93.335936,25.538028],[94.486564,26.676667],[95.176444,27.033182],[95.903738,27.276087],[95.775891,27.717327],[95.31318,27.895791],[93.982512,27.327712],[93.694674,27.005949],[92.814831,27.050804],[92.080371,26.921571],[91.012781,26.784348],[90.944493,26.77887],[90.382627,26.891796],[89.858701,26.722057]]]},"properties":{"featurecla":"Admin-1 states provinces","scalerank":2,"adm1_code":"IND-2477","diss_me":2477,"iso_3166_2":"IN-AS","wikipedia":null,"iso_a2":"IN","adm0_sr":1,"name":"Assam","name_alt":null,"name_local":null,"type":"State","type_en":"State","code_local":null,"code_hasc":"IN.AS","note":null,"hasc_maybe":null,"region":"Northeast","region_cod":null,"provnum_ne":20049,"gadm_level":1,"check_me":20,"datarank":1,"abbrev":null,"postal":"AS","area_sqkm":0,"sameascity":-99,"labelrank":2,"name_len":5,"mapcolor9":2,"mapcolor13":2,"fips":"IN03","fips_alt":null,"woe_id":2345741,"woe_label":"Assam, IN, India","woe_name":"Assam","latitude":26.3302,"longitude":92.9929,"sov_a3":"IND","adm0_a3":"IND","adm0_label":2,"admin":"India","geonunit":"India","gu_a3":"IND","gn_id":1278253,"gn_name":"State of Assam","gns_id":-2089251,"gns_name":"Assam, State of","gn_level":1,"gn_region":null,"gn_a1_code":"IN.03","region_sub":null,"sub_code":null,"gns_level":1,"gns_lang":"nld","gns_adm1":"IN03","gns_region":null,"min_label":4.6,"max_label":10.1,"min_zoom":4.6,"wikidataid":"Q1164","name_ar":"آسام","name_bn":"আসাম","name_de":"Assam","name_en":"Assam","name_es":"Assam","name_fr":"Assam","name_el":"Άσαμ","name_hi":"असम","name_hu":"Asszám","name_id":"Assam","name_it":"Assam","name_ja":"アッサム州","name_ko":"아삼","name_nl":"Assam","name_pl":"Asam","name_pt":"Assam","name_ru":"Ассам","name_sv":"Assam","name_tr":"Assam","name_vi":"Assam","name_zh":"阿萨姆邦","ne_id":1159311865,"name_he":"אסאם","name_uk":"Ассам","name_ur":"آسام","name_fa":"آسام","name_zht":"阿薩姆邦","FCLASS_ISO":null,"FCLASS_US":null,"FCLASS_FR":null,"FCLASS_RU":null,"FCLASS_ES":null,"FCLASS_CN":null,"FCLASS_TW":null,"FCLASS_IN":null,"FCLASS_NP":null,"FCLASS_PK":null,"FCLASS_DE":null,"FCLASS_GB":null,"FCLASS_BR":null,"FCLASS_IL":null,"FCLASS_PS":null,"FCLASS_SA":null,"FCLASS_EG":null,"FCLASS_MA":null,"FCLASS_PT":null,"FCLASS_AR":null,"FCLASS_JP":null,"FCLASS_KO":null,"FCLASS_VN":null,"FCLASS_TR":null,"FCLASS_ID":null,"FCLASS_PL":null,"FCLASS_GR":null,"FCLASS_IT":null,"FCLASS_NL":null,"FCLASS_SE":null,"FCLASS_BD":null,"FCLASS_UA":null,"FCLASS_TLC":null}},
{"type":"Feature","geometry":{"type":"Polygon","coordinates":[[[80.996017,30.196969],[80.252806,30.565009],[79.833504,30.961522],[78.89261,31.281772],[78.284245,31.290338],[77.806032,31.050508],[77.585063,30.382926],[77.831456,29.659895],[78.38057,29.761569],[79.443658,28.849583],[80.073054,28.820925],[80.368975,29.757926],[80.996017,30.196969]]]},"properties":{"featurecla":"Admin-1 states provinces","scalerank":2,"adm1_code":"IND-3254","diss_me":3254,"iso_3166_2":"IN-UT","wikipedia":null,"iso_a2":"IN","adm0_sr":1,"name":"Uttarakhand","name_alt":"Uttaranchal","name_local":null,"type":"State","type_en":"State","code_local":null,"code_hasc":"IN.UT","note":null,"hasc_maybe":null,"region":"Central","region_cod":null,"provnum_ne":20065,"gadm_level":1,"check_me":20,"datarank":1,"abbrev":null,"postal":"UT","area_sqkm":0,"sameascity":-99,"labelrank":2,"name_len":11,"mapcolor9":2,"mapcolor13":2,"fips":"IN39","fips_alt":null,"woe_id":20070462,"woe_label":"Uttarakhand, IN, India","woe_name":"Uttaranchal","latitude":30.0576,"longitude":79.2841,"sov_a3":"IND","adm0_a3":"IND","adm0_label":2,"admin":"India","geonunit":"India","gu_a3":"IND","gn_id":1444366,"gn_name":"State of Uttarakhand","gns_id":6240779,"gns_name":"Uttarakhand, State of","gn_level":1,"gn_region":null,"gn_a1_code":"IN.39","region_sub":null,"sub_code":null,"gns_level":1,"gns_lang":"eng","gns_adm1":"IN39","gns_region":null,"min_label":4.6,"max_label":10.1,"min_zoom":4.6,"wikidataid":"Q1499","name_ar":"أوتاراخند","name_bn":"উত্তরাখণ্ড","name_de":"Uttarakhand","name_en":"Uttarakhand","name_es":"Uttarakhand","name_fr":"Uttarakhand","name_el":"Ουταράχαντ","name_hi":"उत्तराखण्ड","name_hu":"Uttarakhand","name_id":"Uttarakhand","name_it":"Uttarakhand","name_ja":"ウッタラーカンド州","name_ko":"우타라칸드","name_nl":"Uttarakhand","name_pl":"Uttarakhand","name_pt":"Uttarakhand","name_ru":"Уттаракханд","name_sv":"Uttarakhand","name_tr":"Uttarakhand","name_vi":"Uttarakhand","name_zh":"北阿坎德邦","ne_id":1159314161,"name_he":"אוטראקהאנד","name_uk":"Уттаракханд","name_ur":"اتراکھنڈ","name_fa":"اوتاراکند","name_zht":"北阿坎德邦","FCLASS_ISO":null,"FCLASS_US":null,"FCLASS_FR":null,"FCLASS_RU":null,"FCLASS_ES":null,"FCLASS_CN":null,"FCLASS_TW":null,"FCLASS_IN":null,"FCLASS_NP":null,"FCLASS_PK":null,"FCLASS_DE":null,"FCLASS_GB":null,"FCLASS_BR":null,"FCLASS_IL":null,"FCLASS_PS":null,"FCLASS_SA":null,"FCLASS_EG":null,"FCLASS_MA":null,"FCLASS_PT":null,"FCLASS_AR":null,"FCLASS_JP":null,"FCLASS_KO":null,"FCLASS_VN":null,"FCLASS_TR":null,"FCLASS_ID":null,"FCLASS_PL":null,"FCLASS_GR":null,"FCLASS_IT":null,"FCLASS_NL":null,"FCLASS_SE":null,"FCLASS_BD":null,"FCLASS_UA":null,"FCLASS_TLC":null}},
{"type":"Feature","geometry":{"type":"Polygon","coordinates":[[[-57.724456,-17.736642],[-57.551082,-18.183643],[-58.158797,-20.165125],[-57.86021,-20.730258],[-57.973134,-22.081048],[-56.842856,-22.289026],[-56.421797,-22.074465],[-55.631199,-22.626783],[-55.533796,-23.530444],[-55.398035,-23.97683],[-54.612553,-23.811155],[-54.24575,-24.050393],[-53.596775,-22.920151],[-53.167964,-22.701715],[-52.36933,-22.098909],[-52.043614,-21.666119],[-51.620229,-20.69977],[-50.993962,-20.101667],[-50.961173,-19.47354],[-51.138191,-19.284352],[-52.892864,-18.637828],[-53.053836,-18.016626],[-53.728162,-18.007996],[-54.526072,-17.513608],[-55.180502,-17.685794],[-56.102642,-17.187374],[-56.756349,-17.318167],[-57.131288,-17.786563],[-57.724456,-17.736642]]]},"properties":{"featurecla":"Admin-1 states provinces","scalerank":2,"adm1_code":"BRA-600","diss_me":600,"iso_3166_2":"BR-MS","wikipedia":null,"iso_a2":"BR","adm0_sr":1,"name":"Mato Grosso do Sul","name_alt":null,"name_local":null,"type":"Estado","type_en":"State","code_local":null,"code_hasc":"BR.MS","note":null,"hasc_maybe":null,"region":null,"region_cod":null,"provnum_ne":20,"gadm_level":1,"check_me":20,"datarank":1,"abbrev":"M.Gro.","postal":"MS","area_sqkm":0,"sameascity":-99,"labelrank":2,"name_len":18,"mapcolor9":5,"mapcolor13":7,"fips":"BR11","fips_alt":null,"woe_id":2344853,"woe_label":"Mato Grosso do Sul, BR, Brazil","woe_name":"Mato Grosso do Sul","latitude":-20.6756,"longitude":-54.5502,"sov_a3":"BRA","adm0_a3":"BRA","adm0_label":2,"admin":"Brazil","geonunit":"Brazil","gu_a3":"BRA","gn_id":3457415,"gn_name":"Estado de Mato Grosso do Sul","gns_id":-654593,"gns_name":"Mato Grosso do Sul, Estado de","gn_level":1,"gn_region":null,"gn_a1_code":"BR.11","region_sub":null,"sub_code":null,"gns_level":1,"gns_lang":"por","gns_adm1":"BR11","gns_region":null,"min_label":3.7,"max_label":8.5,"min_zoom":3,"wikidataid":"Q43319","name_ar":"ماتو غروسو دو سول","name_bn":"মাতো গ্রোস দো সৌল","name_de":"Mato Grosso do Sul","name_en":"Mato Grosso do Sul","name_es":"Mato Grosso do Sul","name_fr":"Mato Grosso do Sul","name_el":"Μάτο Γκρόσο ντο Σουλ","name_hi":"मातो ग्रोसो दो सुल","name_hu":"Mato Grosso do Sul","name_id":"Mato Grosso do Sul","name_it":"Mato Grosso do Sul","name_ja":"マットグロッソ・ド・スル州","name_ko":"마투그로수두술","name_nl":"Mato Grosso do Sul","name_pl":"Mato Grosso do Sul","name_pt":"Mato Grosso do Sul","name_ru":"Мату-Гросу-ду-Сул","name_sv":"Mato Grosso do Sul","name_tr":"Mato Grosso do Sul","name_vi":"Mato Grosso do Sul","name_zh":"南马托格罗索州","ne_id":1159307905,"name_he":"מאטו גרוסו דו סול","name_uk":"Мату-Гросу-ду-Сул","name_ur":"جنوبی ماتو گروسو","name_fa":"ماتوگروسو جنوبی","name_zht":"南马托格罗索州","FCLASS_ISO":null,"FCLASS_US":null,"FCLASS_FR":null,"FCLASS_RU":null,"FCLASS_ES":null,"FCLASS_CN":null,"FCLASS_TW":null,"FCLASS_IN":null,"FCLASS_NP":null,"FCLASS_PK":null,"FCLASS_DE":null,"FCLASS_GB":null,"FCLASS_BR":null,"FCLASS_IL":null,"FCLASS_PS":null,"FCLASS_SA":null,"FCLASS_EG":null,"FCLASS_MA":null,"FCLASS_PT":null,"FCLASS_AR":null,"FCLASS_JP":null,"FCLASS_KO":null,"FCLASS_VN":null,"FCLASS_TR":null,"FCLASS_ID":null,"FCLASS_PL":null,"FCLASS_GR":null,"FCLASS_IT":null,"FCLASS_NL":null,"FCLASS_SE":null,"FCLASS_BD":null,"FCLASS_UA":null,"FCLASS_TLC":null}},
{"type":"Feature","geometry":{"type":"Polygon","coordinates":[[[-54.358429,-24.731422],[-54.600203,-25.574945],[-53.90996,-25.629236],[-53.661552,-26.259791],[-51.238598,-26.607316],[-51.072252,-26.235143],[-49.951002,-26.013709],[-49.594306,-26.22367],[-48.582749,-25.980902],[-48.082104,-25.307319],[-48.613151,-24.680354],[-49.218127,-24.68981],[-49.601825,-23.864435],[-49.638127,-23.259252],[-49.969968,-22.912141],[-50.785525,-22.94356],[-51.355051,-22.650142],[-52.066661,-22.521726],[-53.167964,-22.701715],[-53.596775,-22.920151],[-54.24575,-24.050393],[-54.358429,-24.731422]]]},"properties":{"featurecla":"Admin-1 states provinces","scalerank":2,"adm1_code":"BRA-613","diss_me":613,"iso_3166_2":"BR-PR","wikipedia":null,"iso_a2":"BR","adm0_sr":1,"name":"Paraná","name_alt":null,"name_local":null,"type":"Estado","type_en":"State","code_local":null,"code_hasc":"BR.PR","note":null,"hasc_maybe":null,"region":null,"region_cod":null,"provnum_ne":13,"gadm_level":1,"check_me":20,"datarank":1,"abbrev":"Paraná","postal":"PR","area_sqkm":0,"sameascity":-99,"labelrank":2,"name_len":6,"mapcolor9":5,"mapcolor13":7,"fips":"BR18","fips_alt":null,"woe_id":2344859,"woe_label":"Parana, BR, Brazil","woe_name":"Paraná","latitude":-24.6618,"longitude":-51.3228,"sov_a3":"BRA","adm0_a3":"BRA","adm0_label":2,"admin":"Brazil","geonunit":"Brazil","gu_a3":"BRA","gn_id":3455077,"gn_name":"Estado do Parana","gns_id":-659430,"gns_name":"Parana, Estado do","gn_level":1,"gn_region":null,"gn_a1_code":"BR.18","region_sub":null,"sub_code":null,"gns_level":1,"gns_lang":"por","gns_adm1":"BR18","gns_region":null,"min_label":3.7,"max_label":8.5,"min_zoom":3,"wikidataid":"Q15499","name_ar":"بارانا","name_bn":"পারানা","name_de":"Paraná","name_en":"Paraná","name_es":"Paraná","name_fr":"Paraná","name_el":"Παρανά","name_hi":"पाराना","name_hu":"Paraná","name_id":"Paraná","name_it":"Paraná","name_ja":"パラナ州","name_ko":"파라나","name_nl":"Paraná","name_pl":"Parana","name_pt":"Paraná","name_ru":"Парана","name_sv":"Paraná","name_tr":"Paraná","name_vi":"Paraná","name_zh":"巴拉那州","ne_id":1159307913,"name_he":"פרנה","name_uk":"Парана","name_ur":"پارانا","name_fa":"پارانا، برزیل","name_zht":"巴拉那","FCLASS_ISO":null,"FCLASS_US":null,"FCLASS_FR":null,"FCLASS_RU":null,"FCLASS_ES":null,"FCLASS_CN":null,"FCLASS_TW":null,"FCLASS_IN":null,"FCLASS_NP":null,"FCLASS_PK":null,"FCLASS_DE":null,"FCLASS_GB":null,"FCLASS_BR":null,"FCLASS_IL":null,"FCLASS_PS":null,"FCLASS_SA":null,"FCLASS_EG":null,"FCLASS_MA":null,"FCLASS_PT":null,"FCLASS_AR":null,"FCLASS_JP":null,"FCLASS_KO":null,"FCLASS_VN":null,"FCLASS_TR":null,"FCLASS_ID":null,"FCLASS_PL":null,"FCLASS_GR":null,"FCLASS_IT":null,"FCLASS_NL":null,"FCLASS_SE":null,"FCLASS_BD":null,"FCLASS_UA":null,"FCLASS_TLC":null}},
{"type":"Feature","geometry":{"type":"Polygon","coordinates":[[[-53.661552,-26.259791],[-53.842006,-27.163509],[-53.368856,-27.071991],[-52.179058,-27.268154],[-51.080494,-27.821092],[-50.621065,-28.374185],[-49.736597,-28.511386],[-50.078979,-29.243331],[-49.713531,-29.324477],[-48.815338,-28.610447],[-48.565541,-27.860284],[-48.6822,-26.719171],[-48.582749,-25.980902],[-49.594306,-26.22367],[-49.951002,-26.013709],[-51.072252,-26.235143],[-51.238598,-26.607316],[-53.661552,-26.259791]]]},"properties":{"featurecla":"Admin-1 states provinces","scalerank":2,"adm1_code":"BRA-614","diss_me":614,"iso_3166_2":"BR-SC","wikipedia":null,"iso_a2":"BR","adm0_sr":1,"name":"Santa Catarina","name_alt":"Santa Catharina","name_local":null,"type":"Estado","type_en":"State","code_local":null,"code_hasc":"BR.SC","note":null,"hasc_maybe":null,"region":null,"region_cod":null,"provnum_ne":5,"gadm_level":1,"check_me":20,"datarank":1,"abbrev":"S.C.","postal":"SC","area_sqkm":0,"sameascity":-99,"labelrank":2,"name_len":14,"mapcolor9":5,"mapcolor13":7,"fips":"BR26","fips_alt":null,"woe_id":2344867,"woe_label":"Santa Catarina, BR, Brazil","woe_name":"Santa Catarina","latitude":-27.0392,"longitude":-51.1586,"sov_a3":"BRA","adm0_a3":"BRA","adm0_label":2,"admin":"Brazil","geonunit":"Brazil","gu_a3":"BRA","gn_id":3450387,"gn_name":"Estado de Santa Catarina","gns_id":-668106,"gns_name":"Santa Catarina, Estado de","gn_level":1,"gn_region":null,"gn_a1_code":"BR.26","region_sub":null,"sub_code":null,"gns_level":1,"gns_lang":"kor","gns_adm1":"BR26","gns_region":null,"min_label":3.7,"max_label":8.5,"min_zoom":3,"wikidataid":"Q41115","name_ar":"سانتا كاتارينا","name_bn":"স্যান্টা ক্যাটারিনা","name_de":"Santa Catarina","name_en":"Santa Catarina","name_es":"Santa Catarina","name_fr":"Santa Catarina","name_el":"Σάντα Καταρίνα","name_hi":"सांता कातारीना","name_hu":"Santa Catarina","name_id":"Santa Catarina","name_it":"Santa Catarina","name_ja":"サンタカタリーナ州","name_ko":"산타카타리나","name_nl":"Santa Catarina","name_pl":"Santa Catarina","name_pt":"Santa Catarina","name_ru":"Санта-Катарина","name_sv":"Santa Catarina","name_tr":"Santa Catarina","name_vi":"Santa Catarina","name_zh":"圣卡塔琳娜州","ne_id":1159307915,"name_he":"סנטה קטרינה","name_uk":"Санта-Катаріна","name_ur":"سانتا کاتارینا","name_fa":"سانتا کاتارینا","name_zht":"聖塔卡塔林那","FCLASS_ISO":null,"FCLASS_US":null,"FCLASS_FR":null,"FCLASS_RU":null,"FCLASS_ES":null,"FCLASS_CN":null,"FCLASS_TW":null,"FCLASS_IN":null,"FCLASS_NP":null,"FCLASS_PK":null,"FCLASS_DE":null,"FCLASS_GB":null,"FCLASS_BR":null,"FCLASS_IL":null,"FCLASS_PS":null,"FCLASS_SA":null,"FCLASS_EG":null,"FCLASS_MA":null,"FCLASS_PT":null,"FCLASS_AR":null,"FCLASS_JP":null,"FCLASS_KO":null,"FCLASS_VN":null,"FCLASS_TR":null,"FCLASS_ID":null,"FCLASS_PL":null,"FCLASS_GR":null,"FCLASS_IT":null,"FCLASS_NL":null,"FCLASS_SE":null,"FCLASS_BD":null,"FCLASS_UA":null,"FCLASS_TLC":null}},
{"type":"Feature","geometry":{"type":"Polygon","coordinates":[[[9.547482,47.534547],[9.554144,47.532743],[10.131403,47.687916],[9.980559,48.381337],[10.467351,48.914999],[10.127527,49.511448],[9.11069,49.575114],[8.41683,49.579455],[8.199892,48.95825],[7.581976,48.121353],[7.586028,47.584619],[7.646901,47.551445],[7.72732,47.550423],[8.4211,47.581112],[8.551719,47.596863],[8.576305,47.595023],[8.593589,47.658169],[8.851935,47.671282],[9.547482,47.534547]]]},"properties":{"featurecla":"Admin-1 states provinces","scalerank":3,"adm1_code":"DEU-1573","diss_me":1573,"iso_3166_2":"DE-BW","wikipedia":null,"iso_a2":"DE","adm0_sr":1,"name":"Baden-Württemberg","name_alt":null,"name_local":null,"type":"Land","type_en":"State","code_local":null,"code_hasc":"DE.BW","note":null,"hasc_maybe":null,"region":null,"region_cod":null,"provnum_ne":15,"gadm_level":1,"check_me":20,"datarank":3,"abbrev":null,"postal":"BW","area_sqkm":0,"sameascity":-99,"labelrank":3,"name_len":17,"mapcolor9":5,"mapcolor13":1,"fips":"GM01","fips_alt":null,"woe_id":2345481,"woe_label":"Baden-Wurttemberg, DE, Germany","woe_name":"Baden-Württemberg","latitude":48.59,"longitude":9.00328,"sov_a3":"DEU","adm0_a3":"DEU","adm0_label":2,"admin":"Germany","geonunit":"Germany","gu_a3":"DEU","gn_id":2953481,"gn_name":"Baden-Wuerttemberg","gns_id":-1743106,"gns_name":"Baden-Wurttemberg","gn_level":1,"gn_region":null,"gn_a1_code":"DE.01","region_sub":null,"sub_code":null,"gns_level":1,"gns_lang":"zho","gns_adm1":"GM01","gns_region":null,"min_label":6.6,"max_label":11,"min_zoom":6.6,"wikidataid":"Q985","name_ar":"بادن-فورتمبيرغ","name_bn":"বাডেন-ভুর্টেমবের্গ","name_de":"Baden-Württemberg","name_en":"Baden-Württemberg","name_es":"Baden-Wurtemberg","name_fr":"Bade-Wurtemberg","name_el":"Βάδη-Βυρτεμβέργη","name_hi":"बेडन-वुर्टमबर्ग","name_hu":"Baden-Württemberg","name_id":"Baden-Württemberg","name_it":"Baden-Württemberg","name_ja":"バーデン＝ヴュルテンベルク州","name_ko":"바덴뷔르템베르크","name_nl":"Baden-Württemberg","name_pl":"Badenia-Wirtembergia","name_pt":"Baden-Württemberg","name_ru":"Баден-Вюртемберг","name_sv":"Baden-Württemberg","name_tr":"Baden-Württemberg","name_vi":"Baden-Württemberg","name_zh":"巴登－符腾堡","ne_id":1159310975,"name_he":"באדן-וירטמברג","name_uk":"Баден-Вюртемберг","name_ur":"بادن-وورتمبرگ","name_fa":"بادن-وورتمبرگ","name_zht":"巴登－符腾堡","FCLASS_ISO":null,"FCLASS_US":null,"FCLASS_FR":null,"FCLASS_RU":null,"FCLASS_ES":null,"FCLASS_CN":null,"FCLASS_TW":null,"FCLASS_IN":null,"FCLASS_NP":null,"FCLASS_PK":null,"FCLASS_DE":null,"FCLASS_GB":null,"FCLASS_BR":null,"FCLASS_IL":null,"FCLASS_PS":null,"FCLASS_SA":null,"FCLASS_EG":null,"FCLASS_MA":null,"FCLASS_PT":null,"FCLASS_AR":null,"FCLASS_JP":null,"FCLASS_KO":null,"FCLASS_VN":null,"FCLASS_TR":null,"FCLASS_ID":null,"FCLASS_PL":null,"FCLASS_GR":null,"FCLASS_IT":null,"FCLASS_NL":null,"FCLASS_SE":null,"FCLASS_BD":null,"FCLASS_UA":null,"FCLASS_TLC":null}},
{"type":"Feature","geometry":{"type":"Polygon","coordinates":[[[14.607965,52.596463],[14.21601,52.817992],[14.391261,53.334017],[13.538947,53.396664],[13.000995,53.167659],[12.186936,53.368965],[11.27409,53.117544],[11.58134,53.042861],[12.203266,52.865921],[12.19908,52.19392],[13.061663,51.615093],[13.970341,51.359191],[14.70677,51.540828],[14.607965,52.596463]]]},"properties":{"featurecla":"Admin-1 states provinces","scalerank":3,"adm1_code":"DEU-3487","diss_me":3487,"iso_3166_2":"DE-BB","wikipedia":null,"iso_a2":"DE","adm0_sr":1,"name":"Brandenburg","name_alt":null,"name_local":null,"type":"Land","type_en":"State","code_local":null,"code_hasc":"DE.BB","note":null,"hasc_maybe":"DE.BE|DEU-BRN","region":null,"region_cod":null,"provnum_ne":17,"gadm_level":1,"check_me":20,"datarank":3,"abbrev":null,"postal":"BE","area_sqkm":0,"sameascity":-99,"labelrank":3,"name_len":11,"mapcolor9":5,"mapcolor13":1,"fips":"GM11","fips_alt":"GM16","woe_id":2345491,"woe_label":"Brandenburg, DE, Germany","woe_name":"Brandenburg","latitude":52.8156,"longitude":12.9206,"sov_a3":"DEU","adm0_a3":"DEU","adm0_label":2,"admin":"Germany","geonunit":"Germany","gu_a3":"DEU","gn_id":2945356,"gn_name":"Land Brandenburg","gns_id":-1751262,"gns_name":"Brandenburg","gn_level":1,"gn_region":null,"gn_a1_code":"DE.11","region_sub":null,"sub_code":null,"gns_level":1,"gns_lang":"zho","gns_adm1":"GM11","gns_region":null,"min_label":6.6,"max_label":11,"min_zoom":6.6,"wikidataid":"Q1208","name_ar":"براندنبورغ","name_bn":"ব্রান্ডেনবুর্গ","name_de":"Brandenburg","name_en":"Brandenburg","name_es":"Brandeburgo","name_fr":"Brandebourg","name_el":"Βρανδεμβούργο","name_hi":"ब्रैंडेनबर्ग","name_hu":"Brandenburg","name_id":"Brandenburg","name_it":"Brandeburgo","name_ja":"ブランデンブルク州","name_ko":"브란덴부르크","name_nl":"Brandenburg","name_pl":"Brandenburgia","name_pt":"Brandemburgo","name_ru":"Бранденбург","name_sv":"Brandenburg","name_tr":"Brandenburg","name_vi":"Brandenburg","name_zh":"勃兰登堡","ne_id":1159315451,"name_he":"ברנדנבורג","name_uk":"Бранденбург","name_ur":"برندنبرگ","name_fa":"براندنبورگ","name_zht":"勃蘭登堡","FCLASS_ISO":null,"FCLASS_US":null,"FCLASS_FR":null,"FCLASS_RU":null,"FCLASS_ES":null,"FCLASS_CN":null,"FCLASS_TW":null,"FCLASS_IN":null,"FCLASS_NP":null,"FCLASS_PK":null,"FCLASS_DE":null,"FCLASS_GB":null,"FCLASS_BR":null,"FCLASS_IL":null,"FCLASS_PS":null,"FCLASS_SA":null,"FCLASS_EG":null,"FCLASS_MA":null,"FCLASS_PT":null,"FCLASS_AR":null,"FCLASS_JP":null,"FCLASS_KO":null,"FCLASS_VN":null,"FCLASS_TR":null,"FCLASS_ID":null,"FCLASS_PL":null,"FCLASS_GR":null,"FCLASS_IT":null,"FCLASS_NL":null,"FCLASS_SE":null,"FCLASS_BD":null,"FCLASS_UA":null,"FCLASS_TLC":null}},
{"type":"Feature","geometry":{"type":"Polygon","coordinates":[[[14.263901,53.699976],[12.501964,54.473578],[11.458995,53.916693],[10.906016,53.961208],[10.601245,53.371833],[11.27409,53.117544],[12.186936,53.368965],[13.000995,53.167659],[13.538947,53.396664],[14.391261,53.334017],[14.263901,53.699976]]]},"properties":{"featurecla":"Admin-1 states provinces","scalerank":3,"adm1_code":"DEU-3488","diss_me":3488,"iso_3166_2":"DE-MV","wikipedia":null,"iso_a2":"DE","adm0_sr":5,"name":"Mecklenburg-Vorpommern","name_alt":"Mecklenburg-West Pomerania","name_local":null,"type":"Land","type_en":"State","code_local":null,"code_hasc":"DE.MV","note":null,"hasc_maybe":null,"region":null,"region_cod":null,"provnum_ne":30001,"gadm_level":1,"check_me":20,"datarank":3,"abbrev":null,"postal":"MV","area_sqkm":0,"sameascity":-99,"labelrank":3,"name_len":22,"mapcolor9":5,"mapcolor13":1,"fips":"GM12","fips_alt":null,"woe_id":2345492,"woe_label":"Mecklenburg-Vorpommern, DE, Germany","woe_name":"Mecklenburg-Vorpommern","latitude":53.7528,"longitude":12.5647,"sov_a3":"DEU","adm0_a3":"DEU","adm0_label":2,"admin":"Germany","geonunit":"Germany","gu_a3":"DEU","gn_id":2872567,"gn_name":"Land Mecklenburg-Vorpommern","gns_id":-1824278,"gns_name":"Mecklenburg-Vorpommern","gn_level":1,"gn_region":null,"gn_a1_code":"DE.12","region_sub":null,"sub_code":null,"gns_level":1,"gns_lang":"zho","gns_adm1":"GM12","gns_region":null,"min_label":6.6,"max_label":11,"min_zoom":6.6,"wikidataid":"Q1196","name_ar":"مكلنبورغ فوربومرن","name_bn":"মেকলেনবুর্গ-ফোর্পোমের্ন","name_de":"Mecklenburg-Vorpommern","name_en":"Mecklenburg-Western Pomerania","name_es":"Mecklemburgo-Pomerania Occidental","name_fr":"Mecklembourg-Poméranie-Occidentale","name_el":"Μεκλεμβούργο-Δυτική Πομερανία","name_hi":"मेक्लेनबर्ग-वोर्पोमेर्न","name_hu":"Mecklenburg-Elő-Pomeránia","name_id":"Mecklenburg-Vorpommern","name_it":"Meclemburgo-Pomerania Anteriore","name_ja":"メクレンブルク＝フォアポンメルン州","name_ko":"메클렌부르크포어포메른","name_nl":"Mecklenburg-Voor-Pommeren","name_pl":"Meklemburgia-Pomorze Przednie","name_pt":"Mecklemburgo-Pomerânia Ocidental","name_ru":"Мекленбург — Передняя Померания","name_sv":"Mecklenburg-Vorpommern","name_tr":"Mecklenburg-Vorpommern","name_vi":"Mecklenburg-Vorpommern","name_zh":"梅克伦堡－前波美拉尼亚","ne_id":1159314907,"name_he":"מקלנבורג-מערב פומרניה","name_uk":"Мекленбург-Передня Померанія","name_ur":"مکلنبرگ-ورپورمرن","name_fa":"مکلنبورگ-فورپومرن","name_zht":"梅克倫堡－前波美拉尼亞","FCLASS_ISO":null,"FCLASS_US":null,"FCLASS_FR":null,"FCLASS_RU":null,"FCLASS_ES":null,"FCLASS_CN":null,"FCLASS_TW":null,"FCLASS_IN":null,"FCLASS_NP":null,"FCLASS_PK":null,"FCLASS_DE":null,"FCLASS_GB":null,"FCLASS_BR":null,"FCLASS_IL":null,"FCLASS_PS":null,"FCLASS_SA":null,"FCLASS_EG":null,"FCLASS_MA":null,"FCLASS_PT":null,"FCLASS_AR":null,"FCLASS_JP":null,"FCLASS_KO":null,"FCLASS_VN":null,"FCLASS_TR":null,"FCLASS_ID":null,"FCLASS_PL":null,"FCLASS_GR":null,"FCLASS_IT":null,"FCLASS_NL":null,"FCLASS_SE":null,"FCLASS_BD":null,"FCLASS_UA":null,"FCLASS_TLC":null}},
{"type":"Feature","geometry":{"type":"Polygon","coordinates":[[[22.269884,55.069537],[21.267589,55.248684],[20.989431,55.273116],[20.924569,55.282658],[20.033702,54.948188],[19.609548,54.456732],[19.758256,54.434256],[22.76722,54.35627],[22.571165,55.06399],[22.269884,55.069537]]]},"properties":{"featurecla":"Admin-1 states provinces","scalerank":2,"adm1_code":"RUS-2324","diss_me":2324,"iso_3166_2":"RU-KGD","wikipedia":null,"iso_a2":"RU","adm0_sr":1,"name":"Kaliningrad","name_alt":"Kaliningradskaya Oblast","name_local":"Калининградская область","type":"Oblast","type_en":"Region","code_local":null,"code_hasc":"RU.KN","note":null,"hasc_maybe":null,"region":"Northwestern","region_cod":null,"provnum_ne":7,"gadm_level":1,"check_me":20,"datarank":2,"abbrev":null,"postal":"KN","area_sqkm":0,"sameascity":7,"labelrank":7,"name_len":11,"mapcolor9":7,"mapcolor13":7,"fips":"RS23","fips_alt":null,"woe_id":2346938,"woe_label":"Kaliningradskaya Oblast, RU, Russia","woe_name":"Kaliningrad","latitude":54.6636,"longitude":21.2287,"sov_a3":"RUS","adm0_a3":"RUS","adm0_label":2,"admin":"Russia","geonunit":"Russia","gu_a3":"RUS","gn_id":554230,"gn_name":"Kaliningradskaya Oblast'","gns_id":-2918856,"gns_name":"Kaliningradskaya Oblast'","gn_level":1,"gn_region":null,"gn_a1_code":"RU.23","region_sub":"Kaliningrad","sub_code":null,"gns_level":1,"gns_lang":"rus","gns_adm1":"RS23","gns_region":null,"min_label":5,"max_label":10.2,"min_zoom":4.7,"wikidataid":"Q1749","name_ar":"أوبلاست كالينينغرادسكايا","name_bn":"কালিনিনগ্রাদ ওব্লাস্ট","name_de":"Kaliningrad","name_en":"Kaliningrad","name_es":"Kaliningrado","name_fr":"Kaliningrad","name_el":"Όμπλαστ του Καλίνινγκραντ","name_hi":"कलिनिनग्रैड ओब्लास्ट","name_hu":"Kalinyingrádi terület","name_id":"Kaliningrad","name_it":"Kaliningrad","name_ja":"カリーニングラード州","name_ko":"칼리닌그라드","name_nl":"Kaliningrad","name_pl":"kaliningradzki","name_pt":"Kaliningrado","name_ru":"Калининградская область","name_sv":"Kaliningrad","name_tr":"Kaliningrad Oblastı","name_vi":"Kaliningrad","name_zh":"加里宁格勒州","ne_id":1159312831,"name_he":"מחוז קלינינגרד","name_uk":"Калінінградська область","name_ur":"کیلننگراڈ اوبلاست","name_fa":"استان کالینینگراد","name_zht":"加里宁格勒州","FCLASS_ISO":null,"FCLASS_US":null,"FCLASS_FR":null,"FCLASS_RU":null,"FCLASS_ES":null,"FCLASS_CN":null,"FCLASS_TW":null,"FCLASS_IN":null,"FCLASS_NP":null,"FCLASS_PK":null,"FCLASS_DE":null,"FCLASS_GB":null,"FCLASS_BR":null,"FCLASS_IL":null,"FCLASS_PS":null,"FCLASS_SA":null,"FCLASS_EG":null,"FCLASS_MA":null,"FCLASS_PT":null,"FCLASS_AR":null,"FCLASS_JP":null,"FCLASS_KO":null,"FCLASS_VN":null,"FCLASS_TR":null,"FCLASS_ID":null,"FCLASS_PL":null,"FCLASS_GR":null,"FCLASS_IT":null,"FCLASS_NL":null,"FCLASS_SE":null,"FCLASS_BD":null,"FCLASS_UA":null,"FCLASS_TLC":null}},
{"type":"Feature","geometry":{"type":"Polygon","coordinates":[[[30.907122,55.57777],[30.770607,54.786011],[31.179017,54.453353],[31.753803,53.81961],[32.717794,53.431062],[33.501242,54.015799],[33.728722,54.561683],[34.817338,54.709374],[35.369655,55.238799],[35.174112,55.948265],[33.916617,56.073115],[33.187876,55.652521],[31.467361,55.729002],[30.907122,55.57777]]]},"properties":{"featurecla":"Admin-1 states provinces","scalerank":2,"adm1_code":"RUS-2343","diss_me":2343,"iso_3166_2":"RU-SMO","wikipedia":null,"iso_a2":"RU","adm0_sr":1,"name":"Smolensk","name_alt":"Smolenskaya Oblast","name_local":"Смоленская область","type":"Oblast","type_en":"Region","code_local":null,"code_hasc":"RU.SM","note":null,"hasc_maybe":null,"region":"Central","region_cod":null,"provnum_ne":20045,"gadm_level":1,"check_me":20,"datarank":2,"abbrev":null,"postal":"SM","area_sqkm":0,"sameascity":6,"labelrank":6,"name_len":8,"mapcolor9":7,"mapcolor13":7,"fips":"RS69","fips_alt":null,"woe_id":2346925,"woe_label":"Smolenskaya Oblast, RU, Russia","woe_name":"Smolensk","latitude":54.6726,"longitude":33.0803,"sov_a3":"RUS","adm0_a3":"RUS","adm0_label":2,"admin":"Russia","geonunit":"Russia","gu_a3":"RUS","gn_id":491684,"gn_name":"Smolenskaya Oblast'","gns_id":-3006143,"gns_name":"Smolenskaya Oblast'","gn_level":1,"gn_region":null,"gn_a1_code":"RU.69","region_sub":"Central","sub_code":null,"gns_level":1,"gns_lang":"fas","gns_adm1":"RS69","gns_region":null,"min_label":5,"max_label":10.2,"min_zoom":4.7,"wikidataid":"Q2347","name_ar":"أوبلاست سمولينسك","name_bn":"সি্মো স্মোলেনস্ক ওব্লাস্ট","name_de":"Smolensk","name_en":"Smolensk","name_es":"Smolensk","name_fr":"Smolensk","name_el":"Όμπλαστ του Σμολένσκ","name_hi":"स्मोलेंस्क ओब्लास्ट","name_hu":"Szmolenszki terület","name_id":"Smolensk","name_it":"Smolensk","name_ja":"スモレンスク州","name_ko":"스몰렌스크","name_nl":"Smolensk","name_pl":"smoleński","name_pt":"Smolensk","name_ru":"Смоленская область","name_sv":"Smolensk","name_tr":"Smolensk Oblastı","name_vi":"Smolensk","name_zh":"斯摩棱斯克州","ne_id":1159313155,"name_he":"סמולנסק","name_uk":"Смоленська область","name_ur":"سمولنسک اوبلاست","name_fa":"استان اسمولنسک","name_zht":"斯摩棱斯克州","FCLASS_ISO":null,"FCLASS_US":null,"FCLASS_FR":null,"FCLASS_RU":null,"FCLASS_ES":null,"FCLASS_CN":null,"FCLASS_TW":null,"FCLASS_IN":null,"FCLASS_NP":null,"FCLASS_PK":null,"FCLASS_DE":null,"FCLASS_GB":null,"FCLASS_BR":null,"FCLASS_IL":null,"FCLASS_PS":null,"FCLASS_SA":null,"FCLASS_EG":null,"FCLASS_MA":null,"FCLASS_PT":null,"FCLASS_AR":null,"FCLASS_JP":null,"FCLASS_KO":null,"FCLASS_VN":null,"FCLASS_TR":null,"FCLASS_ID":null,"FCLASS_PL":null,"FCLASS_GR":null,"FCLASS_IT":null,"FCLASS_NL":null,"FCLASS_SE":null,"FCLASS_BD":null,"FCLASS_UA":null,"FCLASS_TLC":null}},
{"type":"Feature","geometry":{"type":"Polygon","coordinates":[[[32.717794,53.431062],[32.20592,53.100352],[31.361573,53.120038],[31.764345,52.100568],[33.400576,52.344343],[34.371101,51.826811],[34.896816,52.353239],[35.103522,53.310777],[34.199184,53.891595],[33.501242,54.015799],[32.717794,53.431062]]]},"properties":{"featurecla":"Admin-1 states provinces","scalerank":2,"adm1_code":"RUS-2342","diss_me":2342,"iso_3166_2":"RU-BRY","wikipedia":null,"iso_a2":"RU","adm0_sr":1,"name":"Bryansk","name_alt":"Bryanskaya Oblast","name_local":"Брянская область","type":"Oblast","type_en":"Region","code_local":null,"code_hasc":"RU.BR","note":null,"hasc_maybe":null,"region":"Central","region_cod":null,"provnum_ne":20042,"gadm_level":1,"check_me":20,"datarank":2,"abbrev":null,"postal":"BR","area_sqkm":0,"sameascity":7,"labelrank":7,"name_len":7,"mapcolor9":7,"mapcolor13":7,"fips":"RS10","fips_alt":null,"woe_id":2346892,"woe_label":"Bryanskaya Oblast, RU, Russia","woe_name":"Bryansk","latitude":53.0868,"longitude":33.2803,"sov_a3":"RUS","adm0_a3":"RUS","adm0_label":2,"admin":"Russia","geonunit":"Russia","gu_a3":"RUS","gn_id":571473,"gn_name":"Bryanskaya Oblast'","gns_id":-2893498,"gns_name":"Bryanskaya Oblast'","gn_level":1,"gn_region":null,"gn_a1_code":"RU.10","region_sub":"Central","sub_code":null,"gns_level":1,"gns_lang":"rus","gns_adm1":"RS10","gns_region":null,"min_label":5,"max_label":10.2,"min_zoom":4.7,"wikidataid":"Q2810","name_ar":"أوبلاست بريانسك","name_bn":"ব্রিয়ানস্ক ওব্লাস্ট","name_de":"Brjansk","name_en":"Bryansk","name_es":"Briansk","name_fr":"Briansk","name_el":"Όμπλαστ του Μπριάνσκ","name_hi":"ब्रियांस्क ओब्लास्ट","name_hu":"Brjanszki terület","name_id":"Bryansk","name_it":"Brjansk","name_ja":"ブリャンスク州","name_ko":"브랸스크","name_nl":"Brjansk","name_pl":"briański","name_pt":"Briansk","name_ru":"Брянская область","name_sv":"Brjansk","name_tr":"Bryansk Oblastı","name_vi":"Bryansk","name_zh":"布良斯克州","ne_id":1159313153,"name_he":"מחוז בריאנסק","name_uk":"Брянська область","name_ur":"بریانسک اوبلاست","name_fa":"استان بریانسک","name_zht":"布良斯克州","FCLASS_ISO":null,"FCLASS_US":null,"FCLASS_FR":null,"FCLASS_RU":null,"FCLASS_ES":null,"FCLASS_CN":null,"FCLASS_TW":null,"FCLASS_IN":null,"FCLASS_NP":null,"FCLASS_PK":null,"FCLASS_DE":null,"FCLASS_GB":null,"FCLASS_BR":null,"FCLASS_IL":null,"FCLASS_PS":null,"FCLASS_SA":null,"FCLASS_EG":null,"FCLASS_MA":null,"FCLASS_PT":null,"FCLASS_AR":null,"FCLASS_JP":null,"FCLASS_KO":null,"FCLASS_VN":null,"FCLASS_TR":null,"FCLASS_ID":null,"FCLASS_PL":null,"FCLASS_GR":null,"FCLASS_IT":null,"FCLASS_NL":null,"FCLASS_SE":null,"FCLASS_BD":null,"FCLASS_UA":null,"FCLASS_TLC":null}},
{"type":"Feature","geometry":{"type":"Polygon","coordinates":[[[34.371101,51.826811],[34.280315,51.361259],[35.282218,50.961107],[36.617538,51.079751],[37.144224,51.342913],[38.291544,51.292451],[38.298779,51.961015],[37.747081,52.016903],[37.353514,51.936158],[35.39632,52.41401],[34.896816,52.353239],[34.371101,51.826811]]]},"properties":{"featurecla":"Admin-1 states provinces","scalerank":2,"adm1_code":"RUS-2362","diss_me":2362,"iso_3166_2":"RU-KRS","wikipedia":null,"iso_a2":"RU","adm0_sr":1,"name":"Kursk","name_alt":"Kurskaya Oblast","name_local":"Курская область","type":"Oblast","type_en":"Region","code_local":null,"code_hasc":"RU.KS","note":null,"hasc_maybe":null,"region":"Central","region_cod":null,"provnum_ne":20044,"gadm_level":1,"check_me":20,"datarank":2,"abbrev":null,"postal":"KS","area_sqkm":0,"sameascity":7,"labelrank":7,"name_len":5,"mapcolor9":7,"mapcolor13":7,"fips":"RS41","fips_alt":null,"woe_id":2346905,"woe_label":"Kurskaya Oblast, RU, Russia","woe_name":"Kursk","latitude":51.7358,"longitude":36.2921,"sov_a3":"RUS","adm0_a3":"RUS","adm0_label":2,"admin":"Russia","geonunit":"Russia","gu_a3":"RUS","gn_id":538555,"gn_name":"Kurskaya Oblast'","gns_id":-2941655,"gns_name":"Kurskaya Oblast'","gn_level":1,"gn_region":null,"gn_a1_code":"RU.41","region_sub":"Central Black Earth","sub_code":null,"gns_level":1,"gns_lang":"rus","gns_adm1":"RS41","gns_region":null,"min_label":5,"max_label":10.2,"min_zoom":4.7,"wikidataid":"Q3178","name_ar":"كورسك أوبلاست","name_bn":"কুরস্ক ওব্লাস্ট","name_de":"Kursk","name_en":"Kursk","name_es":"Kursk","name_fr":"Koursk","name_el":"Όμπλαστ του Κουρσκ","name_hi":"कुर्सक ओब्लास्ट","name_hu":"Kurszki terület","name_id":"Kursk","name_it":"Kursk","name_ja":"クルスク州","name_ko":"쿠르스크","name_nl":"Koersk","name_pl":"kurski","name_pt":"Kursk","name_ru":"Курская область","name_sv":"Kursk","name_tr":"Kursk Oblastı","name_vi":"Kursk","name_zh":"库尔斯克州","ne_id":1159313159,"name_he":"מחוז קורסק","name_uk":"Курська область","name_ur":"کورسک اوبلاست","name_fa":"استان کورسک","name_zht":"库尔斯克州","FCLASS_ISO":null,"FCLASS_US":null,"FCLASS_FR":null,"FCLASS_RU":null,"FCLASS_ES":null,"FCLASS_CN":null,"FCLASS_TW":null,"FCLASS_IN":null,"FCLASS_NP":null,"FCLASS_PK":null,"FCLASS_DE":null,"FCLASS_GB":null,"FCLASS_BR":null,"FCLASS_IL":null,"FCLASS_PS":null,"FCLASS_SA":null,"FCLASS_EG":null,"FCLASS_MA":null,"FCLASS_PT":null,"FCLASS_AR":null,"FCLASS_JP":null,"FCLASS_KO":null,"FCLASS_VN":null,"FCLASS_TR":null,"FCLASS_ID":null,"FCLASS_PL":null,"FCLASS_GR":null,"FCLASS_IT":null,"FCLASS_NL":null,"FCLASS_SE":null,"FCLASS_BD":null,"FCLASS_UA":null,"FCLASS_TLC":null}},
{"type":"Feature","geometry":{"type":"Polygon","coordinates":[[[35.282218,50.961107],[35.69221,50.344168],[36.682649,50.260654],[37.435265,50.424934],[38.022924,49.909142],[39.181006,49.859487],[39.097697,50.506065],[38.291544,51.292451],[37.144224,51.342913],[36.617538,51.079751],[35.282218,50.961107]]]},"properties":{"featurecla":"Admin-1 states provinces","scalerank":2,"adm1_code":"RUS-2370","diss_me":2370,"iso_3166_2":"RU-BEL","wikipedia":null,"iso_a2":"RU","adm0_sr":1,"name":"Belgorod","name_alt":"Belgorodskaya Oblast","name_local":"Белгородская область","type":"Oblast","type_en":"Region","code_local":null,"code_hasc":"RU.BL","note":null,"hasc_maybe":null,"region":"Central","region_cod":null,"provnum_ne":20049,"gadm_level":1,"check_me":20,"datarank":2,"abbrev":null,"postal":"BL","area_sqkm":0,"sameascity":7,"labelrank":7,"name_len":8,"mapcolor9":7,"mapcolor13":7,"fips":"RS09","fips_alt":null,"woe_id":2346891,"woe_label":"Belgorodskaya Oblast, RU, Russia","woe_name":"Belgorod","latitude":50.8757,"longitude":37.277,"sov_a3":"RUS","adm0_a3":"RUS","adm0_label":2,"admin":"Russia","geonunit":"Russia","gu_a3":"RUS","gn_id":578071,"gn_name":"Belgorodskaya Oblast'","gns_id":-2883931,"gns_name":"Belgorodskaya Oblast'","gn_level":1,"gn_region":null,"gn_a1_code":"RU.09","region_sub":"Central Black Earth","sub_code":null,"gns_level":1,"gns_lang":"rus","gns_adm1":"RS09","gns_region":null,"min_label":5,"max_label":10.2,"min_zoom":4.7,"wikidataid":"Q3329","name_ar":"أوبلاست بيلغورود","name_bn":"বেল্গ্রোদ ওব্লাস্ট","name_de":"Belgorod","name_en":"Belgorod","name_es":"Bélgorod","name_fr":"Belgorod","name_el":"Όμπλαστ του Μπέλγκοροντ","name_hi":"बेल्गोरोद ओब्लास्त","name_hu":"Belgorodi terület","name_id":"Belgorod","name_it":"Belgorod","name_ja":"ベルゴロド州","name_ko":"벨고로드","name_nl":"Belgorod","name_pl":"biełgorodzki","name_pt":"Belgorod","name_ru":"Белгородская область","name_sv":"Belgorod","name_tr":"Belgorod Oblastı","name_vi":"Belgorod","name_zh":"别尔哥罗德州","ne_id":1159313177,"name_he":"מחוז בלגורוד","name_uk":"Бєлгородська область","name_ur":"بلگورود اوبلاست","name_fa":"استان بلگورود","name_zht":"别尔哥罗德州","FCLASS_ISO":null,"FCLASS_US":null,"FCLASS_FR":null,"FCLASS_RU":null,"FCLASS_ES":null,"FCLASS_CN":null,"FCLASS_TW":null,"FCLASS_IN":null,"FCLASS_NP":null,"FCLASS_PK":null,"FCLASS_DE":null,"FCLASS_GB":null,"FCLASS_BR":null,"FCLASS_IL":null,"FCLASS_PS":null,"FCLASS_SA":null,"FCLASS_EG":null,"FCLASS_MA":null,"FCLASS_PT":null,"FCLASS_AR":null,"FCLASS_JP":null,"FCLASS_KO":null,"FCLASS_VN":null,"FCLASS_TR":null,"FCLASS_ID":null,"FCLASS_PL":null,"FCLASS_GR":null,"FCLASS_IT":null,"FCLASS_NL":null,"FCLASS_SE":null,"FCLASS_BD":null,"FCLASS_UA":null,"FCLASS_TLC":null}},
{"type":"Feature","geometry":{"type":"Polygon","coordinates":[[[39.181006,49.859487],[40.118504,49.588451],[40.884771,49.690301],[41.362054,50.22634],[41.314409,50.724604],[41.854944,51.188555],[42.872867,51.231343],[42.489221,51.607703],[40.503812,51.953522],[38.697618,52.097751],[38.298779,51.961015],[38.291544,51.292451],[39.097697,50.506065],[39.181006,49.859487]]]},"properties":{"featurecla":"Admin-1 states provinces","scalerank":2,"adm1_code":"RUS-2377","diss_me":2377,"iso_3166_2":"RU-VOR","wikipedia":null,"iso_a2":"RU","adm0_sr":1,"name":"Voronezh","name_alt":"Voronezhskaya Oblast","name_local":"Воронежская область","type":"Oblast","type_en":"Region","code_local":null,"code_hasc":"RU.VR","note":null,"hasc_maybe":null,"region":"Central","region_cod":null,"provnum_ne":20050,"gadm_level":1,"check_me":20,"datarank":2,"abbrev":null,"postal":"VR","area_sqkm":0,"sameascity":6,"labelrank":6,"name_len":8,"mapcolor9":7,"mapcolor13":7,"fips":"RS86","fips_alt":null,"woe_id":2346935,"woe_label":"Voronezhskaya Oblast, RU, Russia","woe_name":"Voronezh","latitude":50.7774,"longitude":40.5223,"sov_a3":"RUS","adm0_a3":"RUS","adm0_label":2,"admin":"Russia","geonunit":"Russia","gu_a3":"RUS","gn_id":472039,"gn_name":"Voronezhskaya Oblast'","gns_id":-3035179,"gns_name":"Voronezhskaya Oblast'","gn_level":1,"gn_region":null,"gn_a1_code":"RU.86","region_sub":"Central Black Earth","sub_code":null,"gns_level":1,"gns_lang":"fas","gns_adm1":"RS86","gns_region":null,"min_label":5,"max_label":10.2,"min_zoom":4.7,"wikidataid":"Q3447","name_ar":"فورونيج أوبلاست","name_bn":"ভোরওনেঝ ওব্লাস্ট","name_de":"Woronesch","name_en":"Voronezh","name_es":"Vorónezh","name_fr":"Voronej","name_el":"Όμπλαστ του Βορόνεζ","name_hi":"वोरोनेज़ ओब्लास्ट","name_hu":"Voronyezsi terület","name_id":"Voronezh","name_it":"Voronež","name_ja":"ヴォロネジ州","name_ko":"보로네시","name_nl":"Voronezj","name_pl":"woroneski","name_pt":"Voronej","name_ru":"Воронежская область","name_sv":"Voronezj","name_tr":"Voronej Oblastı","name_vi":"Voronezh","name_zh":"沃罗涅日州","ne_id":1159313191,"name_he":"מחוז וורונז'","name_uk":"Воронезька область","name_ur":"ورونیش اوبلاست","name_fa":"استان ورونژ","name_zht":"沃罗涅日州","FCLASS_ISO":null,"FCLASS_US":null,"FCLASS_FR":null,"FCLASS_RU":null,"FCLASS_ES":null,"FCLASS_CN":null,"FCLASS_TW":null,"FCLASS_IN":null,"FCLASS_NP":null,"FCLASS_PK":null,"FCLASS_DE":null,"FCLASS_GB":null,"FCLASS_BR":null,"FCLASS_IL":null,"FCLASS_PS":null,"FCLASS_SA":null,"FCLASS_EG":null,"FCLASS_MA":null,"FCLASS_PT":null,"FCLASS_AR":null,"FCLASS_JP":null,"FCLASS_KO":null,"FCLASS_VN":null,"FCLASS_TR":null,"FCLASS_ID":null,"FCLASS_PL":null,"FCLASS_GR":null,"FCLASS_IT":null,"FCLASS_NL":null,"FCLASS_SE":null,"FCLASS_BD":null,"FCLASS_UA":null,"FCLASS_TLC":null}},
{"type":"Feature","geometry":{"type":"Polygon","coordinates":[[[40.118504,49.588451],[39.758741,48.895415],[39.993248,48.27323],[39.759051,47.832947],[39.03618,47.857003],[38.352935,47.607095],[38.216645,47.103258],[38.673527,46.862955],[40.023428,46.764846],[40.339481,46.279889],[41.162377,45.953552],[41.712627,45.996004],[42.180919,46.577881],[43.646049,46.215732],[44.262446,46.900135],[44.333966,47.475242],[43.731522,47.476611],[42.955342,47.51033],[42.074052,48.391879],[42.739748,48.786325],[42.178439,49.66839],[41.362054,50.22634],[40.884771,49.690301],[40.118504,49.588451]]]},"properties":{"featurecla":"Admin-1 states provinces","scalerank":2,"adm1_code":"RUS-2367","diss_me":2367,"iso_3166_2":"RU-ROS","wikipedia":null,"iso_a2":"RU","adm0_sr":1,"name":"Rostov","name_alt":"Province of the Don Cossacks|Provinz des Donischen Heeres|Voyska Donskovo|Rostovskaya Oblast","name_local":"Ростовская область","type":"Oblast","type_en":"Region","code_local":null,"code_hasc":"RU.RO","note":null,"hasc_maybe":null,"region":"Volga","region_cod":null,"provnum_ne":20048,"gadm_level":1,"check_me":20,"datarank":2,"abbrev":null,"postal":"RO","area_sqkm":0,"sameascity":6,"labelrank":6,"name_len":6,"mapcolor9":7,"mapcolor13":7,"fips":"RS61","fips_alt":null,"woe_id":2346921,"woe_label":"Rostovskaya Oblast, RU, Russia","woe_name":"Rostov","latitude":47.9913,"longitude":41.2613,"sov_a3":"RUS","adm0_a3":"RUS","adm0_label":2,"admin":"Russia","geonunit":"Russia","gu_a3":"RUS","gn_id":501165,"gn_name":"Rostovskaya Oblast'","gns_id":-2993228,"gns_name":"Rostovskaya Oblast'","gn_level":1,"gn_region":null,"gn_a1_code":"RU.61","region_sub":"North Caucasus","sub_code":null,"gns_level":1,"gns_lang":"fas","gns_adm1":"RS61","gns_region":null,"min_label":5,"max_label":10.2,"min_zoom":4.7,"wikidataid":"Q3573","name_ar":"روستوف أوبلاست","name_bn":"রসতোভ ওব্লাস্ট","name_de":"Rostow","name_en":"Rostov","name_es":"Rostov","name_fr":"Rostov","name_el":"Όμπλαστ του Ροστόφ","name_hi":"रोस्तोव ओब्लास्ट","name_hu":"Rosztovi terület","name_id":"Rostov","name_it":"Rostov","name_ja":"ロストフ州","name_ko":"로스토프","name_nl":"Rostov","name_pl":"rostowski","name_pt":"Rostov","name_ru":"Ростовская область","name_sv":"Rostov","name_tr":"Rostov Oblastı","name_vi":"Rostov","name_zh":"罗斯托夫州","ne_id":1159313169,"name_he":"מחוז רוסטוב","name_uk":"Ростовська область","name_ur":"روستوف اوبلاست","name_fa":"استان روستوف","name_zht":"羅斯托夫州","FCLASS_ISO":null,"FCLASS_US":null,"FCLASS_FR":null,"FCLASS_RU":null,"FCLASS_ES":null,"FCLASS_CN":null,"FCLASS_TW":null,"FCLASS_IN":null,"FCLASS_NP":null,"FCLASS_PK":null,"FCLASS_DE":null,"FCLASS_GB":null,"FCLASS_BR":null,"FCLASS_IL":null,"FCLASS_PS":null,"FCLASS_SA":null,"FCLASS_EG":null,"FCLASS_MA":null,"FCLASS_PT":null,"FCLASS_AR":null,"FCLASS_JP":null,"FCLASS_KO":null,"FCLASS_VN":null,"FCLASS_TR":null,"FCLASS_ID":null,"FCLASS_PL":null,"FCLASS_GR":null,"FCLASS_IT":null,"FCLASS_NL":null,"FCLASS_SE":null,"FCLASS_BD":null,"FCLASS_UA":null,"FCLASS_TLC":null}},
{"type":"Feature","geometry":{"type":"Polygon","coordinates":[[[98.937652,52.124687],[100.005968,51.731727],[102.051217,51.383609],[102.327635,50.545546],[102.619529,50.399009],[103.601407,50.13353],[104.349502,50.271868],[105.32864,50.476455],[106.656518,50.327007],[107.744604,49.967353],[108.553612,50.465085],[108.18733,50.65758],[108.64911,51.500629],[109.247213,51.365961],[110.049231,51.616075],[110.676997,51.504453],[112.061822,52.277223],[113.572531,52.453491],[114.325146,53.067717],[113.983462,53.743748],[114.860101,53.98053],[115.629356,54.442284],[116.67322,54.547834],[116.773886,55.148004],[115.895179,55.525397],[115.710798,56.9635],[114.795298,56.709717],[113.3558,56.626363],[111.462478,57.102458],[111.133713,56.814749],[109.988977,56.969029],[108.718563,56.499446],[108.991208,56.03968],[108.622238,55.455892],[108.670918,54.546878],[109.007331,54.424947],[108.040982,53.192722],[106.198304,52.440184],[105.751509,52.030985],[104.649871,51.622431],[104.609357,51.268292],[103.335016,51.434199],[102.542093,52.227613],[102.045689,52.212188],[100.606397,52.94359],[100.260475,53.37483],[99.249787,52.953822],[98.634424,52.41277],[98.937652,52.124687]]]},"properties":{"featurecla":"Admin-1 states provinces","scalerank":2,"adm1_code":"RUS-2606","diss_me":2606,"iso_3166_2":"RU-BU","wikipedia":null,"iso_a2":"RU","adm0_sr":1,"name":"Buryat","name_alt":"Buryatiya|Buryat-Mongol A.S.S.R.|Republic of Buryatia|Buryatskaya A.S.S.R.","name_local":"Республика Бурятия","type":"Respublika","type_en":"Republic","code_local":null,"code_hasc":"RU.BU","note":null,"hasc_maybe":null,"region":"Siberian","region_cod":null,"provnum_ne":20051,"gadm_level":1,"check_me":20,"datarank":2,"abbrev":null,"postal":"BU","area_sqkm":0,"sameascity":-99,"labelrank":2,"name_len":6,"mapcolor9":7,"mapcolor13":7,"fips":"RS11","fips_alt":null,"woe_id":2346867,"woe_label":"Buryatiya, RU, Russia","woe_name":"Buryat","latitude":52.9061,"longitude":109.341,"sov_a3":"RUS","adm0_a3":"RUS","adm0_label":2,"admin":"Russia","geonunit":"Russia","gu_a3":"RUS","gn_id":2050915,"gn_name":"Respublika Buryatiya","gns_id":205709,"gns_name":"Buryatiya, Respublika","gn_level":1,"gn_region":null,"gn_a1_code":"RU.11","region_sub":"East Siberian","sub_code":null,"gns_level":1,"gns_lang":"khm","gns_adm1":"RS11","gns_region":null,"min_label":5,"max_label":10.2,"min_zoom":4.7,"wikidataid":"Q6809","name_ar":"بورياتيا","name_bn":"বুরিয়াত রিপাবলিক","name_de":"Burjatien","name_en":"Republic of Buryatia","name_es":"Buriatia","name_fr":"Bouriatie","name_el":"Δημοκρατία της Μπουργιατίας","name_hi":"बुर्यातिया","name_hu":"Burjátföld","name_id":"Buryatia","name_it":"Buriazia","name_ja":"ブリヤート共和国","name_ko":"부랴트 공화국","name_nl":"Boerjatië","name_pl":"Buriacja","name_pt":"Buriácia","name_ru":"Бурятия","name_sv":"Burjatien","name_tr":"Buryatya","name_vi":"Buryatia","name_zh":"布里亚特共和国","ne_id":1159313615,"name_he":"בוריאטיה","name_uk":"Бурятія","name_ur":"بوریاتیا","name_fa":"بوریاتیا","name_zht":"布里亞特共和國","FCLASS_ISO":null,"FCLASS_US":null,"FCLASS_FR":null,"FCLASS_RU":null,"FCLASS_ES":null,"FCLASS_CN":null,"FCLASS_TW":null,"FCLASS_IN":null,"FCLASS_NP":null,"FCLASS_PK":null,"FCLASS_DE":null,"FCLASS_GB":null,"FCLASS_BR":null,"FCLASS_IL":null,"FCLASS_PS":null,"FCLASS_SA":null,"FCLASS_EG":null,"FCLASS_MA":null,"FCLASS_PT":null,"FCLASS_AR":null,"FCLASS_JP":null,"FCLASS_KO":null,"FCLASS_VN":null,"FCLASS_TR":null,"FCLASS_ID":null,"FCLASS_PL":null,"FCLASS_GR":null,"FCLASS_IT":null,"FCLASS_NL":null,"FCLASS_SE":null,"FCLASS_BD":null,"FCLASS_UA":null,"FCLASS_TLC":null}},
{"type":"Feature","geometry":{"type":"Polygon","coordinates":[[[98.937652,52.124687],[98.634424,52.41277],[99.249787,52.953822],[96.684052,53.638535],[96.048329,53.45374],[94.739882,53.382737],[94.603663,53.055263],[93.678034,52.223841],[92.844287,51.832444],[90.839448,51.912439],[90.476589,52.183401],[89.58061,51.553029],[88.7357,51.559385],[89.052373,51.064584],[89.843643,50.42992],[89.633211,49.907939],[89.997091,50.003664],[91.749779,50.684091],[94.237586,50.565235],[94.624539,50.015191],[95.477201,49.894083],[95.867047,50.014984],[97.08527,49.805838],[98.105567,50.06387],[98.293462,50.518623],[97.80636,51.001126],[98.050893,51.46642],[98.937652,52.124687]]]},"properties":{"featurecla":"Admin-1 states provinces","scalerank":2,"adm1_code":"RUS-2605","diss_me":2605,"iso_3166_2":"RU-TY","wikipedia":null,"iso_a2":"RU","adm0_sr":1,"name":"Tuva","name_alt":"Respublika Tyva|Republic of Tuva|Tyva|Tuvinskaya A.S.S.R.|Republic of Tyva","name_local":"Республика Тыва","type":"Respublika","type_en":"Republic","code_local":null,"code_hasc":"RU.TU","note":null,"hasc_maybe":null,"region":"Siberian","region_cod":null,"provnum_ne":20068,"gadm_level":1,"check_me":20,"datarank":2,"abbrev":null,"postal":"TU","area_sqkm":0,"sameascity":-99,"labelrank":2,"name_len":4,"mapcolor9":7,"mapcolor13":7,"fips":"RS79","fips_alt":null,"woe_id":2346879,"woe_label":"Tyva, RU, Russia","woe_name":"Tuva","latitude":51.6051,"longitude":93.9927,"sov_a3":"RUS","adm0_a3":"RUS","adm0_label":2,"admin":"Russia","geonunit":"Russia","gu_a3":"RUS","gn_id":1488873,"gn_name":"Respublika Tyva","gns_id":-3022957,"gns_name":"Tyva, Respublika","gn_level":1,"gn_region":null,"gn_a1_code":"RU.79","region_sub":"East Siberian","sub_code":null,"gns_level":1,"gns_lang":"fas","gns_adm1":"RS79","gns_region":null,"min_label":5,"max_label":10.2,"min_zoom":4.7,"wikidataid":"Q960","name_ar":"توفا","name_bn":"তুভা","name_de":"Tuwa","name_en":"Tuva Republic","name_es":"Tuvá","name_fr":"Touva","name_el":"Δημοκρατία της Τιβά","name_hi":"तूवा","name_hu":"Tuva","name_id":"Tuva","name_it":"Tuva","name_ja":"トゥヴァ共和国","name_ko":"투바 공화국","name_nl":"Toeva","name_pl":"Tuwa","name_pt":"Tuva","name_ru":"Тыва","name_sv":"Tuva","name_tr":"Tuva Cumhuriyeti","name_vi":"Tuva","name_zh":"图瓦共和国","ne_id":1159313613,"name_he":"טובה","name_uk":"Тива","name_ur":"تووا","name_fa":"تووا","name_zht":"图瓦共和国","FCLASS_ISO":null,"FCLASS_US":null,"FCLASS_FR":null,"FCLASS_RU":null,"FCLASS_ES":null,"FCLASS_CN":null,"FCLASS_TW":null,"FCLASS_IN":null,"FCLASS_NP":null,"FCLASS_PK":null,"FCLASS_DE":null,"FCLASS_GB":null,"FCLASS_BR":null,"FCLASS_IL":null,"FCLASS_PS":null,"FCLASS_SA":null,"FCLASS_EG":null,"FCLASS_MA":null,"FCLASS_PT":null,"FCLASS_AR":null,"FCLASS_JP":null,"FCLASS_KO":null,"FCLASS_VN":null,"FCLASS_TR":null,"FCLASS_ID":null,"FCLASS_PL":null,"FCLASS_GR":null,"FCLASS_IT":null,"FCLASS_NL":null,"FCLASS_SE":null,"FCLASS_BD":null,"FCLASS_UA":null,"FCLASS_TLC":null}},
{"type":"Feature","geometry":{"type":"Polygon","coordinates":[[[112.126405,49.43994],[113.043673,49.588602],[114.286285,50.276881],[115.368699,49.895405],[116.21764,50.013848],[116.684278,49.823265],[117.758838,49.512741],[119.31621,50.092654],[119.293576,50.599238],[120.108203,51.665194],[120.77917,52.117595],[120.280182,52.865922],[121.413275,53.317335],[122.025052,53.429823],[121.643149,54.012104],[122.127357,54.467813],[121.983593,55.476433],[121.363373,55.507362],[121.216922,56.013222],[120.259668,55.916432],[119.898449,56.889396],[119.047028,57.727639],[119.10811,58.2227],[117.470897,58.303987],[117.140375,57.668418],[117.672539,56.977504],[116.81502,56.726202],[115.710798,56.9635],[115.895179,55.525397],[116.773886,55.148004],[116.67322,54.547834],[115.629356,54.442284],[114.860101,53.98053],[113.983462,53.743748],[114.325146,53.067717],[113.572531,52.453491],[112.061822,52.277223],[110.676997,51.504453],[110.049231,51.616075],[109.247213,51.365961],[108.64911,51.500629],[108.18733,50.65758],[108.553612,50.465085],[107.744604,49.967353],[108.569973,49.325719],[110.731359,49.137674],[112.126405,49.43994]]]},"properties":{"featurecla":"Admin-1 states provinces","scalerank":2,"adm1_code":"RUS-2610","diss_me":2610,"iso_3166_2":"RU-ZAB","wikipedia":null,"iso_a2":"RU","adm0_sr":1,"name":"Chita","name_alt":"Transbaikalia|Zabaykal'skaya|Transbaikalien|Chitinskaya Oblast","name_local":"Читинская область","type":"Oblast","type_en":"Region","code_local":null,"code_hasc":"RU.CT","note":null,"hasc_maybe":null,"region":"Siberian","region_cod":null,"provnum_ne":20054,"gadm_level":1,"check_me":20,"datarank":2,"abbrev":null,"postal":"CT","area_sqkm":0,"sameascity":6,"labelrank":6,"name_len":5,"mapcolor9":7,"mapcolor13":7,"fips":"RS14","fips_alt":null,"woe_id":2346894,"woe_label":"Chitinskaya Oblast, RU, Russia","woe_name":"Chita","latitude":52.159,"longitude":116.559,"sov_a3":"RUS","adm0_a3":"RUS","adm0_label":2,"admin":"Russia","geonunit":"Russia","gu_a3":"RUS","gn_id":7779061,"gn_name":"Zabaykal'skiy Kray","gns_id":11130914,"gns_name":"Zabaykal'skiy Kray","gn_level":1,"gn_region":null,"gn_a1_code":"RU.93","region_sub":"East Siberian","sub_code":null,"gns_level":1,"gns_lang":"ara","gns_adm1":"RS93","gns_region":null,"min_label":5,"max_label":10.2,"min_zoom":4.7,"wikidataid":"Q6838","name_ar":"كراي عبر البايكال","name_bn":"জাবায়কালস্কি ক্রা","name_de":"Transbaikalien","name_en":"Zabaykalsky Krai","name_es":"Zabaikalie","name_fr":"Transbaïkalie","name_el":"Κράι Υπερβαϊκάλης","name_hi":"ज़बायकाल्स्की क्राय","name_hu":"Bajkálontúli határterület","name_id":"Krai Zabaykalsky","name_it":"Territorio della Transbajkalia","name_ja":"ザバイカリエ地方","name_ko":"자바이칼 지방","name_nl":"Kraj Transbaikal","name_pl":"Kraj Zabajkalski","name_pt":"Krai de Zabaykalsky","name_ru":"Забайкальский край","name_sv":"Zabajkalskij kraj","name_tr":"Zabaykalskiy Krayı","name_vi":"Zabaykalsky","name_zh":"外贝加尔边疆区","ne_id":1159313617,"name_he":"מחוז עבר הבאיקל","name_uk":"Забайкальський край","name_ur":"زابایکالسکی کرائی","name_fa":"سرزمین زابایکالسکی","name_zht":"外貝加爾邊疆區","FCLASS_ISO":null,"FCLASS_US":null,"FCLASS_FR":null,"FCLASS_RU":null,"FCLASS_ES":null,"FCLASS_CN":null,"FCLASS_TW":null,"FCLASS_IN":null,"FCLASS_NP":null,"FCLASS_PK":null,"FCLASS_DE":null,"FCLASS_GB":null,"FCLASS_BR":null,"FCLASS_IL":null,"FCLASS_PS":null,"FCLASS_SA":null,"FCLASS_EG":null,"FCLASS_MA":null,"FCLASS_PT":null,"FCLASS_AR":null,"FCLASS_JP":null,"FCLASS_KO":null,"FCLASS_VN":null,"FCLASS_TR":null,"FCLASS_ID":null,"FCLASS_PL":null,"FCLASS_GR":null,"FCLASS_IT":null,"FCLASS_NL":null,"FCLASS_SE":null,"FCLASS_BD":null,"FCLASS_UA":null,"FCLASS_TLC":null}},
{"type":"Feature","geometry":{"type":"Polygon","coordinates":[[[130.625286,48.87436],[128.666182,49.609479],[127.508113,49.822335],[127.287352,50.751012],[126.446059,51.982539],[126.53117,52.152658],[125.621355,53.062137],[124.72017,53.148824],[123.639564,53.551254],[122.025052,53.429823],[121.413275,53.317335],[121.800194,53.023586],[121.173927,52.594981],[122.491779,52.294844],[122.956247,51.386063],[123.569646,51.203903],[125.486635,51.507399],[126.056265,50.980274],[125.188462,49.941861],[125.267372,49.438481],[124.538063,48.571687],[124.077936,48.448309],[122.565367,47.531156],[122.574048,47.131129],[123.186827,46.761642],[123.161661,46.220073],[123.919393,46.272344],[124.395591,45.45149],[125.698715,45.510917],[126.150471,45.141173],[126.978276,44.826101],[127.849592,44.055916],[128.445938,44.153946],[129.249248,43.786165],[130.103615,43.845438],[131.252848,43.469169],[131.065829,44.682028],[131.818031,45.33279],[132.953362,45.024385],[133.413489,45.573343],[133.998498,46.637704],[134.154116,47.257892],[134.772579,47.710732],[134.38635,48.381337],[133.091958,48.10678],[132.524655,47.707528],[131.023351,47.682284],[130.663373,48.116444],[130.625286,48.87436]]]},"properties":{"featurecla":"Admin-1 states provinces","scalerank":2,"adm1_code":"CHN-1839","diss_me":1839,"iso_3166_2":"CN-HL","wikipedia":null,"iso_a2":"CN","adm0_sr":1,"name":"Heilongjiang","name_alt":"Hēilóngjiāng","name_local":"黑龙江省|黑龍江省","type":"Shěng","type_en":"Province","code_local":null,"code_hasc":"CN.HL","note":null,"hasc_maybe":null,"region":"Northeast China","region_cod":"2","provnum_ne":50,"gadm_level":1,"check_me":20,"datarank":1,"abbrev":null,"postal":"HL","area_sqkm":0,"sameascity":-99,"labelrank":2,"name_len":12,"mapcolor9":4,"mapcolor13":3,"fips":"CH08","fips_alt":null,"woe_id":12577998,"woe_label":"Heilongjiang, CN, China","woe_name":"Heilongjiang","latitude":46.8451,"longitude":127.97,"sov_a3":"CH1","adm0_a3":"CHN","adm0_label":2,"admin":"China","geonunit":"China","gu_a3":"CHN","gn_id":2036965,"gn_name":"Heilongjiang Sheng","gns_id":-1908709,"gns_name":"Heilongjiang Sheng","gn_level":1,"gn_region":null,"gn_a1_code":"CN.08","region_sub":"Northeast","sub_code":null,"gns_level":1,"gns_lang":"zho","gns_adm1":"CH08","gns_region":null,"min_label":4.6,"max_label":10.1,"min_zoom":4.6,"wikidataid":"Q19206","name_ar":"هيلونغجيانغ","name_bn":"হেইলুংচিয়াং","name_de":"Heilongjiang","name_en":"Heilongjiang","name_es":"Heilongjiang","name_fr":"Heilongjiang","name_el":"Χεϊλονγκτσιάνγκ","name_hi":"हेइलोंगजियांग","name_hu":"Hejlungcsiang","name_id":"Heilongjiang","name_it":"Heilongjiang","name_ja":"黒竜江省","name_ko":"헤이룽장성","name_nl":"Heilongjiang","name_pl":"Heilongjiang","name_pt":"Heilongjiang","name_ru":"Хэйлунцзян","name_sv":"Heilongjiang","name_tr":"Heilongjiang","name_vi":"Hắc Long Giang","name_zh":"黑龙江省","ne_id":1159312759,"name_he":"חיילונגג'יאנג","name_uk":"Провінція Хейлунцзян","name_ur":"ہیلونگجیانگ","name_fa":"هیلونگجیانگ","name_zht":"黑龍江省","FCLASS_ISO":null,"FCLASS_US":null,"FCLASS_FR":null,"FCLASS_RU":null,"FCLASS_ES":null,"FCLASS_CN":null,"FCLASS_TW":null,"FCLASS_IN":null,"FCLASS_NP":null,"FCLASS_PK":null,"FCLASS_DE":null,"FCLASS_GB":null,"FCLASS_BR":null,"FCLASS_IL":null,"FCLASS_PS":null,"FCLASS_SA":null,"FCLASS_EG":null,"FCLASS_MA":null,"FCLASS_PT":null,"FCLASS_AR":null,"FCLASS_JP":null,"FCLASS_KO":null,"FCLASS_VN":null,"FCLASS_TR":null,"FCLASS_ID":null,"FCLASS_PL":null,"FCLASS_GR":null,"FCLASS_IT":null,"FCLASS_NL":null,"FCLASS_SE":null,"FCLASS_BD":null,"FCLASS_UA":null,"FCLASS_TLC":null}},
{"type":"Feature","geometry":{"type":"Polygon","coordinates":[[[122.025052,53.429823],[123.639564,53.551254],[124.72017,53.148824],[125.621355,53.062137],[126.53117,52.152658],[126.446059,51.982539],[127.287352,50.751012],[127.508113,49.822335],[128.666182,49.609479],[130.625286,48.87436],[131.395732,49.24361],[131.441517,50.186188],[130.64508,50.657296],[131.0649,51.24571],[132.589768,52.081524],[133.420415,52.251385],[133.279545,52.663918],[134.605665,52.417576],[134.956445,53.253856],[134.555229,53.620862],[133.573274,53.546034],[132.893315,53.234632],[131.532261,53.319433],[131.420847,53.751345],[130.446539,53.882396],[131.199465,54.612791],[132.366836,55.056433],[132.538401,55.67562],[130.922996,55.678566],[129.652996,55.744996],[127.486927,55.555007],[126.434174,55.555007],[124.448042,55.904598],[123.915362,56.377334],[122.589241,56.489576],[121.406884,56.975515],[119.898449,56.889396],[120.259668,55.916432],[121.216922,56.013222],[121.363373,55.507362],[121.983593,55.476433],[122.127357,54.467813],[121.643149,54.012104],[122.025052,53.429823]]]},"properties":{"featurecla":"Admin-1 states provinces","scalerank":2,"adm1_code":"RUS-2609","diss_me":2609,"iso_3166_2":"RU-AMU","wikipedia":null,"iso_a2":"RU","adm0_sr":1,"name":"Amur","name_alt":"Amurskaya Oblast","name_local":"Амурская область","type":"Oblast","type_en":"Region","code_local":null,"code_hasc":"RU.AM","note":null,"hasc_maybe":null,"region":"Far Eastern","region_cod":null,"provnum_ne":20056,"gadm_level":1,"check_me":20,"datarank":2,"abbrev":null,"postal":"AM","area_sqkm":0,"sameascity":-99,"labelrank":2,"name_len":4,"mapcolor9":7,"mapcolor13":7,"fips":"RS05","fips_alt":null,"woe_id":2346888,"woe_label":"Amurskaya Oblast, RU, Russia","woe_name":"Amur","latitude":52.9236,"longitude":128.354,"sov_a3":"RUS","adm0_a3":"RUS","adm0_label":2,"admin":"Russia","geonunit":"Russia","gu_a3":"RUS","gn_id":2027748,"gn_name":"Amurskaya Oblast'","gns_id":-2877323,"gns_name":"Amurskaya Oblast'","gn_level":1,"gn_region":null,"gn_a1_code":"RU.05","region_sub":"Far Eastern","sub_code":null,"gns_level":1,"gns_lang":"rus","gns_adm1":"RS05","gns_region":null,"min_label":5,"max_label":10.2,"min_zoom":4.7,"wikidataid":"Q6886","name_ar":"أوبلاست أمور","name_bn":"আমুর ওব্লাস্ট","name_de":"Amur","name_en":"Amur","name_es":"Amur","name_fr":"l'Amour","name_el":"Όμπλαστ του Αμούρ","name_hi":"आमुर ओब्लास्ट","name_hu":"Amuri terület","name_id":"Amur","name_it":"Amur","name_ja":"アムール州","name_ko":"아무르","name_nl":"Amoer","name_pl":"amurski","name_pt":"Amur","name_ru":"Амурская область","name_sv":"Amur","name_tr":"Amur Oblastı","name_vi":"Amur","name_zh":"阿穆尔州","ne_id":1159313603,"name_he":"מחוז אמור","name_uk":"Амурська область","name_ur":"آمور اوبلاست","name_fa":"استان آمور","name_zht":"阿穆尔州","FCLASS_ISO":null,"FCLASS_US":null,"FCLASS_FR":null,"FCLASS_RU":null,"FCLASS_ES":null,"FCLASS_CN":null,"FCLASS_TW":null,"FCLASS_IN":null,"FCLASS_NP":null,"FCLASS_PK":null,"FCLASS_DE":null,"FCLASS_GB":null,"FCLASS_BR":null,"FCLASS_IL":null,"FCLASS_PS":null,"FCLASS_SA":null,"FCLASS_EG":null,"FCLASS_MA":null,"FCLASS_PT":null,"FCLASS_AR":null,"FCLASS_JP":null,"FCLASS_KO":null,"FCLASS_VN":null,"FCLASS_TR":null,"FCLASS_ID":null,"FCLASS_PL":null,"FCLASS_GR":null,"FCLASS_IT":null,"FCLASS_NL":null,"FCLASS_SE":null,"FCLASS_BD":null,"FCLASS_UA":null,"FCLASS_TLC":null}},
{"type":"Feature","geometry":{"type":"Polygon","coordinates":[[[130.625286,48.87436],[130.663373,48.116444],[131.023351,47.682284],[132.524655,47.707528],[133.091958,48.10678],[134.38635,48.381337],[133.30869,48.826012],[133.201203,49.140773],[132.119822,49.485507],[131.395732,49.24361],[130.625286,48.87436]]]},"properties":{"featurecla":"Admin-1 states provinces","scalerank":2,"adm1_code":"RUS-2613","diss_me":2613,"iso_3166_2":"RU-YEV","wikipedia":null,"iso_a2":"RU","adm0_sr":1,"name":"Yevrey","name_alt":"Den jødiske autonome oblasten|Evrey|Jewish A.Obl.|Yahudi|Yevreyskaya A.Obl.|Evreyskaya AOb","name_local":"Eврейская АОб","type":"Avtonomnaya Oblast","type_en":"Autonomous Region","code_local":null,"code_hasc":"RU.YV","note":null,"hasc_maybe":null,"region":"Far Eastern","region_cod":null,"provnum_ne":20052,"gadm_level":1,"check_me":20,"datarank":2,"abbrev":null,"postal":"YV","area_sqkm":0,"sameascity":-99,"labelrank":2,"name_len":6,"mapcolor9":7,"mapcolor13":7,"fips":"RS89","fips_alt":null,"woe_id":20070516,"woe_label":"Yevreyskaya Avtonomnaya Oblast, RU, Russia","woe_name":"Yevrey","latitude":48.64,"longitude":132.758,"sov_a3":"RUS","adm0_a3":"RUS","adm0_label":2,"admin":"Russia","geonunit":"Russia","gu_a3":"RUS","gn_id":2026639,"gn_name":"Yevreyskaya Avtonomnaya Oblast'","gns_id":-2886566,"gns_name":"Yevreyskaya Avtonomnaya Oblast'","gn_level":1,"gn_region":null,"gn_a1_code":"RU.89","region_sub":"Far Eastern","sub_code":null,"gns_level":1,"gns_lang":"rus","gns_adm1":"RS89","gns_region":null,"min_label":5,"max_label":10.2,"min_zoom":4.7,"wikidataid":"Q7730","name_ar":"الأوبلاست اليهودية الذاتية","name_bn":"ইহুদি স্বশাসিত ওব্লাস্ট","name_de":"Jüdische","name_en":"Jewish","name_es":"Óblast Autónomo Hebreo","name_fr":"autonome juif","name_el":"Εβραϊκή Αυτόνομη Περιφέρεια","name_hi":"ज्यूइश ऑटोनौमस ओब्लास्ट","name_hu":"Zsidó autonóm terület","name_id":"Otonom Yahudi","name_it":"' autonoma ebraica","name_ja":"ユダヤ自治州","name_ko":"유대인 자치","name_nl":"Joodse","name_pl":"Żydowski","name_pt":"Judaico","name_ru":"Еврейская автономная область","name_sv":"Judiska autonoma länet","name_tr":"Yahudi Özerk Oblastı","name_vi":"Tỉnh tự trị Do Thái","name_zh":"犹太自治州","ne_id":1159313605,"name_he":"המחוז היהודי האוטונומי","name_uk":"Єврейська автономна область","name_ur":"یہودی خود مختار اوبلاست","name_fa":"استان خودگردان یهودی","name_zht":"犹太自治州","FCLASS_ISO":null,"FCLASS_US":null,"FCLASS_FR":null,"FCLASS_RU":null,"FCLASS_ES":null,"FCLASS_CN":null,"FCLASS_TW":null,"FCLASS_IN":null,"FCLASS_NP":null,"FCLASS_PK":null,"FCLASS_DE":null,"FCLASS_GB":null,"FCLASS_BR":null,"FCLASS_IL":null,"FCLASS_PS":null,"FCLASS_SA":null,"FCLASS_EG":null,"FCLASS_MA":null,"FCLASS_PT":null,"FCLASS_AR":null,"FCLASS_JP":null,"FCLASS_KO":null,"FCLASS_VN":null,"FCLASS_TR":null,"FCLASS_ID":null,"FCLASS_PL":null,"FCLASS_GR":null,"FCLASS_IT":null,"FCLASS_NL":null,"FCLASS_SE":null,"FCLASS_BD":null,"FCLASS_UA":null,"FCLASS_TLC":null}},
{"type":"Feature","geometry":{"type":"Polygon","coordinates":[[[134.38635,48.381337],[134.772579,47.710732],[134.154116,47.257892],[133.998498,46.637704],[134.851128,47.154073],[136.263652,46.765001],[136.727913,46.841482],[138.086797,47.516609],[137.314647,48.084223],[138.305595,48.444589],[139.026376,47.389429],[139.261729,47.787909],[140.043468,48.336249],[140.560802,49.575385],[140.442882,50.544379],[140.70574,51.334784],[141.429535,51.941962],[141.167166,52.364895],[141.432953,53.148871],[139.815929,54.215155],[139.161876,54.204739],[138.502126,53.543524],[137.596934,53.824164],[137.451427,54.317613],[136.883311,54.591376],[135.750173,54.57095],[135.219571,54.894121],[137.571951,56.116523],[138.661615,56.977943],[140.495728,57.844774],[140.904307,58.382758],[142.26238,59.124579],[143.159679,59.353909],[146.886567,59.364732],[147.140921,59.848595],[145.620187,60.557338],[146.464373,60.708749],[146.74725,61.222878],[146.21891,61.90294],[144.745098,62.046885],[143.926957,61.766256],[143.126489,62.101068],[142.437539,61.869712],[140.704725,62.572718],[139.548206,61.481674],[138.383316,61.099527],[138.252988,59.712531],[137.615714,59.739765],[136.758712,59.354646],[135.791019,59.534299],[135.209143,59.122335],[133.125756,59.204397],[131.476864,58.167509],[132.034763,57.690949],[131.179311,57.137288],[131.797155,56.717365],[131.184375,56.467949],[130.922996,55.678566],[132.538401,55.67562],[132.366836,55.056433],[131.199465,54.612791],[130.446539,53.882396],[131.420847,53.751345],[131.532261,53.319433],[132.893315,53.234632],[133.573274,53.546034],[134.555229,53.620862],[134.956445,53.253856],[134.605665,52.417576],[133.279545,52.663918],[133.420415,52.251385],[132.589768,52.081524],[131.0649,51.24571],[130.64508,50.657296],[131.441517,50.186188],[131.395732,49.24361],[132.119822,49.485507],[133.201203,49.140773],[133.30869,48.826012],[134.38635,48.381337]]]},"properties":{"featurecla":"Admin-1 states provinces","scalerank":2,"adm1_code":"RUS-2614","diss_me":2614,"iso_3166_2":"RU-KHA","wikipedia":null,"iso_a2":"RU","adm0_sr":5,"name":"Khabarovsk","name_alt":"Khabarovskiy Kray","name_local":"Хабаровский край","type":"Kray","type_en":"Territory","code_local":null,"code_hasc":"RU.KH","note":null,"hasc_maybe":null,"region":"Far Eastern","region_cod":null,"provnum_ne":20023,"gadm_level":1,"check_me":20,"datarank":2,"abbrev":null,"postal":"KH","area_sqkm":0,"sameascity":6,"labelrank":6,"name_len":10,"mapcolor9":7,"mapcolor13":7,"fips":"RS30","fips_alt":null,"woe_id":2346883,"woe_label":"Khabarovskiy Kray, RU, Russia","woe_name":"Khabarovsk","latitude":57.0232,"longitude":135.443,"sov_a3":"RUS","adm0_a3":"RUS","adm0_label":2,"admin":"Russia","geonunit":"Russia","gu_a3":"RUS","gn_id":2022888,"gn_name":"Khabarovskiy Kray","gns_id":-2924121,"gns_name":"Khabarovskiy Kray","gn_level":1,"gn_region":null,"gn_a1_code":"RU.30","region_sub":"Far Eastern","sub_code":null,"gns_level":1,"gns_lang":"rus","gns_adm1":"RS30","gns_region":null,"min_label":5,"max_label":10.2,"min_zoom":4.7,"wikidataid":"Q7788","name_ar":"خاباروفسك كراي","name_bn":"খাবারোভস্ক ক্রাই","name_de":"Chabarowsk","name_en":"Khabarovsk Krai","name_es":"Jabárovsk","name_fr":"Khabarovsk","name_el":"Κράι Χαμπάροφσκ","name_hi":"ख़ाबारोव्स्क क्राय","name_hu":"Habarovszki határterület","name_id":"Krai Khabarovsk","name_it":"Territorio di Chabarovsk","name_ja":"ハバロフスク地方","name_ko":"하바롭스크 지방","name_nl":"Kraj Chabarovsk","name_pl":"Kraj Chabarowski","name_pt":"Krai de Khabarovsk","name_ru":"Хабаровский край","name_sv":"Chabarovsk kraj","name_tr":"Habarovsk Krayı","name_vi":"Khabarovsk","name_zh":"哈巴罗夫斯克边疆区","ne_id":1159313583,"name_he":"מחוז חברובסק","name_uk":"Хабаровський край","name_ur":"خابارووسک کرائی","name_fa":"سرزمین خاباروفسک","name_zht":"哈巴羅夫斯克邊疆區","FCLASS_ISO":null,"FCLASS_US":null,"FCLASS_FR":null,"FCLASS_RU":null,"FCLASS_ES":null,"FCLASS_CN":null,"FCLASS_TW":null,"FCLASS_IN":null,"FCLASS_NP":null,"FCLASS_PK":null,"FCLASS_DE":null,"FCLASS_GB":null,"FCLASS_BR":null,"FCLASS_IL":null,"FCLASS_PS":null,"FCLASS_SA":null,"FCLASS_EG":null,"FCLASS_MA":null,"FCLASS_PT":null,"FCLASS_AR":null,"FCLASS_JP":null,"FCLASS_KO":null,"FCLASS_VN":null,"FCLASS_TR":null,"FCLASS_ID":null,"FCLASS_PL":null,"FCLASS_GR":null,"FCLASS_IT":null,"FCLASS_NL":null,"FCLASS_SE":null,"FCLASS_BD":null,"FCLASS_UA":null,"FCLASS_TLC":null}},
{"type":"Feature","geometry":{"type":"Polygon","coordinates":[[[133.998498,46.637704],[133.413489,45.573343],[132.953362,45.024385],[131.818031,45.33279],[131.065829,44.682028],[131.252848,43.469169],[130.992448,42.848729],[130.530771,42.53048],[130.699962,42.295111],[130.85849,42.524563],[132.356212,43.285956],[132.404389,42.942288],[133.157725,42.688422],[133.926768,42.882717],[135.139903,43.508368],[135.655854,44.168687],[138.100352,46.227973],[138.53476,46.98664],[139.026376,47.389429],[138.305595,48.444589],[137.314647,48.084223],[138.086797,47.516609],[136.727913,46.841482],[136.263652,46.765001],[134.851128,47.154073],[133.998498,46.637704]]]},"properties":{"featurecla":"Admin-1 states provinces","scalerank":2,"adm1_code":"RUS-2611","diss_me":2611,"iso_3166_2":"RU-PRI","wikipedia":null,"iso_a2":"RU","adm0_sr":4,"name":"Primor'ye","name_alt":"Küsten-Gebiet|Maritime Territory|Primorsk|Primorskiy Kray","name_local":"Приморский край","type":"Kray","type_en":"Territory","code_local":null,"code_hasc":"RU.PR","note":null,"hasc_maybe":null,"region":"Far Eastern","region_cod":null,"provnum_ne":20024,"gadm_level":1,"check_me":20,"datarank":2,"abbrev":null,"postal":"PR","area_sqkm":0,"sameascity":-99,"labelrank":2,"name_len":9,"mapcolor9":7,"mapcolor13":7,"fips":"RS59","fips_alt":null,"woe_id":2346886,"woe_label":"Primorskiy Kray, RU, Russia","woe_name":"Primor'ye","latitude":44.8622,"longitude":134.594,"sov_a3":"RUS","adm0_a3":"RUS","adm0_label":2,"admin":"Russia","geonunit":"Russia","gu_a3":"RUS","gn_id":2017623,"gn_name":"Primorskiy Kray","gns_id":-2988000,"gns_name":"Primorskiy Kray","gn_level":1,"gn_region":null,"gn_a1_code":"RU.59","region_sub":"Far Eastern","sub_code":null,"gns_level":1,"gns_lang":"fas","gns_adm1":"RS59","gns_region":null,"min_label":5,"max_label":10.2,"min_zoom":4.7,"wikidataid":"Q4341","name_ar":"بريمورسكي كراي","name_bn":"প্রিমারস্কি ক্রাই","name_de":"Primorje","name_en":"Primorsky Krai","name_es":"Primorie","name_fr":"du Primorié","name_el":"Κράι Πριμόρσκι","name_hi":"प्रिमोर्स्की क्राय","name_hu":"Tengermelléki határterület","name_id":"Krai Primorsky","name_it":"Territorio del Litorale","name_ja":"沿海地方","name_ko":"프리모르스키 지방","name_nl":"Kraj Primorski","name_pl":"Kraj Nadmorski","name_pt":"Krai do Litoral","name_ru":"Приморский край","name_sv":"Primorje kraj","name_tr":"Primorskiy Krayı","name_vi":"Primorsky","name_zh":"滨海边疆区","ne_id":1159313539,"name_he":"פרימוריה","name_uk":"Приморський край","name_ur":"پریمورسکی کرائی","name_fa":"سرزمین پریمورسکی","name_zht":"普列莫爾斯基區","FCLASS_ISO":null,"FCLASS_US":null,"FCLASS_FR":null,"FCLASS_RU":null,"FCLASS_ES":null,"FCLASS_CN":null,"FCLASS_TW":null,"FCLASS_IN":null,"FCLASS_NP":null,"FCLASS_PK":null,"FCLASS_DE":null,"FCLASS_GB":null,"FCLASS_BR":null,"FCLASS_IL":null,"FCLASS_PS":null,"FCLASS_SA":null,"FCLASS_EG":null,"FCLASS_MA":null,"FCLASS_PT":null,"FCLASS_AR":null,"FCLASS_JP":null,"FCLASS_KO":null,"FCLASS_VN":null,"FCLASS_TR":null,"FCLASS_ID":null,"FCLASS_PL":null,"FCLASS_GR":null,"FCLASS_IT":null,"FCLASS_NL":null,"FCLASS_SE":null,"FCLASS_BD":null,"FCLASS_UA":null,"FCLASS_TLC":null}},
{"type":"Feature","geometry":{"type":"Polygon","coordinates":[[[131.252848,43.469169],[130.103615,43.845438],[129.249248,43.786165],[128.445938,44.153946],[127.849592,44.055916],[126.978276,44.826101],[126.150471,45.141173],[125.698715,45.510917],[124.395591,45.45149],[123.919393,46.272344],[123.161661,46.220073],[121.934397,45.68995],[122.234017,45.287055],[122.045967,44.694947],[122.376644,44.219963],[123.123782,44.49439],[123.696254,43.353478],[124.860317,42.887693],[125.28396,42.234451],[125.306285,41.680376],[125.70409,40.859195],[126.007843,40.899313],[126.617883,41.665933],[126.999618,41.752025],[127.269058,41.504961],[128.185695,41.404451],[128.034593,41.993743],[128.883172,42.030409],[129.703328,42.442372],[130.452154,42.549559],[130.530771,42.53048],[130.992448,42.848729],[131.252848,43.469169]]]},"properties":{"featurecla":"Admin-1 states provinces","scalerank":2,"adm1_code":"CHN-1828","diss_me":1828,"iso_3166_2":"CN-JL","wikipedia":null,"iso_a2":"CN","adm0_sr":1,"name":"Jilin","name_alt":"Jílín","name_local":"吉林","type":"Shěng","type_en":"Province","code_local":null,"code_hasc":"CN.JL","note":null,"hasc_maybe":null,"region":"Northeast China","region_cod":"2","provnum_ne":52,"gadm_level":1,"check_me":20,"datarank":1,"abbrev":null,"postal":"JL","area_sqkm":0,"sameascity":-99,"labelrank":2,"name_len":5,"mapcolor9":4,"mapcolor13":3,"fips":"CH05","fips_alt":null,"woe_id":12577995,"woe_label":"Jilin, CN, China","woe_name":"Jilin","latitude":43.2978,"longitude":126.466,"sov_a3":"CH1","adm0_a3":"CHN","adm0_label":2,"admin":"China","geonunit":"China","gu_a3":"CHN","gn_id":2036500,"gn_name":"Jilin Sheng","gns_id":-1912251,"gns_name":"Jilin Sheng","gn_level":1,"gn_region":null,"gn_a1_code":"CN.05","region_sub":"Northeast","sub_code":null,"gns_level":1,"gns_lang":"zho","gns_adm1":"CH05","gns_region":null,"min_label":4.6,"max_label":10.1,"min_zoom":4.6,"wikidataid":"Q45208","name_ar":"جيلين","name_bn":"চিলিন","name_de":"Jilin","name_en":"Jilin","name_es":"Jilin","name_fr":"Jilin","name_el":"Τσιλίν","name_hi":"जीलिन","name_hu":"Csilin","name_id":"Jilin","name_it":"Jilin","name_ja":"吉林省","name_ko":"지린성","name_nl":"Jilin","name_pl":"Jilin","name_pt":"Jilin","name_ru":"Гирин","name_sv":"Jilin","name_tr":"Jilin","name_vi":"Cát Lâm","name_zh":"吉林省","ne_id":1159312755,"name_he":"ג'ילין","name_uk":"Цзілінь","name_ur":"جیلن","name_fa":"جیلین","name_zht":"吉林省","FCLASS_ISO":null,"FCLASS_US":null,"FCLASS_FR":null,"FCLASS_RU":null,"FCLASS_ES":null,"FCLASS_CN":null,"FCLASS_TW":null,"FCLASS_IN":null,"FCLASS_NP":null,"FCLASS_PK":null,"FCLASS_DE":null,"FCLASS_GB":null,"FCLASS_BR":null,"FCLASS_IL":null,"FCLASS_PS":null,"FCLASS_SA":null,"FCLASS_EG":null,"FCLASS_MA":null,"FCLASS_PT":null,"FCLASS_AR":null,"FCLASS_JP":null,"FCLASS_KO":null,"FCLASS_VN":null,"FCLASS_TR":null,"FCLASS_ID":null,"FCLASS_PL":null,"FCLASS_GR":null,"FCLASS_IT":null,"FCLASS_NL":null,"FCLASS_SE":null,"FCLASS_BD":null,"FCLASS_UA":null,"FCLASS_TLC":null}},
{"type":"Feature","geometry":{"type":"Polygon","coordinates":[[[125.70409,40.859195],[125.306285,41.680376],[125.28396,42.234451],[124.860317,42.887693],[123.696254,43.353478],[123.611969,43.08135],[121.646095,42.453585],[121.368851,42.49999],[120.14076,41.789284],[119.335745,42.289409],[119.230997,41.273398],[118.854689,40.820609],[119.563689,40.540058],[119.85019,39.986314],[120.436046,40.194485],[120.990977,40.831285],[121.361339,40.939643],[122.30185,40.502346],[121.436046,39.508612],[121.674083,39.088039],[124.369965,40.098293],[125.41516,40.652685],[125.70409,40.859195]]]},"properties":{"featurecla":"Admin-1 states provinces","scalerank":2,"adm1_code":"CHN-1813","diss_me":1813,"iso_3166_2":"CN-LN","wikipedia":null,"iso_a2":"CN","adm0_sr":5,"name":"Liaoning","name_alt":"Liáoníng","name_local":"遼寧|辽宁","type":"Shěng","type_en":"Province","code_local":null,"code_hasc":"CN.LN","note":null,"hasc_maybe":null,"region":"Northeast China","region_cod":"2","provnum_ne":11,"gadm_level":1,"check_me":20,"datarank":1,"abbrev":null,"postal":"LN","area_sqkm":0,"sameascity":-99,"labelrank":2,"name_len":8,"mapcolor9":4,"mapcolor13":3,"fips":"CH19","fips_alt":null,"woe_id":12578008,"woe_label":"Liaoning, CN, China","woe_name":"Liaoning","latitude":41.386,"longitude":123.07,"sov_a3":"CH1","adm0_a3":"CHN","adm0_label":2,"admin":"China","geonunit":"China","gu_a3":"CHN","gn_id":2036115,"gn_name":"Liaoning Sheng","gns_id":-1914920,"gns_name":"Liaoning Sheng","gn_level":1,"gn_region":null,"gn_a1_code":"CN.19","region_sub":"Northeast","sub_code":null,"gns_level":1,"gns_lang":"zho","gns_adm1":"CH19","gns_region":null,"min_label":4.6,"max_label":10.1,"min_zoom":4.6,"wikidataid":"Q43934","name_ar":"لياونينغ","name_bn":"লিয়াওনিং","name_de":"Liaoning","name_en":"Liaoning","name_es":"Liaoning","name_fr":"Liaoning","name_el":"Λιαονίνγκ","name_hi":"लियाओनिंग","name_hu":"Liaoning","name_id":"Liaoning","name_it":"Liaoning","name_ja":"遼寧省","name_ko":"랴오닝성","name_nl":"Liaoning","name_pl":"Liaoning","name_pt":"Liaoning","name_ru":"Ляонин","name_sv":"Liaoning","name_tr":"Liaoning","name_vi":"Liêu Ninh","name_zh":"辽宁省","ne_id":1159312117,"name_he":"ליאונינג","name_uk":"Ляонін","name_ur":"لیاؤننگ","name_fa":"لیائونینگ","name_zht":"遼寧省","FCLASS_ISO":null,"FCLASS_US":null,"FCLASS_FR":null,"FCLASS_RU":null,"FCLASS_ES":null,"FCLASS_CN":null,"FCLASS_TW":null,"FCLASS_IN":null,"FCLASS_NP":null,"FCLASS_PK":null,"FCLASS_DE":null,"FCLASS_GB":null,"FCLASS_BR":null,"FCLASS_IL":null,"FCLASS_PS":null,"FCLASS_SA":null,"FCLASS_EG":null,"FCLASS_MA":null,"FCLASS_PT":null,"FCLASS_AR":null,"FCLASS_JP":null,"FCLASS_KO":null,"FCLASS_VN":null,"FCLASS_TR":null,"FCLASS_ID":null,"FCLASS_PL":null,"FCLASS_GR":null,"FCLASS_IT":null,"FCLASS_NL":null,"FCLASS_SE":null,"FCLASS_BD":null,"FCLASS_UA":null,"FCLASS_TLC":null}},
{"type":"Feature","geometry":{"type":"Polygon","coordinates":[[[95.246933,26.648904],[95.176444,27.033182],[94.486564,26.676667],[93.335936,25.538028],[93.449211,25.302125],[93.803195,25.543557],[94.65036,25.44665],[95.139546,26.029937],[95.246933,26.648904]]]},"properties":{"featurecla":"Admin-1 states provinces","scalerank":2,"adm1_code":"IND-2479","diss_me":2479,"iso_3166_2":"IN-NL","wikipedia":null,"iso_a2":"IN","adm0_sr":1,"name":"Nagaland","name_alt":null,"name_local":null,"type":"State","type_en":"State","code_local":null,"code_hasc":"IN.NL","note":null,"hasc_maybe":null,"region":"Northeast","region_cod":null,"provnum_ne":20046,"gadm_level":1,"check_me":20,"datarank":1,"abbrev":null,"postal":"NL","area_sqkm":0,"sameascity":-99,"labelrank":2,"name_len":8,"mapcolor9":2,"mapcolor13":2,"fips":"IN20","fips_alt":null,"woe_id":2345754,"woe_label":"Nagaland, IN, India","woe_name":"Nagaland","latitude":26.1094,"longitude":94.5664,"sov_a3":"IND","adm0_a3":"IND","adm0_label":2,"admin":"India","geonunit":"India","gu_a3":"IND","gn_id":1262271,"gn_name":"State of Nagaland","gns_id":-2105305,"gns_name":"Nagaland, State of","gn_level":1,"gn_region":null,"gn_a1_code":"IN.20","region_sub":null,"sub_code":null,"gns_level":1,"gns_lang":"nld","gns_adm1":"IN20","gns_region":null,"min_label":4.6,"max_label":10.1,"min_zoom":4.6,"wikidataid":"Q1599","name_ar":"ناجالاند","name_bn":"নাগাল্যান্ড","name_de":"Nagaland","name_en":"Nagaland","name_es":"Nagaland","name_fr":"Nagaland","name_el":"Ναγκαλάντ","name_hi":"नागालैण्ड","name_hu":"Nágaföld","name_id":"Nagaland","name_it":"Nagaland","name_ja":"ナガランド州","name_ko":"나갈랜드","name_nl":"Nagaland","name_pl":"Nagaland","name_pt":"Nagaland","name_ru":"Нагаленд","name_sv":"Nagaland","name_tr":"Nagaland","name_vi":"Nagaland","name_zh":"那加兰邦","ne_id":1159311869,"name_he":"נאגאלנד","name_uk":"Нагаленд","name_ur":"ناگالینڈ","name_fa":"ناگالند","name_zht":"那加蘭邦","FCLASS_ISO":null,"FCLASS_US":null,"FCLASS_FR":null,"FCLASS_RU":null,"FCLASS_ES":null,"FCLASS_CN":null,"FCLASS_TW":null,"FCLASS_IN":null,"FCLASS_NP":null,"FCLASS_PK":null,"FCLASS_DE":null,"FCLASS_GB":null,"FCLASS_BR":null,"FCLASS_IL":null,"FCLASS_PS":null,"FCLASS_SA":null,"FCLASS_EG":null,"FCLASS_MA":null,"FCLASS_PT":null,"FCLASS_AR":null,"FCLASS_JP":null,"FCLASS_KO":null,"FCLASS_VN":null,"FCLASS_TR":null,"FCLASS_ID":null,"FCLASS_PL":null,"FCLASS_GR":null,"FCLASS_IT":null,"FCLASS_NL":null,"FCLASS_SE":null,"FCLASS_BD":null,"FCLASS_UA":null,"FCLASS_TLC":null}},
{"type":"Feature","geometry":{"type":"Polygon","coordinates":[[[94.65036,25.44665],[93.803195,25.543557],[93.449211,25.302125],[93.018436,24.399131],[93.302559,24.035775],[94.128859,23.853905],[94.708565,25.02589],[94.65036,25.44665]]]},"properties":{"featurecla":"Admin-1 states provinces","scalerank":2,"adm1_code":"IND-2478","diss_me":2478,"iso_3166_2":"IN-MN","wikipedia":null,"iso_a2":"IN","adm0_sr":1,"name":"Manipur","name_alt":null,"name_local":null,"type":"State","type_en":"State","code_local":null,"code_hasc":"IN.MN","note":null,"hasc_maybe":null,"region":"Northeast","region_cod":null,"provnum_ne":20044,"gadm_level":1,"check_me":20,"datarank":1,"abbrev":null,"postal":"MN","area_sqkm":0,"sameascity":-99,"labelrank":2,"name_len":7,"mapcolor9":2,"mapcolor13":2,"fips":"IN17","fips_alt":null,"woe_id":2345751,"woe_label":"Manipur, IN, India","woe_name":"Manipur","latitude":24.7442,"longitude":93.8457,"sov_a3":"IND","adm0_a3":"IND","adm0_label":2,"admin":"India","geonunit":"India","gu_a3":"IND","gn_id":1263706,"gn_name":"State of Manipur","gns_id":-2103864,"gns_name":"Manipur, State of","gn_level":1,"gn_region":null,"gn_a1_code":"IN.17","region_sub":null,"sub_code":null,"gns_level":1,"gns_lang":"nld","gns_adm1":"IN17","gns_region":null,"min_label":4.6,"max_label":10.1,"min_zoom":4.6,"wikidataid":"Q1193","name_ar":"مانيبور","name_bn":"মণিপুর","name_de":"Manipur","name_en":"Manipur","name_es":"Manipur","name_fr":"Manipur","name_el":"Μανιπούρ","name_hi":"मणिपुर","name_hu":"Manipur","name_id":"Manipur","name_it":"Manipur","name_ja":"マニプル州","name_ko":"마니푸르","name_nl":"Manipur","name_pl":"Manipur","name_pt":"Manipur","name_ru":"Манипур","name_sv":"Manipur","name_tr":"Manipur","name_vi":"Manipur","name_zh":"曼尼普尔邦","ne_id":1159311867,"name_he":"מניפור","name_uk":"Маніпур","name_ur":"منی پور","name_fa":"مانیپور","name_zht":"曼尼普爾邦","FCLASS_ISO":null,"FCLASS_US":null,"FCLASS_FR":null,"FCLASS_RU":null,"FCLASS_ES":null,"FCLASS_CN":null,"FCLASS_TW":null,"FCLASS_IN":null,"FCLASS_NP":null,"FCLASS_PK":null,"FCLASS_DE":null,"FCLASS_GB":null,"FCLASS_BR":null,"FCLASS_IL":null,"FCLASS_PS":null,"FCLASS_SA":null,"FCLASS_EG":null,"FCLASS_MA":null,"FCLASS_PT":null,"FCLASS_AR":null,"FCLASS_JP":null,"FCLASS_KO":null,"FCLASS_VN":null,"FCLASS_TR":null,"FCLASS_ID":null,"FCLASS_PL":null,"FCLASS_GR":null,"FCLASS_IT":null,"FCLASS_NL":null,"FCLASS_SE":null,"FCLASS_BD":null,"FCLASS_UA":null,"FCLASS_TLC":null}},
{"type":"Feature","geometry":{"type":"Polygon","coordinates":[[[93.302559,24.035775],[93.018436,24.399131],[92.29848,24.23772],[92.259737,23.702641],[92.575879,21.977574],[93.169021,22.246912],[93.079517,22.77272],[93.3749,23.129726],[93.302559,24.035775]]]},"properties":{"featurecla":"Admin-1 states provinces","scalerank":2,"adm1_code":"IND-3300","diss_me":3300,"iso_3166_2":"IN-MZ","wikipedia":null,"iso_a2":"IN","adm0_sr":1,"name":"Mizoram","name_alt":null,"name_local":null,"type":"State","type_en":"State","code_local":null,"code_hasc":"IN.MZ","note":null,"hasc_maybe":null,"region":"Northeast","region_cod":null,"provnum_ne":20047,"gadm_level":1,"check_me":20,"datarank":1,"abbrev":null,"postal":"MZ","area_sqkm":0,"sameascity":-99,"labelrank":2,"name_len":7,"mapcolor9":2,"mapcolor13":2,"fips":"IN31","fips_alt":null,"woe_id":20070461,"woe_label":"Mizoram, IN, India","woe_name":"Mizoram","latitude":23.2037,"longitude":92.8409,"sov_a3":"IND","adm0_a3":"IND","adm0_label":2,"admin":"India","geonunit":"India","gu_a3":"IND","gn_id":1262963,"gn_name":"State of Mizoram","gns_id":-2104612,"gns_name":"Mizoram, State of","gn_level":1,"gn_region":null,"gn_a1_code":"IN.31","region_sub":null,"sub_code":null,"gns_level":1,"gns_lang":"nld","gns_adm1":"IN31","gns_region":null,"min_label":4.6,"max_label":10.1,"min_zoom":4.6,"wikidataid":"Q1502","name_ar":"ميزورام","name_bn":"মিজোরাম","name_de":"Mizoram","name_en":"Mizoram","name_es":"Mizoram","name_fr":"Mizoram","name_el":"Μιζόραμ","name_hi":"मिज़ोरम","name_hu":"Mizoram","name_id":"Mizoram","name_it":"Mizoram","name_ja":"ミゾラム州","name_ko":"미조람","name_nl":"Mizoram","name_pl":"Mizoram","name_pt":"Mizoram","name_ru":"Мизорам","name_sv":"Mizoram","name_tr":"Mizoram","name_vi":"Mizoram","name_zh":"米佐拉姆邦","ne_id":1159315237,"name_he":"מיזוראם","name_uk":"Мізорам","name_ur":"میزورم","name_fa":"میزورام","name_zht":"米佐拉姆邦","FCLASS_ISO":null,"FCLASS_US":null,"FCLASS_FR":null,"FCLASS_RU":null,"FCLASS_ES":null,"FCLASS_CN":null,"FCLASS_TW":null,"FCLASS_IN":null,"FCLASS_NP":null,"FCLASS_PK":null,"FCLASS_DE":null,"FCLASS_GB":null,"FCLASS_BR":null,"FCLASS_IL":null,"FCLASS_PS":null,"FCLASS_SA":null,"FCLASS_EG":null,"FCLASS_MA":null,"FCLASS_PT":null,"FCLASS_AR":null,"FCLASS_JP":null,"FCLASS_KO":null,"FCLASS_VN":null,"FCLASS_TR":null,"FCLASS_ID":null,"FCLASS_PL":null,"FCLASS_GR":null,"FCLASS_IT":null,"FCLASS_NL":null,"FCLASS_SE":null,"FCLASS_BD":null,"FCLASS_UA":null,"FCLASS_TLC":null}},
{"type":"Feature","geometry":{"type":"Polygon","coordinates":[[[105.535192,23.099004],[105.853879,22.90465],[106.667473,22.86752],[106.533028,22.403445],[106.722354,22.006978],[107.333576,21.612509],[107.991222,21.485663],[108.44809,21.658108],[109.748057,21.574937],[110.355879,21.888974],[110.754563,22.580172],[111.351219,22.908214],[111.471005,23.613236],[111.899144,23.990862],[111.996554,24.735674],[111.667117,24.779676],[111.315821,25.503198],[111.251897,26.279714],[110.577054,26.350795],[110.246997,25.978208],[109.456709,26.03885],[109.30044,25.743054],[107.861871,25.145959],[106.995516,25.255384],[106.306566,24.981473],[106.001158,24.64847],[105.100076,24.954317],[104.539852,24.741772],[105.447187,24.037603],[106.193756,23.869396],[105.521325,23.163148],[105.535192,23.099004]]]},"properties":{"featurecla":"Admin-1 states provinces","scalerank":2,"adm1_code":"CHN-1152","diss_me":1152,"iso_3166_2":"CN-GX","wikipedia":null,"iso_a2":"CN","adm0_sr":5,"name":"Guangxi","name_alt":"Guangxi Zhuang|Guangxi Zhuàngzú","name_local":"廣西壯族自治區|广西壮族自治区","type":"Zìzhìqu","type_en":"Autonomous Region","code_local":null,"code_hasc":"CN.GX","note":null,"hasc_maybe":null,"region":"South Central China","region_cod":"4","provnum_ne":6,"gadm_level":1,"check_me":20,"datarank":1,"abbrev":null,"postal":"GX","area_sqkm":0,"sameascity":-99,"labelrank":2,"name_len":7,"mapcolor9":4,"mapcolor13":3,"fips":"CH16","fips_alt":null,"woe_id":12578006,"woe_label":"Guangxi, CN, China","woe_name":"Guangxi","latitude":23.7451,"longitude":108.756,"sov_a3":"CH1","adm0_a3":"CHN","adm0_label":2,"admin":"China","geonunit":"China","gu_a3":"CHN","gn_id":1809867,"gn_name":"Guangxi Zhuangzu Zizhiqu","gns_id":-1907151,"gns_name":"Guangxi Zhuangzu Zizhiqu","gn_level":1,"gn_region":null,"gn_a1_code":"CN.16","region_sub":"Western","sub_code":null,"gns_level":1,"gns_lang":"zho","gns_adm1":"CH16","gns_region":null,"min_label":4.6,"max_label":10.1,"min_zoom":4.6,"wikidataid":"Q15176","name_ar":"قوانغشي","name_bn":"কুয়াংশি","name_de":"Guangxi","name_en":"Guangxi","name_es":"Guangxi","name_fr":"Guangxi","name_el":"Κουανγκσί","name_hi":"गुआंगशी","name_hu":"Kuanghszi-Csuang Autonóm Terület","name_id":"Guangxi","name_it":"Guangxi","name_ja":"広西チワン族自治区","name_ko":"광시 좡족 자치구","name_nl":"Guangxi","name_pl":"Kuangsi","name_pt":"Guangxi","name_ru":"Гуанси-Чжуанский автономный район","name_sv":"Guangxi","name_tr":"Guangxi Zhuang Özerk Bölgesi","name_vi":"Quảng Tây","name_zh":"广西壮族自治区","ne_id":1159310341,"name_he":"גואנגשי","name_uk":"Гуансі-Чжуанський автономний район","name_ur":"گوانگشی","name_fa":"گوانگشی","name_zht":"廣西壯族自治區","FCLASS_ISO":null,"FCLASS_US":null,"FCLASS_FR":null,"FCLASS_RU":null,"FCLASS_ES":null,"FCLASS_CN":null,"FCLASS_TW":null,"FCLASS_IN":null,"FCLASS_NP":null,"FCLASS_PK":null,"FCLASS_DE":null,"FCLASS_GB":null,"FCLASS_BR":null,"FCLASS_IL":null,"FCLASS_PS":null,"FCLASS_SA":null,"FCLASS_EG":null,"FCLASS_MA":null,"FCLASS_PT":null,"FCLASS_AR":null,"FCLASS_JP":null,"FCLASS_KO":null,"FCLASS_VN":null,"FCLASS_TR":null,"FCLASS_ID":null,"FCLASS_PL":null,"FCLASS_GR":null,"FCLASS_IT":null,"FCLASS_NL":null,"FCLASS_SE":null,"FCLASS_BD":null,"FCLASS_UA":null,"FCLASS_TLC":null}},
{"type":"Feature","geometry":{"type":"Polygon","coordinates":[[[92.259737,23.702641],[92.29848,24.23772],[92.14998,24.542183],[91.308433,23.992501],[91.140824,23.6121],[91.536562,22.981854],[92.00351,23.647421],[92.259737,23.702641]]]},"properties":{"featurecla":"Admin-1 states provinces","scalerank":2,"adm1_code":"IND-3301","diss_me":3301,"iso_3166_2":"IN-TR","wikipedia":null,"iso_a2":"IN","adm0_sr":1,"name":"Tripura","name_alt":null,"name_local":null,"type":"State","type_en":"State","code_local":null,"code_hasc":"IN.TR","note":null,"hasc_maybe":null,"region":"Northeast","region_cod":null,"provnum_ne":20050,"gadm_level":1,"check_me":20,"datarank":1,"abbrev":null,"postal":"TR","area_sqkm":0,"sameascity":-99,"labelrank":2,"name_len":7,"mapcolor9":2,"mapcolor13":2,"fips":"IN26","fips_alt":null,"woe_id":2345759,"woe_label":"Tripura, IN, India","woe_name":"Tripura","latitude":23.8519,"longitude":91.7031,"sov_a3":"IND","adm0_a3":"IND","adm0_label":2,"admin":"India","geonunit":"India","gu_a3":"IND","gn_id":1254169,"gn_name":"State of Tripura","gns_id":-2113451,"gns_name":"Tripura, State of","gn_level":1,"gn_region":null,"gn_a1_code":"IN.26","region_sub":null,"sub_code":null,"gns_level":1,"gns_lang":"nld","gns_adm1":"IN26","gns_region":null,"min_label":4.6,"max_label":10.1,"min_zoom":4.6,"wikidataid":"Q1363","name_ar":"ترايبورا","name_bn":"ত্রিপুরা","name_de":"Tripura","name_en":"Tripura","name_es":"Tripura","name_fr":"Tripura","name_el":"Τρίπουρα","name_hi":"त्रिपुरा","name_hu":"Tripura","name_id":"Tripura","name_it":"Tripura","name_ja":"トリプラ州","name_ko":"트리푸라","name_nl":"Tripura","name_pl":"Tripura","name_pt":"Tripura","name_ru":"Трипура","name_sv":"Tripura","name_tr":"Tripura","name_vi":"Tripura","name_zh":"特里普拉邦","ne_id":1159315239,"name_he":"טריפורה","name_uk":"Тріпура","name_ur":"تری پورہ","name_fa":"تریپورا","name_zht":"特里普拉邦","FCLASS_ISO":null,"FCLASS_US":null,"FCLASS_FR":null,"FCLASS_RU":null,"FCLASS_ES":null,"FCLASS_CN":null,"FCLASS_TW":null,"FCLASS_IN":null,"FCLASS_NP":null,"FCLASS_PK":null,"FCLASS_DE":null,"FCLASS_GB":null,"FCLASS_BR":null,"FCLASS_IL":null,"FCLASS_PS":null,"FCLASS_SA":null,"FCLASS_EG":null,"FCLASS_MA":null,"FCLASS_PT":null,"FCLASS_AR":null,"FCLASS_JP":null,"FCLASS_KO":null,"FCLASS_VN":null,"FCLASS_TR":null,"FCLASS_ID":null,"FCLASS_PL":null,"FCLASS_GR":null,"FCLASS_IT":null,"FCLASS_NL":null,"FCLASS_SE":null,"FCLASS_BD":null,"FCLASS_UA":null,"FCLASS_TLC":null}},
{"type":"Feature","geometry":{"type":"Polygon","coordinates":[[[92.384937,25.004773],[92.789613,25.348892],[92.214661,25.919478],[91.582348,26.026887],[90.135615,25.959785],[89.808568,25.439507],[89.799234,25.402893],[90.364644,25.149991],[90.934821,25.15636],[92.001753,25.18296],[92.384937,25.004773]]]},"properties":{"featurecla":"Admin-1 states provinces","scalerank":2,"adm1_code":"IND-2489","diss_me":2489,"iso_3166_2":"IN-ML","wikipedia":null,"iso_a2":"IN","adm0_sr":1,"name":"Meghalaya","name_alt":null,"name_local":null,"type":"State","type_en":"State","code_local":null,"code_hasc":"IN.ML","note":null,"hasc_maybe":null,"region":"Northeast","region_cod":null,"provnum_ne":20048,"gadm_level":1,"check_me":20,"datarank":1,"abbrev":null,"postal":"ML","area_sqkm":0,"sameascity":-99,"labelrank":2,"name_len":9,"mapcolor9":2,"mapcolor13":2,"fips":"IN18","fips_alt":null,"woe_id":2345752,"woe_label":"Meghalaya, IN, India","woe_name":"Meghalaya","latitude":25.4804,"longitude":91.3031,"sov_a3":"IND","adm0_a3":"IND","adm0_label":2,"admin":"India","geonunit":"India","gu_a3":"IND","gn_id":1263207,"gn_name":"State of Meghalaya","gns_id":-2104368,"gns_name":"Meghalaya, State of","gn_level":1,"gn_region":null,"gn_a1_code":"IN.18","region_sub":null,"sub_code":null,"gns_level":1,"gns_lang":"nld","gns_adm1":"IN18","gns_region":null,"min_label":4.6,"max_label":10.1,"min_zoom":4.6,"wikidataid":"Q1195","name_ar":"ميغالايا","name_bn":"মেঘালয়","name_de":"Meghalaya","name_en":"Meghalaya","name_es":"Megalaya","name_fr":"Meghalaya","name_el":"Μεγκαλάγια","name_hi":"मेघालय","name_hu":"Meghálaja","name_id":"Meghalaya","name_it":"Meghalaya","name_ja":"メーガーラヤ州","name_ko":"메갈라야","name_nl":"Meghalaya","name_pl":"Meghalaya","name_pt":"Meghalaya","name_ru":"Мегалая","name_sv":"Meghalaya","name_tr":"Meghalaya","name_vi":"Meghalaya","name_zh":"梅加拉亚邦","ne_id":1159311871,"name_he":"מגהלאיה","name_uk":"Меґхалая","name_ur":"میگھالیہ","name_fa":"مگالایا","name_zht":"梅加拉亚邦","FCLASS_ISO":null,"FCLASS_US":null,"FCLASS_FR":null,"FCLASS_RU":null,"FCLASS_ES":null,"FCLASS_CN":null,"FCLASS_TW":null,"FCLASS_IN":null,"FCLASS_NP":null,"FCLASS_PK":null,"FCLASS_DE":null,"FCLASS_GB":null,"FCLASS_BR":null,"FCLASS_IL":null,"FCLASS_PS":null,"FCLASS_SA":null,"FCLASS_EG":null,"FCLASS_MA":null,"FCLASS_PT":null,"FCLASS_AR":null,"FCLASS_JP":null,"FCLASS_KO":null,"FCLASS_VN":null,"FCLASS_TR":null,"FCLASS_ID":null,"FCLASS_PL":null,"FCLASS_GR":null,"FCLASS_IT":null,"FCLASS_NL":null,"FCLASS_SE":null,"FCLASS_BD":null,"FCLASS_UA":null,"FCLASS_TLC":null}},
{"type":"Feature","geometry":{"type":"MultiPolygon","coordinates":[[[[-117.038151,48.992515],[-116.048163,48.992515],[-114.06384,48.992515],[-114.738288,49.580927],[-114.775108,50.354136],[-116.018107,51.142434],[-116.684965,51.809396],[-117.590801,52.13041],[-118.850234,53.183292],[-119.756742,53.414621],[-120.001016,53.822813],[-119.999957,55.711742],[-119.999957,58.523121],[-119.999957,60.000059],[-123.819103,60.000059],[-128.579252,60.000059],[-132.387366,60.000059],[-135.243419,60.000059],[-139.060207,60.000059],[-137.611363,59.239331],[-136.466549,59.287803],[-135.482759,59.792475],[-134.22219,58.842714],[-133.463089,58.462221],[-132.031859,57.028406],[-132.107384,56.858753],[-130.019618,55.907952],[-129.957916,55.273505],[-130.458241,54.348619],[-129.33495,53.396918],[-128.546742,53.135972],[-127.800526,52.256293],[-127.777008,51.167222],[-126.242258,50.501044],[-125.391021,50.49726],[-124.605214,50.232856],[-123.090506,48.992515],[-123.035308,48.992499],[-122.753017,48.992515],[-119.575875,48.992515],[-117.038151,48.992515]]],[[[-131.112701,52.171942],[-131.660797,52.542426],[-131.903961,53.240709],[-132.504384,53.040432],[-131.112701,52.171942]]],[[[-132.579416,53.207221],[-132.007883,53.253567],[-131.693267,53.991889],[-133.040517,54.164537],[-133.144399,53.896918],[-132.579416,53.207221]]],[[[-123.321197,48.495836],[-123.813385,49.118598],[-124.794749,49.472561],[-125.436187,50.313625],[-127.198557,50.621283],[-128.076975,50.870307],[-128.319814,50.609809],[-126.572662,49.414293],[-124.665395,48.573228],[-123.554596,48.327948],[-123.321197,48.495836]]]]},"properties":{"featurecla":"Admin-1 states provinces","scalerank":2,"adm1_code":"CAN-633","diss_me":633,"iso_3166_2":"CA-BC","wikipedia":"http://en.wikipedia.org/wiki/British_Columbia","iso_a2":"CA","adm0_sr":3,"name":"British Columbia","name_alt":"Colombie britannique|New Caledonia","name_local":null,"type":"Province","type_en":"Province","code_local":null,"code_hasc":"CA.BC","note":null,"hasc_maybe":null,"region":"Western Canada","region_cod":null,"provnum_ne":2,"gadm_level":1,"check_me":20,"datarank":2,"abbrev":"B.C.","postal":"BC","area_sqkm":0,"sameascity":-99,"labelrank":2,"name_len":16,"mapcolor9":2,"mapcolor13":2,"fips":"CA02","fips_alt":null,"woe_id":2344916,"woe_label":"British Columbia, CA, Canada","woe_name":"British Columbia","latitude":54.6943,"longitude":-124.662,"sov_a3":"CAN","adm0_a3":"CAN","adm0_label":2,"admin":"Canada","geonunit":"Canada","gu_a3":"CAN","gn_id":5909050,"gn_name":"British Columbia","gns_id":-561661,"gns_name":"British Columbia, Province of","gn_level":1,"gn_region":null,"gn_a1_code":"CA.02","region_sub":"British Columbia","sub_code":null,"gns_level":1,"gns_lang":"eng","gns_adm1":"CA02","gns_region":null,"min_label":3.5,"max_label":7.5,"min_zoom":2,"wikidataid":"Q1974","name_ar":"كولومبيا البريطانية","name_bn":"ব্রিটিশ কলাম্বিয়া","name_de":"British Columbia","name_en":"British Columbia","name_es":"Columbia Británica","name_fr":"Colombie-Britannique","name_el":"Βρετανική Κολομβία","name_hi":"ब्रिटिश कोलम्बिया","name_hu":"Brit Columbia","name_id":"British Columbia","name_it":"Columbia Britannica","name_ja":"ブリティッシュコロンビア州","name_ko":"브리티시컬럼비아","name_nl":"Brits-Columbia","name_pl":"Kolumbia Brytyjska","name_pt":"Colúmbia Britânica","name_ru":"Британская Колумбия","name_sv":"British Columbia","name_tr":"Britanya Kolumbiyası","name_vi":"British Columbia","name_zh":"不列颠哥伦比亚","ne_id":1159307717,"name_he":"קולומביה הבריטית","name_uk":"Британська Колумбія","name_ur":"برٹش کولمبیا","name_fa":"بریتیش کلمبیا","name_zht":"不列顛哥倫比亞省","FCLASS_ISO":null,"FCLASS_US":null,"FCLASS_FR":null,"FCLASS_RU":null,"FCLASS_ES":null,"FCLASS_CN":null,"FCLASS_TW":null,"FCLASS_IN":null,"FCLASS_NP":null,"FCLASS_PK":null,"FCLASS_DE":null,"FCLASS_GB":null,"FCLASS_BR":null,"FCLASS_IL":null,"FCLASS_PS":null,"FCLASS_SA":null,"FCLASS_EG":null,"FCLASS_MA":null,"FCLASS_PT":null,"FCLASS_AR":null,"FCLASS_JP":null,"FCLASS_KO":null,"FCLASS_VN":null,"FCLASS_TR":null,"FCLASS_ID":null,"FCLASS_PL":null,"FCLASS_GR":null,"FCLASS_IT":null,"FCLASS_NL":null,"FCLASS_SE":null,"FCLASS_BD":null,"FCLASS_UA":null,"FCLASS_TLC":null}},
{"type":"Feature","geometry":{"type":"Polygon","coordinates":[[[-109.999321,48.992618],[-109.999973,51.406268],[-109.999973,53.125078],[-109.999973,55.187588],[-109.999973,57.937575],[-109.999973,60.000059],[-113.12495,60.000059],[-116.249953,60.000059],[-119.999957,60.000059],[-119.999957,58.523121],[-119.999957,55.711742],[-120.001016,53.822813],[-119.756742,53.414621],[-118.850234,53.183292],[-117.590801,52.13041],[-116.684965,51.809396],[-116.018107,51.142434],[-114.775108,50.354136],[-114.738288,49.580927],[-114.06384,48.992515],[-109.999321,48.992618]]]},"properties":{"featurecla":"Admin-1 states provinces","scalerank":2,"adm1_code":"CAN-632","diss_me":632,"iso_3166_2":"CA-AB","wikipedia":"http://en.wikipedia.org/wiki/Alberta","iso_a2":"CA","adm0_sr":1,"name":"Alberta","name_alt":null,"name_local":null,"type":"Province","type_en":"Province","code_local":null,"code_hasc":"CA.AB","note":null,"hasc_maybe":null,"region":"Western Canada","region_cod":null,"provnum_ne":12,"gadm_level":1,"check_me":20,"datarank":2,"abbrev":"Alta.","postal":"AB","area_sqkm":0,"sameascity":-99,"labelrank":2,"name_len":7,"mapcolor9":2,"mapcolor13":2,"fips":"CA01","fips_alt":null,"woe_id":2344915,"woe_label":"Alberta, CA, Canada","woe_name":"Alberta","latitude":55.2816,"longitude":-115,"sov_a3":"CAN","adm0_a3":"CAN","adm0_label":2,"admin":"Canada","geonunit":"Canada","gu_a3":"CAN","gn_id":5883102,"gn_name":"Alberta","gns_id":-559990,"gns_name":"Alberta, Province d'","gn_level":1,"gn_region":null,"gn_a1_code":"CA.01","region_sub":"Prairies","sub_code":null,"gns_level":1,"gns_lang":"fra","gns_adm1":"CA01","gns_region":null,"min_label":3.5,"max_label":7.5,"min_zoom":2,"wikidataid":"Q1951","name_ar":"ألبرتا","name_bn":"অ্যালবার্টা","name_de":"Alberta","name_en":"Alberta","name_es":"Alberta","name_fr":"Alberta","name_el":"Αλμπέρτα","name_hi":"अल्बर्टा","name_hu":"Alberta","name_id":"Alberta","name_it":"Alberta","name_ja":"アルバータ州","name_ko":"앨버타","name_nl":"Alberta","name_pl":"Alberta","name_pt":"Alberta","name_ru":"Альберта","name_sv":"Alberta","name_tr":"Alberta","name_vi":"Alberta","name_zh":"阿尔伯塔省","ne_id":1159308775,"name_he":"אלברטה","name_uk":"Альберта","name_ur":"البرٹا","name_fa":"آلبرتا","name_zht":"亞伯達省","FCLASS_ISO":null,"FCLASS_US":null,"FCLASS_FR":null,"FCLASS_RU":null,"FCLASS_ES":null,"FCLASS_CN":null,"FCLASS_TW":null,"FCLASS_IN":null,"FCLASS_NP":null,"FCLASS_PK":null,"FCLASS_DE":null,"FCLASS_GB":null,"FCLASS_BR":null,"FCLASS_IL":null,"FCLASS_PS":null,"FCLASS_SA":null,"FCLASS_EG":null,"FCLASS_MA":null,"FCLASS_PT":null,"FCLASS_AR":null,"FCLASS_JP":null,"FCLASS_KO":null,"FCLASS_VN":null,"FCLASS_TR":null,"FCLASS_ID":null,"FCLASS_PL":null,"FCLASS_GR":null,"FCLASS_IT":null,"FCLASS_NL":null,"FCLASS_SE":null,"FCLASS_BD":null,"FCLASS_UA":null,"FCLASS_TLC":null}},
{"type":"Feature","geometry":{"type":"Polygon","coordinates":[[[-104.047574,48.992618],[-101.36434,48.99267],[-101.681178,52.388224],[-102.001055,55.81649],[-102.001417,58.410182],[-102.001598,60.000059],[-106.500703,60.000059],[-109.999973,60.000059],[-109.999973,57.937575],[-109.999973,55.187588],[-109.999973,53.125078],[-109.999973,51.406268],[-109.999321,48.992618],[-106.607183,48.992618],[-104.047574,48.992618]]]},"properties":{"featurecla":"Admin-1 states provinces","scalerank":2,"adm1_code":"CAN-631","diss_me":631,"iso_3166_2":"CA-SK","wikipedia":"http://en.wikipedia.org/wiki/Saskatchewan","iso_a2":"CA","adm0_sr":1,"name":"Saskatchewan","name_alt":null,"name_local":null,"type":"Province","type_en":"Province","code_local":null,"code_hasc":"CA.SK","note":null,"hasc_maybe":null,"region":"Western Canada","region_cod":null,"provnum_ne":13,"gadm_level":1,"check_me":20,"datarank":2,"abbrev":"Sask.","postal":"SK","area_sqkm":0,"sameascity":-99,"labelrank":2,"name_len":12,"mapcolor9":2,"mapcolor13":2,"fips":"CA11","fips_alt":null,"woe_id":2344925,"woe_label":"Saskatchewan, CA, Canada","woe_name":"Saskatchewan","latitude":54.4965,"longitude":-105.682,"sov_a3":"CAN","adm0_a3":"CAN","adm0_label":2,"admin":"Canada","geonunit":"Canada","gu_a3":"CAN","gn_id":6141242,"gn_name":"Saskatchewan","gns_id":-573211,"gns_name":"Saskatchewan, Province de","gn_level":1,"gn_region":null,"gn_a1_code":"CA.11","region_sub":"Prairies","sub_code":null,"gns_level":1,"gns_lang":"fra","gns_adm1":"CA11","gns_region":null,"min_label":3.5,"max_label":7.5,"min_zoom":2,"wikidataid":"Q1989","name_ar":"ساسكاتشوان","name_bn":"সাসক্যাচুয়ান","name_de":"Saskatchewan","name_en":"Saskatchewan","name_es":"Saskatchewan","name_fr":"Saskatchewan","name_el":"Σασκάτσουαν","name_hi":"सैस्कैचेवेन","name_hu":"Saskatchewan","name_id":"Saskatchewan","name_it":"Saskatchewan","name_ja":"サスカチュワン州","name_ko":"서스캐처원","name_nl":"Saskatchewan","name_pl":"Saskatchewan","name_pt":"Saskatchewan","name_ru":"Саскачеван","name_sv":"Saskatchewan","name_tr":"Saskatchewan","name_vi":"Saskatchewan","name_zh":"萨斯喀彻温","ne_id":1159308773,"name_he":"ססקצ'ואן","name_uk":"Саскачеван","name_ur":"ساسکچیوان","name_fa":"سسکچوان","name_zht":"薩斯喀徹溫","FCLASS_ISO":null,"FCLASS_US":null,"FCLASS_FR":null,"FCLASS_RU":null,"FCLASS_ES":null,"FCLASS_CN":null,"FCLASS_TW":null,"FCLASS_IN":null,"FCLASS_NP":null,"FCLASS_PK":null,"FCLASS_DE":null,"FCLASS_GB":null,"FCLASS_BR":null,"FCLASS_IL":null,"FCLASS_PS":null,"FCLASS_SA":null,"FCLASS_EG":null,"FCLASS_MA":null,"FCLASS_PT":null,"FCLASS_AR":null,"FCLASS_JP":null,"FCLASS_KO":null,"FCLASS_VN":null,"FCLASS_TR":null,"FCLASS_ID":null,"FCLASS_PL":null,"FCLASS_GR":null,"FCLASS_IT":null,"FCLASS_NL":null,"FCLASS_SE":null,"FCLASS_BD":null,"FCLASS_UA":null,"FCLASS_TLC":null}},
{"type":"Feature","geometry":{"type":"Polygon","coordinates":[[[-97.226089,48.99267],[-95.177106,48.99267],[-95.160569,49.369494],[-95.153773,52.82135],[-93.620171,53.746901],[-91.686259,55.110616],[-88.947,56.853217],[-91.031117,57.264635],[-92.2235,57.02147],[-93.189524,58.759711],[-94.399485,58.71247],[-94.807444,59.018134],[-94.803131,60.000067],[-98.401249,60.000059],[-102.001598,60.000059],[-102.001417,58.410182],[-102.001055,55.81649],[-101.681178,52.388224],[-101.36434,48.99267],[-97.226089,48.99267]]]},"properties":{"featurecla":"Admin-1 states provinces","scalerank":2,"adm1_code":"CAN-630","diss_me":630,"iso_3166_2":"CA-MB","wikipedia":"http://en.wikipedia.org/wiki/Manitoba","iso_a2":"CA","adm0_sr":1,"name":"Manitoba","name_alt":null,"name_local":null,"type":"Province","type_en":"Province","code_local":null,"code_hasc":"CA.MB","note":null,"hasc_maybe":null,"region":"Western Canada","region_cod":null,"provnum_ne":11,"gadm_level":1,"check_me":20,"datarank":2,"abbrev":"Man.","postal":"MB","area_sqkm":0,"sameascity":-99,"labelrank":2,"name_len":8,"mapcolor9":2,"mapcolor13":2,"fips":"CA03","fips_alt":null,"woe_id":2344917,"woe_label":"Manitoba, CA, Canada","woe_name":"Manitoba","latitude":54.85,"longitude":-97.3828,"sov_a3":"CAN","adm0_a3":"CAN","adm0_label":2,"admin":"Canada","geonunit":"Canada","gu_a3":"CAN","gn_id":6065171,"gn_name":"Manitoba","gns_id":-568643,"gns_name":"Manitoba, Province de","gn_level":1,"gn_region":null,"gn_a1_code":"CA.03","region_sub":"Prairies","sub_code":null,"gns_level":1,"gns_lang":"fra","gns_adm1":"CA03","gns_region":null,"min_label":3.5,"max_label":7.5,"min_zoom":2,"wikidataid":"Q1948","name_ar":"مانيتوبا","name_bn":"ম্যানিটোবা","name_de":"Manitoba","name_en":"Manitoba","name_es":"Manitoba","name_fr":"Manitoba","name_el":"Μανιτόμπα","name_hi":"मानिटोबा","name_hu":"Manitoba","name_id":"Manitoba","name_it":"Manitoba","name_ja":"マニトバ州","name_ko":"매니토바","name_nl":"Manitoba","name_pl":"Manitoba","name_pt":"Manitoba","name_ru":"Манитоба","name_sv":"Manitoba","name_tr":"Manitoba","name_vi":"Manitoba","name_zh":"曼尼托巴","ne_id":1159308777,"name_he":"מניטובה","name_uk":"Манітоба","name_ur":"مانیٹوبا","name_fa":"مانیتوبا","name_zht":"曼尼托巴省","FCLASS_ISO":null,"FCLASS_US":null,"FCLASS_FR":null,"FCLASS_RU":null,"FCLASS_ES":null,"FCLASS_CN":null,"FCLASS_TW":null,"FCLASS_IN":null,"FCLASS_NP":null,"FCLASS_PK":null,"FCLASS_DE":null,"FCLASS_GB":null,"FCLASS_BR":null,"FCLASS_IL":null,"FCLASS_PS":null,"FCLASS_SA":null,"FCLASS_EG":null,"FCLASS_MA":null,"FCLASS_PT":null,"FCLASS_AR":null,"FCLASS_JP":null,"FCLASS_KO":null,"FCLASS_VN":null,"FCLASS_TR":null,"FCLASS_ID":null,"FCLASS_PL":null,"FCLASS_GR":null,"FCLASS_IT":null,"FCLASS_NL":null,"FCLASS_SE":null,"FCLASS_BD":null,"FCLASS_UA":null,"FCLASS_TLC":null}},
{"type":"Feature","geometry":{"type":"Polygon","coordinates":[[[-89.498962,47.995095],[-88.347264,48.298655],[-84.87869,46.897914],[-84.589406,46.475123],[-82.532141,45.293516],[-82.153611,43.549591],[-82.511264,42.646675],[-83.128513,42.239955],[-83.130862,41.938029],[-82.424861,41.676811],[-81.276662,42.208665],[-80.520233,42.323782],[-79.763007,42.537705],[-79.019384,42.802686],[-79.17431,43.464532],[-78.688086,43.631808],[-76.841532,43.625504],[-76.454631,44.084235],[-75.270233,44.863774],[-74.712961,44.999254],[-74.346181,45.220567],[-74.643655,45.656077],[-75.881952,45.399503],[-76.647461,45.580836],[-77.658407,46.1839],[-78.694028,46.3365],[-79.431296,47.086997],[-79.51651,47.565727],[-79.520823,50.942898],[-80.429799,51.357164],[-80.594879,51.711371],[-81.390614,52.127794],[-82.301178,52.967597],[-82.126047,53.812201],[-82.430898,54.228217],[-82.201405,54.83393],[-82.458485,55.141181],[-83.929067,55.326524],[-85.126617,55.302558],[-85.682613,55.586584],[-87.622304,56.095567],[-88.947,56.853217],[-91.686259,55.110616],[-93.620171,53.746901],[-95.153773,52.82135],[-95.160569,49.369494],[-94.592852,48.726433],[-92.648604,48.536263],[-91.427929,48.036449],[-90.178625,48.116444],[-89.498962,47.995095]]]},"properties":{"featurecla":"Admin-1 states provinces","scalerank":2,"adm1_code":"CAN-682","diss_me":682,"iso_3166_2":"CA-ON","wikipedia":"http://en.wikipedia.org/wiki/Ontario","iso_a2":"CA","adm0_sr":1,"name":"Ontario","name_alt":"Upper Canada","name_local":null,"type":"Province","type_en":"Province","code_local":null,"code_hasc":"CA.ON","note":null,"hasc_maybe":null,"region":"Eastern Canada","region_cod":null,"provnum_ne":7,"gadm_level":1,"check_me":20,"datarank":2,"abbrev":"Ont.","postal":"ON","area_sqkm":0,"sameascity":-99,"labelrank":2,"name_len":7,"mapcolor9":2,"mapcolor13":2,"fips":"CA08","fips_alt":null,"woe_id":2344922,"woe_label":"Ontario, CA, Canada","woe_name":"Ontario","latitude":50.5244,"longitude":-84.7943,"sov_a3":"CAN","adm0_a3":"CAN","adm0_label":2,"admin":"Canada","geonunit":"Canada","gu_a3":"CAN","gn_id":6093943,"gn_name":"Ontario","gns_id":-570663,"gns_name":"Ontario, Province d'","gn_level":1,"gn_region":null,"gn_a1_code":"CA.08","region_sub":"Ontario","sub_code":null,"gns_level":1,"gns_lang":"fra","gns_adm1":"CA08","gns_region":null,"min_label":3.5,"max_label":7.5,"min_zoom":2,"wikidataid":"Q1904","name_ar":"أونتاريو","name_bn":"অন্টারিও","name_de":"Ontario","name_en":"Ontario","name_es":"Ontario","name_fr":"Ontario","name_el":"Οντάριο","name_hi":"ओण्टारियो","name_hu":"Ontario","name_id":"Ontario","name_it":"Ontario","name_ja":"オンタリオ州","name_ko":"온타리오","name_nl":"Ontario","name_pl":"Ontario","name_pt":"Ontário","name_ru":"Онтарио","name_sv":"Ontario","name_tr":"Ontario","name_vi":"Ontario","name_zh":"安大略省","ne_id":1159309687,"name_he":"אונטריו","name_uk":"Онтаріо","name_ur":"انٹاریو","name_fa":"انتاریو","name_zht":"安大略省","FCLASS_ISO":null,"FCLASS_US":null,"FCLASS_FR":null,"FCLASS_RU":null,"FCLASS_ES":null,"FCLASS_CN":null,"FCLASS_TW":null,"FCLASS_IN":null,"FCLASS_NP":null,"FCLASS_PK":null,"FCLASS_DE":null,"FCLASS_GB":null,"FCLASS_BR":null,"FCLASS_IL":null,"FCLASS_PS":null,"FCLASS_SA":null,"FCLASS_EG":null,"FCLASS_MA":null,"FCLASS_PT":null,"FCLASS_AR":null,"FCLASS_JP":null,"FCLASS_KO":null,"FCLASS_VN":null,"FCLASS_TR":null,"FCLASS_ID":null,"FCLASS_PL":null,"FCLASS_GR":null,"FCLASS_IT":null,"FCLASS_NL":null,"FCLASS_SE":null,"FCLASS_BD":null,"FCLASS_UA":null,"FCLASS_TLC":null}},
{"type":"Feature","geometry":{"type":"MultiPolygon","coordinates":[[[[-73.351341,45.004634],[-71.505848,45.013731],[-71.084952,45.304293],[-70.262528,45.923038],[-70.007763,46.704075],[-69.06356,47.290809],[-68.386828,47.558286],[-68.377862,47.928341],[-66.843007,47.996812],[-66.51537,48.1081],[-65.783844,48.115587],[-65.285553,48.012641],[-64.329091,48.419623],[-64.221181,48.894355],[-65.565785,49.266466],[-66.62206,49.122626],[-68.205637,48.641913],[-69.054433,48.232367],[-70.534901,47.010565],[-73.139801,46.058336],[-73.557281,45.414293],[-74.712961,44.999254],[-73.351341,45.004634]]],[[[-79.520823,50.942898],[-79.51651,47.565727],[-79.431296,47.086997],[-78.694028,46.3365],[-77.658407,46.1839],[-76.647461,45.580836],[-75.881952,45.399503],[-74.643655,45.656077],[-74.346181,45.220567],[-72.994496,46.210801],[-71.880523,46.69066],[-71.353993,46.739],[-69.932037,47.773057],[-69.069569,48.756212],[-68.122385,49.271348],[-67.376332,49.339219],[-67.131459,49.831285],[-66.543121,50.216132],[-62.852447,50.294257],[-61.845774,50.219794],[-60.06371,50.253974],[-58.947743,51.041612],[-57.100331,51.419013],[-57.100979,52.000082],[-60.460826,51.999927],[-64.361822,51.966967],[-65.18383,51.774363],[-66.373852,52.142375],[-67.302481,52.868082],[-66.889757,53.414941],[-67.808068,54.034027],[-66.587997,55.255439],[-65.698,54.72281],[-64.940627,54.929521],[-63.898582,54.601604],[-63.550626,55.226467],[-64.124117,56.689512],[-63.76494,57.564394],[-64.38963,58.187715],[-63.818166,58.486043],[-64.893412,59.564743],[-64.531406,60.303901],[-65.546254,59.731269],[-65.406728,59.417426],[-66.108632,58.77912],[-67.649037,58.251776],[-68.786936,58.922471],[-69.45165,58.895209],[-69.769765,59.971055],[-69.719797,60.684027],[-70.110219,61.060126],[-71.395009,61.149522],[-71.652008,61.649848],[-73.670725,62.482123],[-74.41686,62.252509],[-75.829742,62.313341],[-77.490834,62.588324],[-78.154897,62.297309],[-77.708363,61.616278],[-78.165517,60.868354],[-77.283111,60.026597],[-78.473704,58.72016],[-77.079335,57.961493],[-76.589345,57.271308],[-76.658681,56.072984],[-77.112904,55.67536],[-78.392242,55.027533],[-79.67634,54.693793],[-79.129384,54.107489],[-78.78307,52.871527],[-78.521474,52.480943],[-78.882151,51.403266],[-79.520823,51.466702],[-79.520823,50.965481],[-79.520823,50.942898]]],[[[-64.319203,49.791246],[-63.586781,49.38996],[-62.248199,49.067939],[-61.882639,49.354478],[-63.374664,49.829413],[-64.319203,49.791246]]]]},"properties":{"featurecla":"Admin-1 states provinces","scalerank":2,"adm1_code":"CAN-683","diss_me":683,"iso_3166_2":"CA-QC","wikipedia":"http://en.wikipedia.org/wiki/Quebec","iso_a2":"CA","adm0_sr":6,"name":"Québec","name_alt":"Lower Canada","name_local":null,"type":"Province","type_en":"Province","code_local":null,"code_hasc":"CA.QC","note":null,"hasc_maybe":null,"region":"Eastern Canada","region_cod":null,"provnum_ne":4,"gadm_level":1,"check_me":20,"datarank":2,"abbrev":"Que.","postal":"QC","area_sqkm":0,"sameascity":-99,"labelrank":2,"name_len":6,"mapcolor9":2,"mapcolor13":2,"fips":"CA10","fips_alt":null,"woe_id":2344924,"woe_label":"Quebec, CA, Canada","woe_name":"Québec","latitude":52.2593,"longitude":-73.7168,"sov_a3":"CAN","adm0_a3":"CAN","adm0_label":2,"admin":"Canada","geonunit":"Canada","gu_a3":"CAN","gn_id":6115047,"gn_name":"Quebec","gns_id":-571854,"gns_name":"Quebec, Province du","gn_level":1,"gn_region":null,"gn_a1_code":"CA.10","region_sub":"Québec","sub_code":null,"gns_level":1,"gns_lang":"fra","gns_adm1":"CA10","gns_region":null,"min_label":3.5,"max_label":7.5,"min_zoom":2,"wikidataid":"Q176","name_ar":"كيبك","name_bn":"কেবেক","name_de":"Québec","name_en":"Quebec","name_es":"Quebec","name_fr":"Québec","name_el":"Κεμπέκ","name_hi":"क्यूबेक","name_hu":"Québec","name_id":"Quebec","name_it":"Québec","name_ja":"ケベック州","name_ko":"퀘벡","name_nl":"Quebec","name_pl":"Quebec","name_pt":"Quebeque","name_ru":"Квебек","name_sv":"Québec","name_tr":"Québec","name_vi":"Québec","name_zh":"魁北克","ne_id":1159308703,"name_he":"קוויבק","name_uk":"Квебек","name_ur":"کیوبیک","name_fa":"استان کبک","name_zht":"魁北克","FCLASS_ISO":null,"FCLASS_US":null,"FCLASS_FR":null,"FCLASS_RU":null,"FCLASS_ES":null,"FCLASS_CN":null,"FCLASS_TW":null,"FCLASS_IN":null,"FCLASS_NP":null,"FCLASS_PK":null,"FCLASS_DE":null,"FCLASS_GB":null,"FCLASS_BR":null,"FCLASS_IL":null,"FCLASS_PS":null,"FCLASS_SA":null,"FCLASS_EG":null,"FCLASS_MA":null,"FCLASS_PT":null,"FCLASS_AR":null,"FCLASS_JP":null,"FCLASS_KO":null,"FCLASS_VN":null,"FCLASS_TR":null,"FCLASS_ID":null,"FCLASS_PL":null,"FCLASS_GR":null,"FCLASS_IT":null,"FCLASS_NL":null,"FCLASS_SE":null,"FCLASS_BD":null,"FCLASS_UA":null,"FCLASS_TLC":null}},
{"type":"Feature","geometry":{"type":"Polygon","coordinates":[[[-67.176015,45.178656],[-65.909413,45.210273],[-64.273423,45.83567],[-64.042725,45.991981],[-64.514027,46.239407],[-64.905832,46.886868],[-64.826283,47.815497],[-65.628814,47.67064],[-65.81786,47.907416],[-66.385894,48.075141],[-66.843007,47.996812],[-68.377862,47.928341],[-68.386828,47.558286],[-69.06356,47.290809],[-68.197047,47.341401],[-67.805185,47.035631],[-67.772835,45.828057],[-67.176015,45.178656]]]},"properties":{"featurecla":"Admin-1 states provinces","scalerank":2,"adm1_code":"CAN-684","diss_me":684,"iso_3166_2":"CA-NB","wikipedia":"http://en.wikipedia.org/wiki/New_Brunswick","iso_a2":"CA","adm0_sr":5,"name":"New Brunswick","name_alt":"Nouveau-Brunswick|Acadia","name_local":null,"type":"Province","type_en":"Province","code_local":null,"code_hasc":"CA.NB","note":null,"hasc_maybe":null,"region":"Eastern Canada","region_cod":null,"provnum_ne":10,"gadm_level":1,"check_me":20,"datarank":2,"abbrev":"N.B.","postal":"NB","area_sqkm":0,"sameascity":-99,"labelrank":2,"name_len":13,"mapcolor9":2,"mapcolor13":2,"fips":"CA04","fips_alt":null,"woe_id":2344918,"woe_label":"New Brunswick, CA, Canada","woe_name":"New Brunswick","latitude":46.5822,"longitude":-66.4558,"sov_a3":"CAN","adm0_a3":"CAN","adm0_label":2,"admin":"Canada","geonunit":"Canada","gu_a3":"CAN","gn_id":6087430,"gn_name":"New Brunswick","gns_id":-570089,"gns_name":"New Brunswick, Province of","gn_level":1,"gn_region":null,"gn_a1_code":"CA.04","region_sub":"Atlantic Canada","sub_code":null,"gns_level":1,"gns_lang":"eng","gns_adm1":"CA04","gns_region":null,"min_label":3.5,"max_label":7.5,"min_zoom":2,"wikidataid":"Q1965","name_ar":"نيو برونزويك","name_bn":"নিউ ব্রান্সউইক","name_de":"New Brunswick","name_en":"New Brunswick","name_es":"Nuevo Brunswick","name_fr":"Nouveau-Brunswick","name_el":"Νιου Μπράνσγουικ","name_hi":"न्यू ब्रंसविक","name_hu":"Új-Brunswick","name_id":"New Brunswick","name_it":"Nuovo Brunswick","name_ja":"ニュー・ブランズウィック州","name_ko":"뉴브런즈윅","name_nl":"New Brunswick","name_pl":"Nowy Brunszwik","name_pt":"Novo Brunswick","name_ru":"Нью-Брансуик","name_sv":"New Brunswick","name_tr":"New Brunswick","name_vi":"New Brunswick","name_zh":"新不伦瑞克","ne_id":1159308785,"name_he":"ניו ברנזוויק","name_uk":"Нью-Брансвік","name_ur":"نیو برنزویک","name_fa":"نیوبرانزویک","name_zht":"新不倫瑞克","FCLASS_ISO":null,"FCLASS_US":null,"FCLASS_FR":null,"FCLASS_RU":null,"FCLASS_ES":null,"FCLASS_CN":null,"FCLASS_TW":null,"FCLASS_IN":null,"FCLASS_NP":null,"FCLASS_PK":null,"FCLASS_DE":null,"FCLASS_GB":null,"FCLASS_BR":null,"FCLASS_IL":null,"FCLASS_PS":null,"FCLASS_SA":null,"FCLASS_EG":null,"FCLASS_MA":null,"FCLASS_PT":null,"FCLASS_AR":null,"FCLASS_JP":null,"FCLASS_KO":null,"FCLASS_VN":null,"FCLASS_TR":null,"FCLASS_ID":null,"FCLASS_PL":null,"FCLASS_GR":null,"FCLASS_IT":null,"FCLASS_NL":null,"FCLASS_SE":null,"FCLASS_BD":null,"FCLASS_UA":null,"FCLASS_TLC":null}},
{"type":"Feature","geometry":{"type":"Polygon","coordinates":[[[-66.875061,1.22251],[-67.340614,2.090106],[-68.163302,1.721291],[-69.841185,1.707579],[-69.852192,1.05942],[-69.370851,1.062985],[-69.137455,0.650142],[-70.054246,0.588131],[-70.073806,-0.124901],[-69.632076,-0.506893],[-69.421065,-1.23931],[-69.96495,-4.236484],[-70.832235,-4.179434],[-70.968687,-4.385313],[-71.774348,-4.481534],[-72.917948,-5.132089],[-73.234776,-6.077561],[-73.131785,-6.435265],[-73.806762,-7.117879],[-72.663699,-7.591578],[-70.371487,-8.15728],[-66.830515,-9.837952],[-66.396691,-9.405317],[-65.767866,-9.566393],[-64.752709,-8.984878],[-64.117037,-8.938007],[-63.917902,-8.334271],[-63.538261,-8.000493],[-62.723737,-8.063073],[-62.13354,-8.768508],[-61.611298,-8.76856],[-58.545232,-8.748251],[-58.13549,-7.339138],[-58.4664,-6.701606],[-58.294421,-6.496864],[-56.756659,-3.18611],[-56.389653,-2.390551],[-56.521583,-2.164829],[-57.655881,-1.58998],[-58.389505,-1.04898],[-58.853741,-0.35202],[-58.87051,0.225361],[-60.024548,0.223656],[-60.3398,-0.704143],[-60.736726,-0.849509],[-61.107246,-0.492786],[-61.532233,-0.728534],[-61.879396,-1.369322],[-62.419595,-0.827339],[-62.578113,0.016847],[-62.446338,0.804602],[-62.707097,1.94722],[-63.386546,2.235889],[-63.99503,1.958021],[-64.080864,1.647394],[-65.136769,1.126909],[-66.346204,0.759386],[-66.875061,1.22251]]]},"properties":{"featurecla":"Admin-1 states provinces","scalerank":2,"adm1_code":"BRA-592","diss_me":592,"iso_3166_2":"BR-AM","wikipedia":null,"iso_a2":"BR","adm0_sr":1,"name":"Amazonas","name_alt":"Amazone","name_local":null,"type":"Estado","type_en":"State","code_local":null,"code_hasc":"BR.AM","note":null,"hasc_maybe":null,"region":null,"region_cod":null,"provnum_ne":25,"gadm_level":1,"check_me":20,"datarank":6,"abbrev":"Amaz.","postal":"AM","area_sqkm":0,"sameascity":-99,"labelrank":2,"name_len":8,"mapcolor9":5,"mapcolor13":7,"fips":"BR04","fips_alt":null,"woe_id":2344847,"woe_label":"Amazonas, BR, Brazil","woe_name":"Amazonas","latitude":-4.21774,"longitude":-63.7853,"sov_a3":"BRA","adm0_a3":"BRA","adm0_label":2,"admin":"Brazil","geonunit":"Brazil","gu_a3":"BRA","gn_id":3665361,"gn_name":"Estado do Amazonas","gns_id":-624593,"gns_name":"Amazonas, Estado do","gn_level":1,"gn_region":null,"gn_a1_code":"BR.04","region_sub":null,"sub_code":null,"gns_level":1,"gns_lang":"por","gns_adm1":"BR04","gns_region":null,"min_label":3.7,"max_label":8.5,"min_zoom":3,"wikidataid":"Q40040","name_ar":"الأمازون","name_bn":"আমাজোনাস","name_de":"Amazonas","name_en":"Amazonas","name_es":"Amazonas","name_fr":"Amazonas","name_el":"Αμαζόνας","name_hi":"आमेज़ोनास","name_hu":"Amazonas","name_id":"Amazonas","name_it":"Amazonas","name_ja":"アマゾナス州","name_ko":"아마조나스","name_nl":"Amazonas","name_pl":"Amazonas","name_pt":"Amazonas","name_ru":"Амазонас","name_sv":"Amazonas","name_tr":"Amazonas","name_vi":"Amazonas","name_zh":"亚马孙州","ne_id":1159307981,"name_he":"אמזונאס","name_uk":"Амазонас","name_ur":"ایمازوناس","name_fa":"آمازوناس","name_zht":"亚马孙州","FCLASS_ISO":null,"FCLASS_US":null,"FCLASS_FR":null,"FCLASS_RU":null,"FCLASS_ES":null,"FCLASS_CN":null,"FCLASS_TW":null,"FCLASS_IN":null,"FCLASS_NP":null,"FCLASS_PK":null,"FCLASS_DE":null,"FCLASS_GB":null,"FCLASS_BR":null,"FCLASS_IL":null,"FCLASS_PS":null,"FCLASS_SA":null,"FCLASS_EG":null,"FCLASS_MA":null,"FCLASS_PT":null,"FCLASS_AR":null,"FCLASS_JP":null,"FCLASS_KO":null,"FCLASS_VN":null,"FCLASS_TR":null,"FCLASS_ID":null,"FCLASS_PL":null,"FCLASS_GR":null,"FCLASS_IT":null,"FCLASS_NL":null,"FCLASS_SE":null,"FCLASS_BD":null,"FCLASS_UA":null,"FCLASS_TLC":null}},
{"type":"Feature","geometry":{"type":"Polygon","coordinates":[[[-65.394646,-10.39207],[-65.353009,-11.390621],[-64.997449,-11.996269],[-64.395729,-12.457326],[-63.801398,-12.454949],[-62.807402,-12.98887],[-62.22165,-13.121265],[-61.59306,-13.506794],[-60.725572,-13.662845],[-60.383751,-13.420266],[-59.824069,-12.386634],[-60.101416,-11.599757],[-60.001629,-11.144332],[-60.441241,-11.003462],[-61.470299,-10.996848],[-61.5705,-10.060626],[-61.486009,-8.914339],[-61.611298,-8.76856],[-62.13354,-8.768508],[-62.723737,-8.063073],[-63.538261,-8.000493],[-63.917902,-8.334271],[-64.117037,-8.938007],[-64.752709,-8.984878],[-65.767866,-9.566393],[-66.396691,-9.405317],[-66.830515,-9.837952],[-66.648925,-9.915879],[-65.788564,-9.733048],[-65.304381,-9.825652],[-65.394646,-10.39207]]]},"properties":{"featurecla":"Admin-1 states provinces","scalerank":2,"adm1_code":"BRA-595","diss_me":595,"iso_3166_2":"BR-RO","wikipedia":null,"iso_a2":"BR","adm0_sr":1,"name":"Rondônia","name_alt":"Guaporé","name_local":null,"type":"Estado","type_en":"State","code_local":null,"code_hasc":"BR.RO","note":null,"hasc_maybe":"BR.RO|BRA-RND","region":null,"region_cod":null,"provnum_ne":24,"gadm_level":1,"check_me":20,"datarank":1,"abbrev":"Rond.","postal":"RO","area_sqkm":0,"sameascity":-99,"labelrank":2,"name_len":8,"mapcolor9":5,"mapcolor13":7,"fips":"BR24","fips_alt":null,"woe_id":2344865,"woe_label":"Rondonia, BR, Brazil","woe_name":"Rondônia","latitude":-10.9712,"longitude":-63.1439,"sov_a3":"BRA","adm0_a3":"BRA","adm0_label":2,"admin":"Brazil","geonunit":"Brazil","gu_a3":"BRA","gn_id":3924825,"gn_name":"Estado de Rondonia","gns_id":-667025,"gns_name":"Rondonia, Estado de","gn_level":1,"gn_region":null,"gn_a1_code":"BR.24","region_sub":"Guaporé","sub_code":null,"gns_level":1,"gns_lang":"kor","gns_adm1":"BR24","gns_region":null,"min_label":3.7,"max_label":8.5,"min_zoom":3,"wikidataid":"Q43235","name_ar":"روندونيا","name_bn":"রন্ডোনিয়া","name_de":"Rondônia","name_en":"Rondônia","name_es":"Rondônia","name_fr":"Rondônia","name_el":"Ροντόνια","name_hi":"रोन्डोनिया","name_hu":"Rondônia","name_id":"Rondônia","name_it":"Rondônia","name_ja":"ロンドニア州","name_ko":"혼도니아","name_nl":"Rondônia","name_pl":"Rondônia","name_pt":"Rondônia","name_ru":"Рондония","name_sv":"Rondônia","name_tr":"Rondônia","name_vi":"Rondônia","name_zh":"朗多尼亚州","ne_id":1159307983,"name_he":"רונדוניה","name_uk":"Рондонія","name_ur":"روندونیا","name_fa":"روندونیا","name_zht":"朗多尼亚州","FCLASS_ISO":null,"FCLASS_US":null,"FCLASS_FR":null,"FCLASS_RU":null,"FCLASS_ES":null,"FCLASS_CN":null,"FCLASS_TW":null,"FCLASS_IN":null,"FCLASS_NP":null,"FCLASS_PK":null,"FCLASS_DE":null,"FCLASS_GB":null,"FCLASS_BR":null,"FCLASS_IL":null,"FCLASS_PS":null,"FCLASS_SA":null,"FCLASS_EG":null,"FCLASS_MA":null,"FCLASS_PT":null,"FCLASS_AR":null,"FCLASS_JP":null,"FCLASS_KO":null,"FCLASS_VN":null,"FCLASS_TR":null,"FCLASS_ID":null,"FCLASS_PL":null,"FCLASS_GR":null,"FCLASS_IT":null,"FCLASS_NL":null,"FCLASS_SE":null,"FCLASS_BD":null,"FCLASS_UA":null,"FCLASS_TLC":null}},
{"type":"Feature","geometry":{"type":"Polygon","coordinates":[[[-60.725572,-13.662845],[-60.465271,-13.816572],[-60.291716,-14.630062],[-60.129839,-16.273062],[-58.464721,-16.33125],[-58.38116,-17.267214],[-57.724456,-17.736642],[-57.131288,-17.786563],[-56.756349,-17.318167],[-56.102642,-17.187374],[-55.180502,-17.685794],[-54.526072,-17.513608],[-53.728162,-18.007996],[-53.053836,-18.016626],[-53.243334,-17.563269],[-52.669519,-16.291305],[-51.882745,-15.804771],[-51.513698,-15.06275],[-51.10026,-14.887876],[-50.863298,-13.711928],[-50.484019,-12.844797],[-50.665662,-12.631218],[-50.742659,-11.501623],[-50.235719,-9.843983],[-51.297716,-9.789376],[-55.09273,-9.565101],[-56.461613,-9.466864],[-57.045479,-9.230392],[-57.579555,-8.756313],[-57.640326,-8.22942],[-58.13549,-7.339138],[-58.545232,-8.748251],[-61.611298,-8.76856],[-61.486009,-8.914339],[-61.5705,-10.060626],[-61.470299,-10.996848],[-60.441241,-11.003462],[-60.001629,-11.144332],[-60.101416,-11.599757],[-59.824069,-12.386634],[-60.383751,-13.420266],[-60.725572,-13.662845]]]},"properties":{"featurecla":"Admin-1 states provinces","scalerank":2,"adm1_code":"BRA-602","diss_me":602,"iso_3166_2":"BR-MT","wikipedia":null,"iso_a2":"BR","adm0_sr":1,"name":"Mato Grosso","name_alt":"Matto Grosso","name_local":null,"type":"Estado","type_en":"State","code_local":null,"code_hasc":"BR.MT","note":null,"hasc_maybe":null,"region":null,"region_cod":null,"provnum_ne":23,"gadm_level":1,"check_me":20,"datarank":1,"abbrev":"M.Gro.","postal":"MT","area_sqkm":0,"sameascity":-99,"labelrank":2,"name_len":11,"mapcolor9":5,"mapcolor13":7,"fips":"BR14","fips_alt":null,"woe_id":2344855,"woe_label":"Mato Grosso, BR, Brazil","woe_name":"Mato Grosso","latitude":-13.3926,"longitude":-55.9235,"sov_a3":"BRA","adm0_a3":"BRA","adm0_label":2,"admin":"Brazil","geonunit":"Brazil","gu_a3":"BRA","gn_id":3457419,"gn_name":"Estado de Mato Grosso","gns_id":-654585,"gns_name":"Mato Grosso, Estado de","gn_level":1,"gn_region":null,"gn_a1_code":"BR.14","region_sub":null,"sub_code":null,"gns_level":1,"gns_lang":"por","gns_adm1":"BR14","gns_region":null,"min_label":3.7,"max_label":8.5,"min_zoom":3,"wikidataid":"Q42824","name_ar":"ماتو غروسو","name_bn":"মাতো গ্রসো","name_de":"Mato Grosso","name_en":"Mato Grosso","name_es":"Mato Grosso","name_fr":"Mato Grosso","name_el":"Μάτο Γκρόσο","name_hi":"मातो ग्रोसो","name_hu":"Mato Grosso","name_id":"Mato Grosso","name_it":"Mato Grosso","name_ja":"マットグロッソ州","name_ko":"마투그로수","name_nl":"Mato Grosso","name_pl":"Mato Grosso","name_pt":"Mato Grosso","name_ru":"Мату-Гросу","name_sv":"Mato Grosso","name_tr":"Mato Grosso","name_vi":"Mato Grosso","name_zh":"马托格罗索州","ne_id":1159307909,"name_he":"מאטו גרוסו","name_uk":"Мату-Гросу","name_ur":"ماتو گروسو","name_fa":"ماتو گروسو","name_zht":"马托格罗索州","FCLASS_ISO":null,"FCLASS_US":null,"FCLASS_FR":null,"FCLASS_RU":null,"FCLASS_ES":null,"FCLASS_CN":null,"FCLASS_TW":null,"FCLASS_IN":null,"FCLASS_NP":null,"FCLASS_PK":null,"FCLASS_DE":null,"FCLASS_GB":null,"FCLASS_BR":null,"FCLASS_IL":null,"FCLASS_PS":null,"FCLASS_SA":null,"FCLASS_EG":null,"FCLASS_MA":null,"FCLASS_PT":null,"FCLASS_AR":null,"FCLASS_JP":null,"FCLASS_KO":null,"FCLASS_VN":null,"FCLASS_TR":null,"FCLASS_ID":null,"FCLASS_PL":null,"FCLASS_GR":null,"FCLASS_IT":null,"FCLASS_NL":null,"FCLASS_SE":null,"FCLASS_BD":null,"FCLASS_UA":null,"FCLASS_TLC":null}},
{"type":"Feature","geometry":{"type":"Polygon","coordinates":[[[68.734234,55.351714],[70.468586,55.285462],[70.770285,56.295944],[71.652299,56.922624],[70.675201,57.511322],[70.436145,57.933828],[71.26917,58.076352],[74.206251,58.133558],[75.105214,58.581024],[75.159475,58.650219],[73.032059,58.863126],[71.999771,59.565822],[71.296455,59.799089],[69.615627,59.904871],[67.74215,59.211942],[66.74066,58.669597],[65.934508,58.614355],[66.196611,58.032505],[64.839278,57.64072],[64.995444,56.768267],[65.116884,56.325399],[66.027939,55.990278],[66.760504,56.045468],[68.189461,55.700166],[68.734234,55.351714]]]},"properties":{"featurecla":"Admin-1 states provinces","scalerank":2,"adm1_code":"RUS-2398","diss_me":2398,"iso_3166_2":"RU-TYU","wikipedia":null,"iso_a2":"RU","adm0_sr":1,"name":"Tyumen'","name_alt":"Tobol'sk|Tobol'skaya G.|Tyumenskaya Oblast","name_local":"Тюменская область","type":"Oblast","type_en":"Region","code_local":null,"code_hasc":"RU.TY","note":null,"hasc_maybe":null,"region":"Urals","region_cod":null,"provnum_ne":20066,"gadm_level":1,"check_me":20,"datarank":2,"abbrev":null,"postal":"TY","area_sqkm":0,"sameascity":6,"labelrank":6,"name_len":7,"mapcolor9":7,"mapcolor13":7,"fips":"RS78","fips_alt":null,"woe_id":20070528,"woe_label":"Tyumenskaya Oblast, RU, Russia","woe_name":"Tyumen'","latitude":57.2639,"longitude":68.5186,"sov_a3":"RUS","adm0_a3":"RUS","adm0_label":2,"admin":"Russia","geonunit":"Russia","gu_a3":"RUS","gn_id":1488747,"gn_name":"Tyumenskaya Oblast'","gns_id":-3023512,"gns_name":"Tyumenskaya Oblast'","gn_level":1,"gn_region":null,"gn_a1_code":"RU.78","region_sub":"West Siberian","sub_code":null,"gns_level":1,"gns_lang":"fas","gns_adm1":"RS78","gns_region":null,"min_label":5,"max_label":10.2,"min_zoom":4.7,"wikidataid":"Q5824","name_ar":"تيومين أوبلاست","name_bn":"তিউমেন ওব্লাস্ট","name_de":"Tjumen","name_en":"Tyumen","name_es":"Tiumén","name_fr":"Tioumen","name_el":"Όμπλαστ του Τιουμέν","name_hi":"ट्युमेन ओब्लास्ट","name_hu":"Tyumenyi terület","name_id":"Tyumen","name_it":"Tjumen'","name_ja":"チュメニ州","name_ko":"튜멘","name_nl":"Tjoemen","name_pl":"tiumeński","name_pt":"Tiumen","name_ru":"Тюменская область","name_sv":"Tiumen","name_tr":"Tümen Oblastı","name_vi":"Tyumen","name_zh":"秋明州","ne_id":1159313231,"name_he":"מחוז טיומן","name_uk":"Тюменська область","name_ur":"تیومن اوبلاست","name_fa":"استان تیومن","name_zht":"秋明州","FCLASS_ISO":null,"FCLASS_US":null,"FCLASS_FR":null,"FCLASS_RU":null,"FCLASS_ES":null,"FCLASS_CN":null,"FCLASS_TW":null,"FCLASS_IN":null,"FCLASS_NP":null,"FCLASS_PK":null,"FCLASS_DE":null,"FCLASS_GB":null,"FCLASS_BR":null,"FCLASS_IL":null,"FCLASS_PS":null,"FCLASS_SA":null,"FCLASS_EG":null,"FCLASS_MA":null,"FCLASS_PT":null,"FCLASS_AR":null,"FCLASS_JP":null,"FCLASS_KO":null,"FCLASS_VN":null,"FCLASS_TR":null,"FCLASS_ID":null,"FCLASS_PL":null,"FCLASS_GR":null,"FCLASS_IT":null,"FCLASS_NL":null,"FCLASS_SE":null,"FCLASS_BD":null,"FCLASS_UA":null,"FCLASS_TLC":null}},
{"type":"Feature","geometry":{"type":"Polygon","coordinates":[[[68.734234,55.351714],[68.189461,55.700166],[66.760504,56.045468],[66.027939,55.990278],[65.116884,56.325399],[64.995444,56.768267],[62.332971,56.469163],[62.071798,56.133525],[62.579261,55.51749],[61.989116,55.035246],[62.147246,54.644417],[63.192143,54.68643],[63.328592,54.16311],[66.097776,54.637158],[68.166051,54.95613],[68.734234,55.351714]]]},"properties":{"featurecla":"Admin-1 states provinces","scalerank":2,"adm1_code":"RUS-2380","diss_me":2380,"iso_3166_2":"RU-KGN","wikipedia":null,"iso_a2":"RU","adm0_sr":1,"name":"Kurgan","name_alt":"Kurganskaya Oblast","name_local":"Курганская область","type":"Oblast","type_en":"Region","code_local":null,"code_hasc":"RU.KU","note":null,"hasc_maybe":null,"region":"Urals","region_cod":null,"provnum_ne":20058,"gadm_level":1,"check_me":20,"datarank":2,"abbrev":null,"postal":"KU","area_sqkm":0,"sameascity":6,"labelrank":6,"name_len":6,"mapcolor9":7,"mapcolor13":7,"fips":"RS40","fips_alt":null,"woe_id":2346904,"woe_label":"Kurganskaya Oblast, RU, Russia","woe_name":"Kurgan","latitude":55.4316,"longitude":65.3505,"sov_a3":"RUS","adm0_a3":"RUS","adm0_label":2,"admin":"Russia","geonunit":"Russia","gu_a3":"RUS","gn_id":1501312,"gn_name":"Kurganskaya Oblast'","gns_id":-2941319,"gns_name":"Kurganskaya Oblast'","gn_level":1,"gn_region":null,"gn_a1_code":"RU.40","region_sub":"Urals","sub_code":null,"gns_level":1,"gns_lang":"rus","gns_adm1":"RS40","gns_region":null,"min_label":5,"max_label":10.2,"min_zoom":4.7,"wikidataid":"Q5741","name_ar":"أوبلاست كورغان","name_bn":"কুরগ্যান ওব্লাস্ট","name_de":"Kurgan","name_en":"Kurgan","name_es":"Kurgán","name_fr":"Kourgan","name_el":"Όμπλαστ του Κουργκάν","name_hi":"कुर्गन ओब्लास्ट","name_hu":"Kurgani terület","name_id":"Kurgan","name_it":"Kurgan","name_ja":"クルガン州","name_ko":"쿠르간","name_nl":"Koergan","name_pl":"kurgański","name_pt":"Kurgan","name_ru":"Курганская область","name_sv":"Kurgan","name_tr":"Kurgan Oblastı","name_vi":"Kurgan","name_zh":"库尔干州","ne_id":1159313223,"name_he":"מחוז קורגן","name_uk":"Курганська область","name_ur":"کورگان اوبلاست","name_fa":"استان کورگان","name_zht":"库尔干州","FCLASS_ISO":null,"FCLASS_US":null,"FCLASS_FR":null,"FCLASS_RU":null,"FCLASS_ES":null,"FCLASS_CN":null,"FCLASS_TW":null,"FCLASS_IN":null,"FCLASS_NP":null,"FCLASS_PK":null,"FCLASS_DE":null,"FCLASS_GB":null,"FCLASS_BR":null,"FCLASS_IL":null,"FCLASS_PS":null,"FCLASS_SA":null,"FCLASS_EG":null,"FCLASS_MA":null,"FCLASS_PT":null,"FCLASS_AR":null,"FCLASS_JP":null,"FCLASS_KO":null,"FCLASS_VN":null,"FCLASS_TR":null,"FCLASS_ID":null,"FCLASS_PL":null,"FCLASS_GR":null,"FCLASS_IT":null,"FCLASS_NL":null,"FCLASS_SE":null,"FCLASS_BD":null,"FCLASS_UA":null,"FCLASS_TLC":null}},
{"type":"Feature","geometry":{"type":"Polygon","coordinates":[[[70.468586,55.285462],[70.977145,55.077983],[71.182301,54.101557],[72.066743,54.222376],[73.485261,53.874852],[73.450697,53.44856],[75.027906,53.807931],[75.691234,54.113138],[75.830442,54.601525],[75.097463,55.381788],[75.317605,55.895787],[76.284161,56.726202],[76.108667,57.250253],[75.092915,58.110148],[75.105214,58.581024],[74.206251,58.133558],[71.26917,58.076352],[70.436145,57.933828],[70.675201,57.511322],[71.652299,56.922624],[70.770285,56.295944],[70.468586,55.285462]]]},"properties":{"featurecla":"Admin-1 states provinces","scalerank":2,"adm1_code":"RUS-2397","diss_me":2397,"iso_3166_2":"RU-OMS","wikipedia":null,"iso_a2":"RU","adm0_sr":1,"name":"Omsk","name_alt":"Omskaya Oblast","name_local":"Омская область","type":"Oblast","type_en":"Region","code_local":null,"code_hasc":"RU.OM","note":null,"hasc_maybe":null,"region":"Siberian","region_cod":null,"provnum_ne":20063,"gadm_level":1,"check_me":20,"datarank":2,"abbrev":null,"postal":"OM","area_sqkm":0,"sameascity":6,"labelrank":6,"name_len":4,"mapcolor9":7,"mapcolor13":7,"fips":"RS54","fips_alt":null,"woe_id":2346915,"woe_label":"Omskaya Oblast, RU, Russia","woe_name":"Omsk","latitude":56.0471,"longitude":73.3995,"sov_a3":"RUS","adm0_a3":"RUS","adm0_label":2,"admin":"Russia","geonunit":"Russia","gu_a3":"RUS","gn_id":1496152,"gn_name":"Omskaya Oblast'","gns_id":-2974463,"gns_name":"Omskaya Oblast'","gn_level":1,"gn_region":null,"gn_a1_code":"RU.54","region_sub":"West Siberian","sub_code":null,"gns_level":1,"gns_lang":"fas","gns_adm1":"RS54","gns_region":null,"min_label":5,"max_label":10.2,"min_zoom":4.7,"wikidataid":"Q5835","name_ar":"أوبلاست أومسك","name_bn":"ওমস্ক ওব্লাস্ট","name_de":"Omsk","name_en":"Omsk","name_es":"Omsk","name_fr":"d'Omsk","name_el":"Όμπλαστ του Ομσκ","name_hi":"ओम्स्क ओब्लास्ट","name_hu":"Omszki terület","name_id":"Omsk","name_it":"Omsk","name_ja":"オムスク州","name_ko":"옴스크","name_nl":"Omsk","name_pl":"omski","name_pt":"Omsk","name_ru":"Омская область","name_sv":"Omsk","name_tr":"Omsk Oblastı","name_vi":"Omsk","name_zh":"鄂木斯克州","ne_id":1159313237,"name_he":"מחוז אומסק","name_uk":"Омська область","name_ur":"اومسک اوبلاست","name_fa":"استان اومسک","name_zht":"鄂木斯克州","FCLASS_ISO":null,"FCLASS_US":null,"FCLASS_FR":null,"FCLASS_RU":null,"FCLASS_ES":null,"FCLASS_CN":null,"FCLASS_TW":null,"FCLASS_IN":null,"FCLASS_NP":null,"FCLASS_PK":null,"FCLASS_DE":null,"FCLASS_GB":null,"FCLASS_BR":null,"FCLASS_IL":null,"FCLASS_PS":null,"FCLASS_SA":null,"FCLASS_EG":null,"FCLASS_MA":null,"FCLASS_PT":null,"FCLASS_AR":null,"FCLASS_JP":null,"FCLASS_KO":null,"FCLASS_VN":null,"FCLASS_TR":null,"FCLASS_ID":null,"FCLASS_PL":null,"FCLASS_GR":null,"FCLASS_IT":null,"FCLASS_NL":null,"FCLASS_SE":null,"FCLASS_BD":null,"FCLASS_UA":null,"FCLASS_TLC":null}},
{"type":"Feature","geometry":{"type":"Polygon","coordinates":[[[75.691234,54.113138],[76.525695,53.961307],[77.784657,53.32744],[79.571505,53.732741],[80.655367,54.20434],[82.485539,53.468623],[83.183171,54.062178],[84.531926,54.169717],[85.079386,54.469389],[85.076079,54.868279],[84.410383,56.044073],[83.56816,55.692699],[83.096045,56.549313],[81.55743,56.258272],[81.122315,56.532622],[80.24857,56.45472],[79.589799,56.928567],[78.444339,57.161317],[76.108667,57.250253],[76.284161,56.726202],[75.317605,55.895787],[75.097463,55.381788],[75.830442,54.601525],[75.691234,54.113138]]]},"properties":{"featurecla":"Admin-1 states provinces","scalerank":2,"adm1_code":"RUS-2403","diss_me":2403,"iso_3166_2":"RU-NVS","wikipedia":null,"iso_a2":"RU","adm0_sr":1,"name":"Novosibirsk","name_alt":"Novosibirskaya Oblast","name_local":"Новосибирская область","type":"Oblast","type_en":"Region","code_local":null,"code_hasc":"RU.NS","note":null,"hasc_maybe":null,"region":"Siberian","region_cod":null,"provnum_ne":20064,"gadm_level":1,"check_me":20,"datarank":2,"abbrev":null,"postal":"NS","area_sqkm":0,"sameascity":6,"labelrank":6,"name_len":11,"mapcolor9":7,"mapcolor13":7,"fips":"RS53","fips_alt":null,"woe_id":2346914,"woe_label":"Novosibirskaya Oblast, RU, Russia","woe_name":"Novosibirsk","latitude":55.3139,"longitude":80.0832,"sov_a3":"RUS","adm0_a3":"RUS","adm0_label":2,"admin":"Russia","geonunit":"Russia","gu_a3":"RUS","gn_id":1496745,"gn_name":"Novosibirskaya Oblast'","gns_id":-2970530,"gns_name":"Novosibirskaya Oblast'","gn_level":1,"gn_region":null,"gn_a1_code":"RU.53","region_sub":"West Siberian","sub_code":null,"gns_level":1,"gns_lang":"fas","gns_adm1":"RS53","gns_region":null,"min_label":5,"max_label":10.2,"min_zoom":4.7,"wikidataid":"Q5851","name_ar":"نوفوسيبيرسك أوبلاست","name_bn":"নভোসিবিরস্ক ওব্লাস্ট","name_de":"Nowosibirsk","name_en":"Novosibirsk","name_es":"Novosibirsk","name_fr":"Novossibirsk","name_el":"Όμπλαστ του Νοβοσιμπίρσκ","name_hi":"नोवोसिबिर्स्क ओब्लास्ट","name_hu":"Novoszibirszki terület","name_id":"Novosibirsk","name_it":"Novosibirsk","name_ja":"ノヴォシビルスク州","name_ko":"노보시비르스크","name_nl":"Novosibirsk","name_pl":"nowosybirski","name_pt":"Novosibirsk","name_ru":"Новосибирская область","name_sv":"Novosibirsk","name_tr":"Novosibirsk Oblastı","name_vi":"Novosibirsk","name_zh":"新西伯利亚州","ne_id":1159313249,"name_he":"מחוז נובוסיבירסק","name_uk":"Новосибірська область","name_ur":"نووسیبرسک اوبلاست","name_fa":"استان نووسیبیرسک","name_zht":"新西伯利亚州","FCLASS_ISO":null,"FCLASS_US":null,"FCLASS_FR":null,"FCLASS_RU":null,"FCLASS_ES":null,"FCLASS_CN":null,"FCLASS_TW":null,"FCLASS_IN":null,"FCLASS_NP":null,"FCLASS_PK":null,"FCLASS_DE":null,"FCLASS_GB":null,"FCLASS_BR":null,"FCLASS_IL":null,"FCLASS_PS":null,"FCLASS_SA":null,"FCLASS_EG":null,"FCLASS_MA":null,"FCLASS_PT":null,"FCLASS_AR":null,"FCLASS_JP":null,"FCLASS_KO":null,"FCLASS_VN":null,"FCLASS_TR":null,"FCLASS_ID":null,"FCLASS_PL":null,"FCLASS_GR":null,"FCLASS_IT":null,"FCLASS_NL":null,"FCLASS_SE":null,"FCLASS_BD":null,"FCLASS_UA":null,"FCLASS_TLC":null}},
{"type":"Feature","geometry":{"type":"Polygon","coordinates":[[[63.328592,54.16311],[63.192143,54.68643],[62.147246,54.644417],[61.989116,55.035246],[62.579261,55.51749],[62.071798,56.133525],[61.384915,56.366999],[59.026299,56.169388],[59.159211,55.331558],[58.619502,54.94967],[57.517968,55.334039],[57.165121,54.81898],[57.971377,54.392804],[59.227837,54.611189],[58.906203,53.861571],[58.827965,52.432717],[60.148608,52.420522],[60.029776,51.99261],[61.039922,52.334998],[60.696171,52.734922],[61.190301,53.013148],[61.193505,54.018254],[63.328592,54.16311]]]},"properties":{"featurecla":"Admin-1 states provinces","scalerank":2,"adm1_code":"RUS-2379","diss_me":2379,"iso_3166_2":"RU-CHE","wikipedia":null,"iso_a2":"RU","adm0_sr":1,"name":"Chelyabinsk","name_alt":"Chelyabinskaya","name_local":"Челябинская область","type":"Oblast","type_en":"Region","code_local":null,"code_hasc":"RU.CL","note":null,"hasc_maybe":null,"region":"Urals","region_cod":null,"provnum_ne":20059,"gadm_level":1,"check_me":20,"datarank":2,"abbrev":null,"postal":"CL","area_sqkm":0,"sameascity":6,"labelrank":6,"name_len":11,"mapcolor9":7,"mapcolor13":7,"fips":"RS13","fips_alt":null,"woe_id":2346893,"woe_label":"Chelyabinskaya Oblast, RU, Russia","woe_name":"Chelyabinsk","latitude":54.1131,"longitude":60.2383,"sov_a3":"RUS","adm0_a3":"RUS","adm0_label":2,"admin":"Russia","geonunit":"Russia","gu_a3":"RUS","gn_id":1508290,"gn_name":"Chelyabinskaya Oblast'","gns_id":-2896750,"gns_name":"Chelyabinskaya Oblast'","gn_level":1,"gn_region":null,"gn_a1_code":"RU.13","region_sub":"Urals","sub_code":null,"gns_level":1,"gns_lang":"rus","gns_adm1":"RS13","gns_region":null,"min_label":5,"max_label":10.2,"min_zoom":4.7,"wikidataid":"Q5714","name_ar":"أوبلاست تشيليابنسك","name_bn":"চেলিয়াবিনস্ক ওব্লাস্ট","name_de":"Tscheljabinsk","name_en":"Chelyabinsk","name_es":"Cheliábinsk","name_fr":"Tcheliabinsk","name_el":"Όμπλαστ του Τσελιάμπινσκ","name_hi":"चेल्याबिन्स्क ओब्लास्त","name_hu":"Cseljabinszki terület","name_id":"Chelyabinsk","name_it":"Čeljabinsk","name_ja":"チェリャビンスク州","name_ko":"첼랴빈스크","name_nl":"Tsjeljabinsk","name_pl":"czelabiński","name_pt":"Cheliabinsk","name_ru":"Челябинская область","name_sv":"Tjeljabinsk","name_tr":"Çelyabinsk Oblastı","name_vi":"Chelyabinsk","name_zh":"车里雅宾斯克州","ne_id":1159313221,"name_he":"מחוז צ'ליאבינסק","name_uk":"Челябінська область","name_ur":"چیلیابنسک اوبلاست","name_fa":"استان چلیابینسک","name_zht":"車里雅賓斯克州","FCLASS_ISO":null,"FCLASS_US":null,"FCLASS_FR":null,"FCLASS_RU":null,"FCLASS_ES":null,"FCLASS_CN":null,"FCLASS_TW":null,"FCLASS_IN":null,"FCLASS_NP":null,"FCLASS_PK":null,"FCLASS_DE":null,"FCLASS_GB":null,"FCLASS_BR":null,"FCLASS_IL":null,"FCLASS_PS":null,"FCLASS_SA":null,"FCLASS_EG":null,"FCLASS_MA":null,"FCLASS_PT":null,"FCLASS_AR":null,"FCLASS_JP":null,"FCLASS_KO":null,"FCLASS_VN":null,"FCLASS_TR":null,"FCLASS_ID":null,"FCLASS_PL":null,"FCLASS_GR":null,"FCLASS_IT":null,"FCLASS_NL":null,"FCLASS_SE":null,"FCLASS_BD":null,"FCLASS_UA":null,"FCLASS_TLC":null}},
{"type":"Feature","geometry":{"type":"Polygon","coordinates":[[[77.784657,53.32744],[79.304323,51.686378],[79.990083,50.788116],[80.682754,51.302012],[82.073109,50.715665],[83.433956,50.992651],[84.088597,50.634613],[84.017952,51.063834],[85.669944,51.753973],[85.939592,52.074987],[87.173212,52.611621],[86.983456,53.407438],[85.079386,54.469389],[84.531926,54.169717],[83.183171,54.062178],[82.485539,53.468623],[80.655367,54.20434],[79.571505,53.732741],[77.784657,53.32744]]]},"properties":{"featurecla":"Admin-1 states provinces","scalerank":2,"adm1_code":"RUS-2399","diss_me":2399,"iso_3166_2":"RU-ALT","wikipedia":null,"iso_a2":"RU","adm0_sr":1,"name":"Altay","name_alt":"Altayskiy Kray","name_local":"Алтайский край","type":"Kray","type_en":"Territory","code_local":null,"code_hasc":"RU.AL","note":null,"hasc_maybe":"RU.KE|RUS-ALT","region":"Siberian","region_cod":null,"provnum_ne":20061,"gadm_level":1,"check_me":20,"datarank":2,"abbrev":null,"postal":"AL","area_sqkm":0,"sameascity":-99,"labelrank":2,"name_len":5,"mapcolor9":7,"mapcolor13":7,"fips":"RS04","fips_alt":"RS29","woe_id":20070529,"woe_label":"Altayskiy Kray, RU, Russia","woe_name":"Altay","latitude":52.4268,"longitude":82.8667,"sov_a3":"RUS","adm0_a3":"RUS","adm0_label":2,"admin":"Russia","geonunit":"Russia","gu_a3":"RUS","gn_id":1511732,"gn_name":"Altayskiy Kray","gns_id":-2876983,"gns_name":"Altayskiy Kray","gn_level":1,"gn_region":null,"gn_a1_code":"RU.04","region_sub":"West Siberian","sub_code":null,"gns_level":1,"gns_lang":"rus","gns_adm1":"RS04","gns_region":null,"min_label":5,"max_label":10.2,"min_zoom":4.7,"wikidataid":"Q5971","name_ar":"جمهورية ألطاي","name_bn":"আলতাই প্রজাতন্ত্র","name_de":"Republik Altai","name_en":"Altai Republic","name_es":"Altái","name_fr":"république de l'Altaï","name_el":"Δημοκρατία των Αλτάι","name_hi":"अल्ताई गणराज्य","name_hu":"Altaj köztársaság","name_id":"Republik Altai","name_it":"Repubblica dell'Altaj","name_ja":"アルタイ共和国","name_ko":"알타이 공화국","name_nl":"Altaj","name_pl":"Republika Ałtaju","name_pt":"Altai","name_ru":"Республика Алтай","name_sv":"Altajrepubliken","name_tr":"Altay Cumhuriyeti","name_vi":"Cộng hòa Altai","name_zh":"阿尔泰共和国","ne_id":1159313239,"name_he":"אלטאי","name_uk":"Республіка Алтай","name_ur":"التائی جمہوریہ","name_fa":"جمهوری آلتایی","name_zht":"阿尔泰共和国","FCLASS_ISO":null,"FCLASS_US":null,"FCLASS_FR":null,"FCLASS_RU":null,"FCLASS_ES":null,"FCLASS_CN":null,"FCLASS_TW":null,"FCLASS_IN":null,"FCLASS_NP":null,"FCLASS_PK":null,"FCLASS_DE":null,"FCLASS_GB":null,"FCLASS_BR":null,"FCLASS_IL":null,"FCLASS_PS":null,"FCLASS_SA":null,"FCLASS_EG":null,"FCLASS_MA":null,"FCLASS_PT":null,"FCLASS_AR":null,"FCLASS_JP":null,"FCLASS_KO":null,"FCLASS_VN":null,"FCLASS_TR":null,"FCLASS_ID":null,"FCLASS_PL":null,"FCLASS_GR":null,"FCLASS_IT":null,"FCLASS_NL":null,"FCLASS_SE":null,"FCLASS_BD":null,"FCLASS_UA":null,"FCLASS_TLC":null}},
{"type":"Feature","geometry":{"type":"Polygon","coordinates":[[[60.029776,51.99261],[60.148608,52.420522],[58.827965,52.432717],[58.576404,51.793066],[57.652636,51.86332],[56.780131,51.5922],[56.36517,52.523099],[55.545581,52.384942],[54.926601,53.219543],[54.108357,53.416559],[53.470463,54.045745],[52.53853,54.37725],[52.060936,52.999659],[51.471412,52.569143],[51.415188,52.102711],[50.767009,51.7594],[51.620497,51.518691],[53.610298,51.388415],[54.478566,50.853486],[54.545517,50.530519],[54.638246,51.027687],[55.659992,50.530043],[56.508003,51.066264],[58.595007,51.023372],[58.925943,50.678148],[59.774677,50.533712],[61.372098,50.782483],[61.646259,51.263193],[60.515096,51.61791],[60.029776,51.99261]]]},"properties":{"featurecla":"Admin-1 states provinces","scalerank":2,"adm1_code":"RUS-2391","diss_me":2391,"iso_3166_2":"RU-ORE","wikipedia":null,"iso_a2":"RU","adm0_sr":1,"name":"Orenburg","name_alt":"Chkalov|Orenburgskaya|Orenburgskaya Oblast","name_local":"Оренбургская область","type":"Oblast","type_en":"Region","code_local":null,"code_hasc":"RU.OB","note":null,"hasc_maybe":null,"region":"Volga","region_cod":null,"provnum_ne":20057,"gadm_level":1,"check_me":20,"datarank":2,"abbrev":null,"postal":"OB","area_sqkm":0,"sameascity":6,"labelrank":6,"name_len":8,"mapcolor9":7,"mapcolor13":7,"fips":"RS55","fips_alt":null,"woe_id":2346916,"woe_label":"Orenburgskaya Oblast, RU, Russia","woe_name":"Orenburg","latitude":51.5157,"longitude":56.2149,"sov_a3":"RUS","adm0_a3":"RUS","adm0_label":2,"admin":"Russia","geonunit":"Russia","gu_a3":"RUS","gn_id":515001,"gn_name":"Orenburgskaya Oblast'","gns_id":-2974930,"gns_name":"Orenburgskaya Oblast'","gn_level":1,"gn_region":null,"gn_a1_code":"RU.55","region_sub":"Urals","sub_code":null,"gns_level":1,"gns_lang":"fas","gns_adm1":"RS55","gns_region":null,"min_label":5,"max_label":10.2,"min_zoom":4.7,"wikidataid":"Q5338","name_ar":"أورنبرغ أوبلاست","name_bn":"ওরেনবার্গ ওব্লাস্ট","name_de":"Orenburg","name_en":"Orenburg","name_es":"Oremburgo","name_fr":"d'Orenbourg","name_el":"Όμπλαστ του Ορενμπούργκ","name_hi":"ओरेनबूर्ग ओब्लास्त","name_hu":"Orenburgi terület","name_id":"Orenburg","name_it":"Orenburg","name_ja":"オレンブルク州","name_ko":"오렌부르크","name_nl":"Orenburg","name_pl":"orenburski","name_pt":"Oremburgo","name_ru":"Оренбургская область","name_sv":"Orenburg","name_tr":"Orenburg Oblastı","name_vi":"Orenburg","name_zh":"奥伦堡州","ne_id":1159313227,"name_he":"מחוז אורנבורג","name_uk":"Оренбурзька область","name_ur":"اورنبرگ اوبلاست","name_fa":"استان ارنبورگ","name_zht":"奧倫堡","FCLASS_ISO":null,"FCLASS_US":null,"FCLASS_FR":null,"FCLASS_RU":null,"FCLASS_ES":null,"FCLASS_CN":null,"FCLASS_TW":null,"FCLASS_IN":null,"FCLASS_NP":null,"FCLASS_PK":null,"FCLASS_DE":null,"FCLASS_GB":null,"FCLASS_BR":null,"FCLASS_IL":null,"FCLASS_PS":null,"FCLASS_SA":null,"FCLASS_EG":null,"FCLASS_MA":null,"FCLASS_PT":null,"FCLASS_AR":null,"FCLASS_JP":null,"FCLASS_KO":null,"FCLASS_VN":null,"FCLASS_TR":null,"FCLASS_ID":null,"FCLASS_PL":null,"FCLASS_GR":null,"FCLASS_IT":null,"FCLASS_NL":null,"FCLASS_SE":null,"FCLASS_BD":null,"FCLASS_UA":null,"FCLASS_TLC":null}},
{"type":"Feature","geometry":{"type":"Polygon","coordinates":[[[50.767009,51.7594],[50.731508,51.914041],[48.936062,52.475169],[48.436971,52.780448],[46.830661,52.616272],[44.346679,52.316135],[43.079572,52.402745],[42.489221,51.607703],[42.872867,51.231343],[43.32979,51.017661],[44.210253,51.193516],[45.04245,51.126259],[45.241094,50.586267],[47.43446,50.376528],[48.417592,49.811689],[48.885677,50.019894],[48.67339,50.579549],[50.325383,51.303459],[50.767009,51.7594]]]},"properties":{"featurecla":"Admin-1 states provinces","scalerank":2,"adm1_code":"RUS-2393","diss_me":2393,"iso_3166_2":"RU-SAR","wikipedia":null,"iso_a2":"RU","adm0_sr":1,"name":"Saratov","name_alt":"Saratovskaya Oblast","name_local":"Саратовская область","type":"Oblast","type_en":"Region","code_local":null,"code_hasc":"RU.SR","note":null,"hasc_maybe":null,"region":"Volga","region_cod":null,"provnum_ne":20053,"gadm_level":1,"check_me":20,"datarank":2,"abbrev":null,"postal":"SR","area_sqkm":0,"sameascity":6,"labelrank":6,"name_len":7,"mapcolor9":7,"mapcolor13":7,"fips":"RS67","fips_alt":null,"woe_id":2346924,"woe_label":"Saratovskaya Oblast, RU, Russia","woe_name":"Saratov","latitude":51.6742,"longitude":46.6368,"sov_a3":"RUS","adm0_a3":"RUS","adm0_label":2,"admin":"Russia","geonunit":"Russia","gu_a3":"RUS","gn_id":498671,"gn_name":"Saratovskaya Oblast'","gns_id":-2996578,"gns_name":"Saratovskaya Oblast'","gn_level":1,"gn_region":null,"gn_a1_code":"RU.67","region_sub":"Volga","sub_code":null,"gns_level":1,"gns_lang":"fas","gns_adm1":"RS67","gns_region":null,"min_label":5,"max_label":10.2,"min_zoom":4.7,"wikidataid":"Q5334","name_ar":"ساراتوف أوبلاست","name_bn":"সারাতোভ ওব্লাস্ট","name_de":"Saratow","name_en":"Saratov","name_es":"Sarátov","name_fr":"Saratov","name_el":"Όμπλαστ του Σαράτοφ","name_hi":"साराटोव ओब्लास्ट","name_hu":"Szaratovi terület","name_id":"Saratov","name_it":"Saratov","name_ja":"サラトフ州","name_ko":"사라토프","name_nl":"Saratov","name_pl":"saratowski","name_pt":"Saratov","name_ru":"Саратовская область","name_sv":"Saratov","name_tr":"Saratov Oblastı","name_vi":"Saratov","name_zh":"萨拉托夫州","ne_id":1159313213,"name_he":"מחוז סראטוב","name_uk":"Саратовська область","name_ur":"ساراتوو اوبلاست","name_fa":"استان ساراتوف","name_zht":"薩拉托夫州","FCLASS_ISO":null,"FCLASS_US":null,"FCLASS_FR":null,"FCLASS_RU":null,"FCLASS_ES":null,"FCLASS_CN":null,"FCLASS_TW":null,"FCLASS_IN":null,"FCLASS_NP":null,"FCLASS_PK":null,"FCLASS_DE":null,"FCLASS_GB":null,"FCLASS_BR":null,"FCLASS_IL":null,"FCLASS_PS":null,"FCLASS_SA":null,"FCLASS_EG":null,"FCLASS_MA":null,"FCLASS_PT":null,"FCLASS_AR":null,"FCLASS_JP":null,"FCLASS_KO":null,"FCLASS_VN":null,"FCLASS_TR":null,"FCLASS_ID":null,"FCLASS_PL":null,"FCLASS_GR":null,"FCLASS_IT":null,"FCLASS_NL":null,"FCLASS_SE":null,"FCLASS_BD":null,"FCLASS_UA":null,"FCLASS_TLC":null}},
{"type":"Feature","geometry":{"type":"Polygon","coordinates":[[[46.620192,48.669597],[45.948338,48.835934],[45.300625,48.097685],[46.511301,47.406435],[47.21348,46.742315],[46.663643,46.429001],[47.49643,45.565253],[48.741059,45.923],[49.227131,46.327879],[48.525079,47.410234],[48.044488,47.769695],[47.051164,47.974644],[47.112121,48.242205],[46.620192,48.669597]]]},"properties":{"featurecla":"Admin-1 states provinces","scalerank":2,"adm1_code":"RUS-2388","diss_me":2388,"iso_3166_2":"RU-AST","wikipedia":null,"iso_a2":"RU","adm0_sr":4,"name":"Astrakhan'","name_alt":"Astrachan|Astrakhanskaya Oblast","name_local":"Астраханская область","type":"Oblast","type_en":"Region","code_local":null,"code_hasc":"RU.AS","note":null,"hasc_maybe":null,"region":"Volga","region_cod":null,"provnum_ne":20025,"gadm_level":1,"check_me":20,"datarank":2,"abbrev":null,"postal":"AS","area_sqkm":0,"sameascity":7,"labelrank":7,"name_len":10,"mapcolor9":7,"mapcolor13":7,"fips":"RS07","fips_alt":null,"woe_id":2346890,"woe_label":"Astrakhanskaya Oblast, RU, Russia","woe_name":"Astrakhan'","latitude":47.0334,"longitude":47.7227,"sov_a3":"RUS","adm0_a3":"RUS","adm0_label":2,"admin":"Russia","geonunit":"Russia","gu_a3":"RUS","gn_id":580491,"gn_name":"Astrakhanskaya Oblast'","gns_id":-2880031,"gns_name":"Astrakhanskaya Oblast'","gn_level":1,"gn_region":null,"gn_a1_code":"RU.07","region_sub":"Volga","sub_code":null,"gns_level":1,"gns_lang":"rus","gns_adm1":"RS07","gns_region":null,"min_label":5,"max_label":10.2,"min_zoom":4.7,"wikidataid":"Q3941","name_ar":"أوبلاست أستراخان","name_bn":"আস্ট্রখান ওব্লাস্ট","name_de":"Astrachan","name_en":"Astrakhan","name_es":"Astracán","name_fr":"d'Astrakhan","name_el":"Όμπλαστ του Άστραχαν","name_hi":"अस्त्राखान ओब्लास्ट","name_hu":"Asztraháni terület","name_id":"Astrakhan","name_it":"Astrachan'","name_ja":"アストラハン州","name_ko":"아스트라한","name_nl":"Astrachan","name_pl":"astrachański","name_pt":"Astracã","name_ru":"Астраханская область","name_sv":"Astrachan","name_tr":"Astrahan Oblastı","name_vi":"Astrakhan","name_zh":"阿斯特拉罕州","ne_id":1159312521,"name_he":"מחוז אסטרחן","name_uk":"Астраханська область","name_ur":"استراخان اوبلاست","name_fa":"استان آستراخان","name_zht":"阿斯特拉罕州","FCLASS_ISO":null,"FCLASS_US":null,"FCLASS_FR":null,"FCLASS_RU":null,"FCLASS_ES":null,"FCLASS_CN":null,"FCLASS_TW":null,"FCLASS_IN":null,"FCLASS_NP":null,"FCLASS_PK":null,"FCLASS_DE":null,"FCLASS_GB":null,"FCLASS_BR":null,"FCLASS_IL":null,"FCLASS_PS":null,"FCLASS_SA":null,"FCLASS_EG":null,"FCLASS_MA":null,"FCLASS_PT":null,"FCLASS_AR":null,"FCLASS_JP":null,"FCLASS_KO":null,"FCLASS_VN":null,"FCLASS_TR":null,"FCLASS_ID":null,"FCLASS_PL":null,"FCLASS_GR":null,"FCLASS_IT":null,"FCLASS_NL":null,"FCLASS_SE":null,"FCLASS_BD":null,"FCLASS_UA":null,"FCLASS_TLC":null}},
{"type":"Feature","geometry":{"type":"Polygon","coordinates":[[[47.43446,50.376528],[45.241094,50.586267],[45.04245,51.126259],[44.210253,51.193516],[43.32979,51.017661],[42.872867,51.231343],[41.854944,51.188555],[41.314409,50.724604],[41.362054,50.22634],[42.178439,49.66839],[42.739748,48.786325],[42.074052,48.391879],[42.955342,47.51033],[43.731522,47.476611],[44.546666,48.063061],[45.300625,48.097685],[45.948338,48.835934],[46.620192,48.669597],[47.020881,49.096849],[46.899907,49.820319],[47.43446,50.376528]]]},"properties":{"featurecla":"Admin-1 states provinces","scalerank":2,"adm1_code":"RUS-2369","diss_me":2369,"iso_3166_2":"RU-VGG","wikipedia":null,"iso_a2":"RU","adm0_sr":1,"name":"Volgograd","name_alt":"Stalingrad|Volgogradskaya Oblast","name_local":"Волгоградская область","type":"Oblast","type_en":"Region","code_local":null,"code_hasc":"RU.VG","note":null,"hasc_maybe":null,"region":"Volga","region_cod":null,"provnum_ne":20036,"gadm_level":1,"check_me":20,"datarank":2,"abbrev":null,"postal":"VG","area_sqkm":0,"sameascity":6,"labelrank":6,"name_len":9,"mapcolor9":7,"mapcolor13":7,"fips":"RS84","fips_alt":null,"woe_id":2346933,"woe_label":"Volgogradskaya Oblast, RU, Russia","woe_name":"Volgograd","latitude":49.5014,"longitude":44.4488,"sov_a3":"RUS","adm0_a3":"RUS","adm0_label":2,"admin":"Russia","geonunit":"Russia","gu_a3":"RUS","gn_id":472755,"gn_name":"Volgogradskaya Oblast'","gns_id":-3034355,"gns_name":"Volgogradskaya Oblast'","gn_level":1,"gn_region":null,"gn_a1_code":"RU.84","region_sub":"Volga","sub_code":null,"gns_level":1,"gns_lang":"fas","gns_adm1":"RS84","gns_region":null,"min_label":5,"max_label":10.2,"min_zoom":4.7,"wikidataid":"Q3819","name_ar":"فولغوغراد أوبلاست","name_bn":"ভল্গোগ্রাড ওব্লাস্ট","name_de":"Wolgograd","name_en":"Volgograd","name_es":"Volgogrado","name_fr":"Volgograd","name_el":"Όμπλαστ του Βολγκογκράντ","name_hi":"वोल्गोग्राद ओब्लास्ट","name_hu":"Volgográdi terület","name_id":"Volgograd","name_it":"Volgograd","name_ja":"ヴォルゴグラード州","name_ko":"볼고그라드","name_nl":"Wolgograd","name_pl":"wołgogradzki","name_pt":"Volgogrado","name_ru":"Волгоградская область","name_sv":"Volgograd","name_tr":"Volgograd Oblastı","name_vi":"Volgograd","name_zh":"伏尔加格勒州","ne_id":1159313173,"name_he":"וולגוגרד","name_uk":"Волгоградська область","name_ur":"وولگوگراڈ اوبلاست","name_fa":"استان ولگوگراد","name_zht":"伏尔加格勒州","FCLASS_ISO":null,"FCLASS_US":null,"FCLASS_FR":null,"FCLASS_RU":null,"FCLASS_ES":null,"FCLASS_CN":null,"FCLASS_TW":null,"FCLASS_IN":null,"FCLASS_NP":null,"FCLASS_PK":null,"FCLASS_DE":null,"FCLASS_GB":null,"FCLASS_BR":null,"FCLASS_IL":null,"FCLASS_PS":null,"FCLASS_SA":null,"FCLASS_EG":null,"FCLASS_MA":null,"FCLASS_PT":null,"FCLASS_AR":null,"FCLASS_JP":null,"FCLASS_KO":null,"FCLASS_VN":null,"FCLASS_TR":null,"FCLASS_ID":null,"FCLASS_PL":null,"FCLASS_GR":null,"FCLASS_IT":null,"FCLASS_NL":null,"FCLASS_SE":null,"FCLASS_BD":null,"FCLASS_UA":null,"FCLASS_TLC":null}},
{"type":"Feature","geometry":{"type":"Polygon","coordinates":[[[75.298403,32.332427],[74.489437,31.711192],[74.61191,31.440201],[73.946831,30.204077],[74.516517,29.94719],[75.23823,29.748779],[76.22556,29.869082],[76.624812,30.142837],[76.82728,30.680712],[76.814567,30.789129],[76.768162,30.907597],[76.158484,31.338553],[75.847391,32.516749],[75.298403,32.332427]]]},"properties":{"featurecla":"Admin-1 states provinces","scalerank":2,"adm1_code":"IND-3249","diss_me":3249,"iso_3166_2":"IN-PB","wikipedia":null,"iso_a2":"IN","adm0_sr":1,"name":"Punjab","name_alt":null,"name_local":null,"type":"State","type_en":"State","code_local":null,"code_hasc":"IN.PB","note":null,"hasc_maybe":null,"region":"North","region_cod":null,"provnum_ne":20063,"gadm_level":1,"check_me":20,"datarank":2,"abbrev":null,"postal":"PB","area_sqkm":0,"sameascity":-99,"labelrank":2,"name_len":6,"mapcolor9":2,"mapcolor13":2,"fips":"IN23","fips_alt":null,"woe_id":2345756,"woe_label":"Punjab, IN, India","woe_name":"Punjab","latitude":31.0245,"longitude":75.3762,"sov_a3":"IND","adm0_a3":"IND","adm0_label":2,"admin":"India","geonunit":"India","gu_a3":"IND","gn_id":1259223,"gn_name":"State of Punjab","gns_id":-2108367,"gns_name":"Punjab, State of","gn_level":1,"gn_region":null,"gn_a1_code":"IN.23","region_sub":null,"sub_code":null,"gns_level":1,"gns_lang":"nld","gns_adm1":"IN23","gns_region":null,"min_label":4.6,"max_label":10.1,"min_zoom":4.6,"wikidataid":"Q22424","name_ar":"بنجاب","name_bn":"পাঞ্জাব","name_de":"Punjab","name_en":"Punjab","name_es":"Panyab","name_fr":"Pendjab","name_el":"Παντζάμπ","name_hi":"पंजाब","name_hu":"Pandzsáb","name_id":"Punjab","name_it":"Punjab","name_ja":"パンジャーブ州","name_ko":"펀자브","name_nl":"Punjab","name_pl":"Pendżab","name_pt":"Punjab","name_ru":"Пенджаб","name_sv":"Punjab","name_tr":"Pencap","name_vi":"Punjab","name_zh":"旁遮普邦","ne_id":1159314155,"name_he":"פנג'אב","name_uk":"Пенджаб","name_ur":"پنجاب، بھارت","name_fa":"پنجاب","name_zht":"旁遮普邦","FCLASS_ISO":null,"FCLASS_US":null,"FCLASS_FR":null,"FCLASS_RU":null,"FCLASS_ES":null,"FCLASS_CN":null,"FCLASS_TW":null,"FCLASS_IN":null,"FCLASS_NP":null,"FCLASS_PK":null,"FCLASS_DE":null,"FCLASS_GB":null,"FCLASS_BR":null,"FCLASS_IL":null,"FCLASS_PS":null,"FCLASS_SA":null,"FCLASS_EG":null,"FCLASS_MA":null,"FCLASS_PT":null,"FCLASS_AR":null,"FCLASS_JP":null,"FCLASS_KO":null,"FCLASS_VN":null,"FCLASS_TR":null,"FCLASS_ID":null,"FCLASS_PL":null,"FCLASS_GR":null,"FCLASS_IT":null,"FCLASS_NL":null,"FCLASS_SE":null,"FCLASS_BD":null,"FCLASS_UA":null,"FCLASS_TLC":null}},
{"type":"Feature","geometry":{"type":"Polygon","coordinates":[[[73.946831,30.204077],[73.370332,29.927322],[72.901524,29.022622],[72.382176,28.784006],[71.860864,27.950207],[70.831573,27.701463],[70.189028,27.89179],[69.575577,27.188419],[69.465093,26.80777],[70.158074,26.530113],[70.064643,25.980327],[70.646623,25.431369],[71.056632,24.69282],[71.947888,24.662629],[72.897391,24.360581],[73.361652,23.784233],[74.323453,23.036062],[74.939023,23.687366],[74.806525,24.735777],[75.758818,24.777377],[75.805017,24.119122],[76.766612,24.160334],[76.913476,25.309308],[76.478361,25.7198],[76.907998,26.098588],[78.200116,26.823583],[77.704642,26.929752],[77.280689,27.80944],[76.856632,28.228975],[76.026192,28.262229],[75.593557,28.642671],[75.328353,29.296222],[74.612841,29.332809],[74.516517,29.94719],[73.946831,30.204077]]]},"properties":{"featurecla":"Admin-1 states provinces","scalerank":2,"adm1_code":"IND-3250","diss_me":3250,"iso_3166_2":"IN-RJ","wikipedia":null,"iso_a2":"IN","adm0_sr":1,"name":"Rajasthan","name_alt":"Greater Rajasthan|Rajputana","name_local":null,"type":"State","type_en":"State","code_local":null,"code_hasc":"IN.RJ","note":null,"hasc_maybe":null,"region":"Central","region_cod":null,"provnum_ne":20062,"gadm_level":1,"check_me":20,"datarank":1,"abbrev":null,"postal":"RJ","area_sqkm":0,"sameascity":-99,"labelrank":2,"name_len":9,"mapcolor9":2,"mapcolor13":2,"fips":"IN24","fips_alt":null,"woe_id":2345757,"woe_label":"Rajasthan, IN, India","woe_name":"Rajasthan","latitude":26.7468,"longitude":73.8556,"sov_a3":"IND","adm0_a3":"IND","adm0_label":2,"admin":"India","geonunit":"India","gu_a3":"IND","gn_id":1258899,"gn_name":"State of Rajasthan","gns_id":-2108695,"gns_name":"Rajasthan, State of","gn_level":1,"gn_region":null,"gn_a1_code":"IN.24","region_sub":null,"sub_code":null,"gns_level":1,"gns_lang":"nld","gns_adm1":"IN24","gns_region":null,"min_label":4.6,"max_label":10.1,"min_zoom":4.6,"wikidataid":"Q1437","name_ar":"راجستان","name_bn":"রাজস্থান","name_de":"Rajasthan","name_en":"Rajasthan","name_es":"Rajastán","name_fr":"Rajasthan","name_el":"Ράτζασταν","name_hi":"राजस्थान","name_hu":"Rádzsasztán","name_id":"Rajasthan","name_it":"Rajasthan","name_ja":"ラージャスターン州","name_ko":"라자스탄","name_nl":"Rajasthan","name_pl":"Radżastan","name_pt":"Rajastão","name_ru":"Раджастхан","name_sv":"Rajasthan","name_tr":"Racasthan","name_vi":"Rajasthan","name_zh":"拉贾斯坦邦","ne_id":1159314157,"name_he":"ראג'סטאן","name_uk":"Раджастхан","name_ur":"راجستھان","name_fa":"راجستان","name_zht":"拉賈斯坦邦","FCLASS_ISO":null,"FCLASS_US":null,"FCLASS_FR":null,"FCLASS_RU":null,"FCLASS_ES":null,"FCLASS_CN":null,"FCLASS_TW":null,"FCLASS_IN":null,"FCLASS_NP":null,"FCLASS_PK":null,"FCLASS_DE":null,"FCLASS_GB":null,"FCLASS_BR":null,"FCLASS_IL":null,"FCLASS_PS":null,"FCLASS_SA":null,"FCLASS_EG":null,"FCLASS_MA":null,"FCLASS_PT":null,"FCLASS_AR":null,"FCLASS_JP":null,"FCLASS_KO":null,"FCLASS_VN":null,"FCLASS_TR":null,"FCLASS_ID":null,"FCLASS_PL":null,"FCLASS_GR":null,"FCLASS_IT":null,"FCLASS_NL":null,"FCLASS_SE":null,"FCLASS_BD":null,"FCLASS_UA":null,"FCLASS_TLC":null}},
{"type":"Feature","geometry":{"type":"Polygon","coordinates":[[[71.056632,24.69282],[69.972039,24.165219],[68.725913,24.289216],[68.183035,23.842108],[68.552257,23.259711],[69.23878,22.841946],[70.178477,22.561957],[68.994151,22.203925],[70.054445,21.153155],[70.972992,20.709621],[71.005951,20.736558],[72.104747,21.205064],[72.60613,21.266588],[72.944998,20.770006],[72.847004,20.468313],[72.818112,20.37877],[72.708102,20.072644],[72.947207,20.127402],[73.166315,20.114871],[73.695171,21.122639],[73.809376,21.836471],[74.12884,21.951761],[74.05639,22.294169],[74.323453,23.036062],[73.361652,23.784233],[72.897391,24.360581],[71.947888,24.662629],[71.056632,24.69282]]]},"properties":{"featurecla":"Admin-1 states provinces","scalerank":2,"adm1_code":"IND-3264","diss_me":3264,"iso_3166_2":"IN-GJ","wikipedia":null,"iso_a2":"IN","adm0_sr":1,"name":"Gujarat","name_alt":null,"name_local":null,"type":null,"type_en":null,"code_local":null,"code_hasc":"IN.GJ","note":null,"hasc_maybe":null,"region":"West","region_cod":null,"provnum_ne":20064,"gadm_level":1,"check_me":20,"datarank":1,"abbrev":null,"postal":null,"area_sqkm":0,"sameascity":-99,"labelrank":2,"name_len":7,"mapcolor9":2,"mapcolor13":2,"fips":"IN32","fips_alt":null,"woe_id":2345743,"woe_label":"Gujarat, IN, India","woe_name":"Gujarat","latitude":22.7501,"longitude":71.3013,"sov_a3":"IND","adm0_a3":"IND","adm0_label":2,"admin":"India","geonunit":"India","gu_a3":"IND","gn_id":1270770,"gn_name":"State of Gujarat","gns_id":-2096768,"gns_name":"Gujarat, State of","gn_level":1,"gn_region":null,"gn_a1_code":"IN.09","region_sub":null,"sub_code":null,"gns_level":1,"gns_lang":"nld","gns_adm1":"IN09","gns_region":null,"min_label":4.6,"max_label":10.1,"min_zoom":4.6,"wikidataid":"Q1061","name_ar":"كجرات","name_bn":"গুজরাত","name_de":"Gujarat","name_en":"Gujarat","name_es":"Guyarat","name_fr":"Gujarat","name_el":"Γκουτζαράτ","name_hi":"गुजरात","name_hu":"Gudzsarát","name_id":"Gujarat","name_it":"Gujarat","name_ja":"グジャラート州","name_ko":"구자라트","name_nl":"Gujarat","name_pl":"Gudźarat","name_pt":"Gujarate","name_ru":"Гуджарат","name_sv":"Gujarat","name_tr":"Gucerat","name_vi":"Gujarat","name_zh":"古吉拉特邦","ne_id":1159314179,"name_he":"גוג'ראט","name_uk":"Гуджарат","name_ur":"گجرات","name_fa":"گجرات","name_zht":"古吉拉特邦","FCLASS_ISO":null,"FCLASS_US":null,"FCLASS_FR":null,"FCLASS_RU":null,"FCLASS_ES":null,"FCLASS_CN":null,"FCLASS_TW":null,"FCLASS_IN":null,"FCLASS_NP":null,"FCLASS_PK":null,"FCLASS_DE":null,"FCLASS_GB":null,"FCLASS_BR":null,"FCLASS_IL":null,"FCLASS_PS":null,"FCLASS_SA":null,"FCLASS_EG":null,"FCLASS_MA":null,"FCLASS_PT":null,"FCLASS_AR":null,"FCLASS_JP":null,"FCLASS_KO":null,"FCLASS_VN":null,"FCLASS_TR":null,"FCLASS_ID":null,"FCLASS_PL":null,"FCLASS_GR":null,"FCLASS_IT":null,"FCLASS_NL":null,"FCLASS_SE":null,"FCLASS_BD":null,"FCLASS_UA":null,"FCLASS_TLC":null}},
{"type":"Feature","geometry":{"type":"Polygon","coordinates":[[[-141.005564,69.650946],[-141.004153,66.58958],[-141.003146,64.548671],[-141.001828,61.633087],[-141.001156,60.321074],[-139.060207,60.000059],[-135.243419,60.000059],[-132.387366,60.000059],[-128.579252,60.000059],[-123.819103,60.000059],[-124.566474,60.938994],[-126.884523,60.781872],[-127.145748,61.465189],[-127.972752,61.68869],[-129.19694,62.507167],[-130.129416,63.316549],[-130.097997,63.782309],[-131.619428,64.368655],[-132.713418,65.228577],[-132.182185,65.583542],[-132.561464,66.029303],[-133.611787,65.961866],[-134.030082,66.986609],[-136.1622,67.003662],[-136.444767,67.725582],[-136.444872,68.909902],[-137.191151,68.947903],[-139.143788,69.513658],[-141.005564,69.650946]]]},"properties":{"featurecla":"Admin-1 states provinces","scalerank":2,"adm1_code":"CAN-636","diss_me":636,"iso_3166_2":"CA-YT","wikipedia":"http://en.wikipedia.org/wiki/Yukon","iso_a2":"CA","adm0_sr":5,"name":"Yukon","name_alt":"Yukon Territory|Territoire du Yukon|Yukon|Yuk¢n","name_local":null,"type":"Territoire","type_en":"Territory","code_local":null,"code_hasc":"CA.YT","note":null,"hasc_maybe":null,"region":"Northern Canada","region_cod":"Northern Canada","provnum_ne":8,"gadm_level":1,"check_me":20,"datarank":2,"abbrev":"Yuk.","postal":"YT","area_sqkm":0,"sameascity":-99,"labelrank":2,"name_len":5,"mapcolor9":2,"mapcolor13":2,"fips":"CA12","fips_alt":null,"woe_id":2344926,"woe_label":"Yukon Territory, CA, Canada","woe_name":"Yukon","latitude":63.6088,"longitude":-135.7,"sov_a3":"CAN","adm0_a3":"CAN","adm0_label":2,"admin":"Canada","geonunit":"Canada","gu_a3":"CAN","gn_id":6185811,"gn_name":"Yukon","gns_id":-576336,"gns_name":"Yukon","gn_level":1,"gn_region":null,"gn_a1_code":"CA.12","region_sub":null,"sub_code":null,"gns_level":1,"gns_lang":"por","gns_adm1":"CA12","gns_region":null,"min_label":3.5,"max_label":7.5,"min_zoom":2,"wikidataid":"Q2009","name_ar":"يوكون","name_bn":"ইউকন","name_de":"Yukon","name_en":"Yukon","name_es":"Yukón","name_fr":"Yukon","name_el":"Γιούκον","name_hi":"युकॉन प्रांत","name_hu":"Yukon","name_id":"Yukon","name_it":"Yukon","name_ja":"ユーコン準州","name_ko":"유콘 준","name_nl":"Yukon","name_pl":"Jukon","name_pt":"Yukon","name_ru":"Юкон","name_sv":"Yukon","name_tr":"Yukon","name_vi":"Yukon","name_zh":"育空","ne_id":1159309667,"name_he":"יוקון","name_uk":"Юкон","name_ur":"يوكون","name_fa":"یوکان","name_zht":"育空","FCLASS_ISO":null,"FCLASS_US":null,"FCLASS_FR":null,"FCLASS_RU":null,"FCLASS_ES":null,"FCLASS_CN":null,"FCLASS_TW":null,"FCLASS_IN":null,"FCLASS_NP":null,"FCLASS_PK":null,"FCLASS_DE":null,"FCLASS_GB":null,"FCLASS_BR":null,"FCLASS_IL":null,"FCLASS_PS":null,"FCLASS_SA":null,"FCLASS_EG":null,"FCLASS_MA":null,"FCLASS_PT":null,"FCLASS_AR":null,"FCLASS_JP":null,"FCLASS_KO":null,"FCLASS_VN":null,"FCLASS_TR":null,"FCLASS_ID":null,"FCLASS_PL":null,"FCLASS_GR":null,"FCLASS_IT":null,"FCLASS_NL":null,"FCLASS_SE":null,"FCLASS_BD":null,"FCLASS_UA":null,"FCLASS_TLC":null}},
{"type":"Feature","geometry":{"type":"Polygon","coordinates":[[[114.082367,22.529364],[114.229828,22.555813],[114.716732,22.790803],[115.373508,22.694177],[116.494688,22.939352],[116.917572,23.637926],[117.174622,23.616348],[116.748564,24.551499],[115.887531,24.916774],[114.424882,24.49959],[114.729307,25.118881],[113.927548,25.448111],[113.217462,25.505575],[112.663335,25.113144],[112.213957,25.200374],[111.996554,24.735674],[111.899144,23.990862],[111.471005,23.613236],[111.351219,22.908214],[110.754563,22.580172],[110.355879,21.888974],[109.748057,21.574937],[109.661225,20.927558],[110.127533,20.247992],[110.53419,20.478258],[110.156749,20.986029],[111.206309,21.53205],[111.991954,21.763821],[112.608002,21.775092],[114.082367,22.529364]]]},"properties":{"featurecla":"Admin-1 states provinces","scalerank":2,"adm1_code":"CHN-1180","diss_me":1180,"iso_3166_2":"CN-GD","wikipedia":null,"iso_a2":"CN","adm0_sr":5,"name":"Guangdong","name_alt":"Guǎngdōng","name_local":"廣東|广东","type":"Shěng","type_en":"Province","code_local":null,"code_hasc":"CN.GD","note":null,"hasc_maybe":null,"region":"South Central China","region_cod":"4","provnum_ne":3,"gadm_level":1,"check_me":20,"datarank":1,"abbrev":null,"postal":"GD","area_sqkm":0,"sameascity":-99,"labelrank":2,"name_len":9,"mapcolor9":4,"mapcolor13":3,"fips":"CH30","fips_alt":null,"woe_id":12578019,"woe_label":"Guangdong, CN, China","woe_name":"Guangdong","latitude":23.7924,"longitude":113.72,"sov_a3":"CH1","adm0_a3":"CHN","adm0_label":2,"admin":"China","geonunit":"China","gu_a3":"CHN","gn_id":1809935,"gn_name":"Guangdong Sheng","gns_id":-1907075,"gns_name":"Guangdong Sheng","gn_level":1,"gn_region":null,"gn_a1_code":"CN.30","region_sub":null,"sub_code":null,"gns_level":1,"gns_lang":"zho","gns_adm1":"CH30","gns_region":null,"min_label":4.6,"max_label":10.1,"min_zoom":4.6,"wikidataid":"Q15175","name_ar":"غوانغدونغ","name_bn":"কুয়াংতুং","name_de":"Guangdong","name_en":"Guangdong","name_es":"Guangdong","name_fr":"Guangdong","name_el":"Κουανγκτούνγκ","name_hi":"गुआंगदोंग","name_hu":"Kuangtung","name_id":"Guangdong","name_it":"Guangdong","name_ja":"広東省","name_ko":"광둥성","name_nl":"Guangdong","name_pl":"Guangdong","name_pt":"Guangdong","name_ru":"Гуандун","name_sv":"Guangdong","name_tr":"Guangdong","name_vi":"Quảng Đông","name_zh":"广东省","ne_id":1159310335,"name_he":"גואנגדונג","name_uk":"Гуандун","name_ur":"گوانگڈونگ","name_fa":"گوانگدونگ","name_zht":"廣東省","FCLASS_ISO":null,"FCLASS_US":null,"FCLASS_FR":null,"FCLASS_RU":null,"FCLASS_ES":null,"FCLASS_CN":null,"FCLASS_TW":null,"FCLASS_IN":null,"FCLASS_NP":null,"FCLASS_PK":null,"FCLASS_DE":null,"FCLASS_GB":null,"FCLASS_BR":null,"FCLASS_IL":null,"FCLASS_PS":null,"FCLASS_SA":null,"FCLASS_EG":null,"FCLASS_MA":null,"FCLASS_PT":null,"FCLASS_AR":null,"FCLASS_JP":null,"FCLASS_KO":null,"FCLASS_VN":null,"FCLASS_TR":null,"FCLASS_ID":null,"FCLASS_PL":null,"FCLASS_GR":null,"FCLASS_IT":null,"FCLASS_NL":null,"FCLASS_SE":null,"FCLASS_BD":null,"FCLASS_UA":null,"FCLASS_TLC":null}},
{"type":"Feature","geometry":{"type":"Polygon","coordinates":[[[78.380983,32.528041],[77.721075,33.012636],[77.348695,32.867245],[76.739843,33.197406],[75.972448,32.911041],[75.847391,32.516749],[76.158484,31.338553],[76.768162,30.907597],[77.585063,30.382926],[77.806032,31.050508],[78.284245,31.290338],[78.89261,31.281772],[78.744578,31.9642],[78.380983,32.528041]]]},"properties":{"featurecla":"Admin-1 states provinces","scalerank":2,"adm1_code":"IND-2429","diss_me":2429,"iso_3166_2":"IN-HP","wikipedia":null,"iso_a2":"IN","adm0_sr":1,"name":"Himachal Pradesh","name_alt":null,"name_local":null,"type":"Union Territor","type_en":"Union Territory","code_local":null,"code_hasc":"IN.HP","note":null,"hasc_maybe":null,"region":"North","region_cod":null,"provnum_ne":20068,"gadm_level":1,"check_me":20,"datarank":1,"abbrev":null,"postal":"HP","area_sqkm":0,"sameascity":-99,"labelrank":2,"name_len":16,"mapcolor9":2,"mapcolor13":2,"fips":"IN11","fips_alt":null,"woe_id":2345745,"woe_label":"Himachal Pradesh, IN, India","woe_name":"Himachal Pradesh","latitude":31.6755,"longitude":77.2875,"sov_a3":"IND","adm0_a3":"IND","adm0_label":2,"admin":"India","geonunit":"India","gu_a3":"IND","gn_id":1270101,"gn_name":"State of Himachal Pradesh","gns_id":-2097441,"gns_name":"Himachal Pradesh","gn_level":1,"gn_region":null,"gn_a1_code":"IN.11","region_sub":null,"sub_code":null,"gns_level":1,"gns_lang":"nld","gns_adm1":"IN11","gns_region":null,"min_label":4.6,"max_label":10.1,"min_zoom":4.6,"wikidataid":"Q1177","name_ar":"هيماجل برديش","name_bn":"হিমাচল প্রদেশ","name_de":"Himachal Pradesh","name_en":"Himachal Pradesh","name_es":"Himachal Pradesh","name_fr":"Himachal Pradesh","name_el":"Χιμάτσαλ Πραντές","name_hi":"हिमाचल प्रदेश","name_hu":"Himácsal Prades","name_id":"Himachal Pradesh","name_it":"Himachal Pradesh","name_ja":"ヒマーチャル・プラデーシュ州","name_ko":"히마찰프라데시","name_nl":"Himachal Pradesh","name_pl":"Himachal Pradesh","name_pt":"Himachal Pradesh","name_ru":"Химачал-Прадеш","name_sv":"Himachal Pradesh","name_tr":"Himaçhal Pradeş","name_vi":"Himachal Pradesh","name_zh":"喜马偕尔邦","ne_id":1159311877,"name_he":"הימאצ'ל פרדש","name_uk":"Хімачал-Прадеш","name_ur":"ہماچل پردیش","name_fa":"هیماچال پرادش","name_zht":"喜馬偕爾邦","FCLASS_ISO":null,"FCLASS_US":null,"FCLASS_FR":null,"FCLASS_RU":null,"FCLASS_ES":null,"FCLASS_CN":null,"FCLASS_TW":null,"FCLASS_IN":null,"FCLASS_NP":null,"FCLASS_PK":null,"FCLASS_DE":null,"FCLASS_GB":null,"FCLASS_BR":null,"FCLASS_IL":null,"FCLASS_PS":null,"FCLASS_SA":null,"FCLASS_EG":null,"FCLASS_MA":null,"FCLASS_PT":null,"FCLASS_AR":null,"FCLASS_JP":null,"FCLASS_KO":null,"FCLASS_VN":null,"FCLASS_TR":null,"FCLASS_ID":null,"FCLASS_PL":null,"FCLASS_GR":null,"FCLASS_IT":null,"FCLASS_NL":null,"FCLASS_SE":null,"FCLASS_BD":null,"FCLASS_UA":null,"FCLASS_TLC":null}},
{"type":"Feature","geometry":{"type":"Polygon","coordinates":[[[74.316989,32.823067],[74.724978,32.46081],[75.298403,32.332427],[75.847391,32.516749],[75.972448,32.911041],[76.739843,33.197406],[75.374549,34.370981],[75.348093,34.55722],[75.224544,34.638622],[74.285832,34.768887],[73.998304,34.196803],[74.002335,33.177692],[74.316989,32.823067]]]},"properties":{"featurecla":"Admin-1 states provinces","scalerank":2,"adm1_code":"IND-2431","diss_me":2431,"iso_3166_2":"IN-JK","wikipedia":null,"iso_a2":"IN","adm0_sr":1,"name":"Jammu and Kashmir","name_alt":null,"name_local":null,"type":"Union Territory","type_en":"Union Territory","code_local":null,"code_hasc":"IN.JK","note":null,"hasc_maybe":null,"region":"North","region_cod":null,"provnum_ne":20066,"gadm_level":1,"check_me":20,"datarank":1,"abbrev":null,"postal":"JK","area_sqkm":0,"sameascity":-99,"labelrank":2,"name_len":17,"mapcolor9":2,"mapcolor13":2,"fips":"IN12","fips_alt":null,"woe_id":2345746,"woe_label":"Jammu and Kashmir, IN, India","woe_name":"Jammu and Kashmir","latitude":33.9658,"longitude":76.6395,"sov_a3":"IND","adm0_a3":"IND","adm0_label":5,"admin":"India","geonunit":"India","gu_a3":"IND","gn_id":1269320,"gn_name":"State of Jammu and Kashmir","gns_id":-2098229,"gns_name":"Jammu and Kashmir, State of","gn_level":1,"gn_region":null,"gn_a1_code":"IN.12","region_sub":null,"sub_code":null,"gns_level":1,"gns_lang":"nld","gns_adm1":"IN12","gns_region":null,"min_label":4.6,"max_label":10.1,"min_zoom":4.6,"wikidataid":"Q66278313","name_ar":"جامو وكشمير","name_bn":"জম্মু ও কাশ্মীর","name_de":"Jammu und Kashmir","name_en":"Jammu and Kashmir","name_es":"Jammu y Cachemira","name_fr":"Jammu-et-Cachemire","name_el":"Γιαμού και Κασμίρ","name_hi":"जम्मू और कश्मीर","name_hu":"Dzsammu és Kasmír","name_id":"Jammu dan Kashmir","name_it":"Jammu e Kashmir","name_ja":"ジャンムー・カシミール州","name_ko":"잠무 카슈미르","name_nl":"Jammu en Kasjmir","name_pl":"Dżammu i Kaszmir","name_pt":"Jammu e Caxemira","name_ru":"Джамму и Кашмир","name_sv":"Jammu och Kashmir","name_tr":"Cemmu ve Keşmir","name_vi":"Jammu và Kashmir","name_zh":"查谟-克什米尔邦","ne_id":1159311911,"name_he":"ג'אמו וקשמיר","name_uk":"Джамму й Кашмір","name_ur":"جموں و کشمیر","name_fa":"جامو و کشمیر","name_zht":"查謨-克什米爾邦","FCLASS_ISO":null,"FCLASS_US":null,"FCLASS_FR":null,"FCLASS_RU":null,"FCLASS_ES":null,"FCLASS_CN":null,"FCLASS_TW":null,"FCLASS_IN":null,"FCLASS_NP":null,"FCLASS_PK":null,"FCLASS_DE":null,"FCLASS_GB":null,"FCLASS_BR":null,"FCLASS_IL":null,"FCLASS_PS":null,"FCLASS_SA":null,"FCLASS_EG":null,"FCLASS_MA":null,"FCLASS_PT":null,"FCLASS_AR":null,"FCLASS_JP":null,"FCLASS_KO":null,"FCLASS_VN":null,"FCLASS_TR":null,"FCLASS_ID":null,"FCLASS_PL":null,"FCLASS_GR":null,"FCLASS_IT":null,"FCLASS_NL":null,"FCLASS_SE":null,"FCLASS_BD":null,"FCLASS_UA":null,"FCLASS_TLC":null}},
{"type":"Feature","geometry":{"type":"Polygon","coordinates":[[[33.628517,46.124935],[33.708669,45.909735],[32.525157,45.458157],[33.562511,45.09394],[33.570545,44.852465],[33.729998,44.397974],[35.547374,45.119696],[35.001891,45.729003],[34.688637,45.974015],[33.628517,46.124935]]]},"properties":{"featurecla":"Admin-1 states provinces","scalerank":5,"adm1_code":"RUS-283","diss_me":283,"iso_3166_2":"UA-43","wikipedia":null,"iso_a2":"RU","adm0_sr":1,"name":"Crimea","name_alt":"Crimée|Criméia|Krim|Krymskaya Respublika|Respublika Krym","name_local":null,"type":"Oblast","type_en":"Autonomous Republic","code_local":null,"code_hasc":"UA.KR","note":null,"hasc_maybe":"UA.MY|UKR-KRN","region":"Volga","region_cod":null,"provnum_ne":3,"gadm_level":1,"check_me":20,"datarank":5,"abbrev":null,"postal":"KR","area_sqkm":0,"sameascity":-99,"labelrank":6,"name_len":6,"mapcolor9":6,"mapcolor13":3,"fips":"UP11","fips_alt":"UP16","woe_id":2347544,"woe_label":"Crimea, UA, Ukraine","woe_name":"Crimea","latitude":45.3115,"longitude":34.2784,"sov_a3":"RUS","adm0_a3":"RUS","adm0_label":2,"admin":"Russia","geonunit":"Russia","gu_a3":"RUS","gn_id":703883,"gn_name":"Avtonomna Respublika Krym","gns_id":-1043929,"gns_name":"Krym, Avtonomna Respublika","gn_level":1,"gn_region":null,"gn_a1_code":"UA.11","region_sub":"North Caucasus","sub_code":null,"gns_level":1,"gns_lang":"rus","gns_adm1":"UP11","gns_region":null,"min_label":5,"max_label":11,"min_zoom":4.7,"wikidataid":"Q756294","name_ar":"جمهورية القرم ذاتية الحكم","name_bn":"স্বায়ত্তশাসিত প্রজাতন্ত্রী ক্রিমিয়া","name_de":"Autonome Republik Krim","name_en":"Autonomous Republic of Crimea","name_es":"República autónoma de Crimea","name_fr":"République autonome de Crimée","name_el":"Αυτόνομη Δημοκρατία της Κριμαίας","name_hi":"क्रीमिया","name_hu":"Krími Autonóm Köztársaság","name_id":"Republik Otonom Krimea","name_it":"Repubblica autonoma di Crimea","name_ja":"クリミア自治共和国","name_ko":"크림 자치 공화국","name_nl":"Autonome Republiek van de Krim","name_pl":"Republika Autonomiczna Krymu","name_pt":"República Autónoma da Crimeia","name_ru":"Автономная Республика Крым","name_sv":"Autonoma republiken Krim","name_tr":"Kırım Özerk Cumhuriyeti","name_vi":"Cộng hòa Tự trị Krym","name_zh":"克里米亚自治共和国","ne_id":1159309535,"name_he":"הרפובליקה האוטונומית של קרים","name_uk":"Автономна Республіка Крим","name_ur":"خود مختار جمہوریہ کریمیا","name_fa":"جمهوری خودمختار کریمه","name_zht":"克里米亚自治共和国","FCLASS_ISO":null,"FCLASS_US":null,"FCLASS_FR":null,"FCLASS_RU":null,"FCLASS_ES":null,"FCLASS_CN":null,"FCLASS_TW":null,"FCLASS_IN":null,"FCLASS_NP":null,"FCLASS_PK":null,"FCLASS_DE":null,"FCLASS_GB":null,"FCLASS_BR":null,"FCLASS_IL":null,"FCLASS_PS":null,"FCLASS_SA":null,"FCLASS_EG":null,"FCLASS_MA":null,"FCLASS_PT":null,"FCLASS_AR":null,"FCLASS_JP":null,"FCLASS_KO":null,"FCLASS_VN":null,"FCLASS_TR":null,"FCLASS_ID":null,"FCLASS_PL":null,"FCLASS_GR":null,"FCLASS_IT":null,"FCLASS_NL":null,"FCLASS_SE":null,"FCLASS_BD":null,"FCLASS_UA":null,"FCLASS_TLC":null}},
{"type":"Feature","geometry":{"type":"Polygon","coordinates":[[[87.648745,26.409993],[86.935153,26.520289],[86.146355,26.601356],[85.355352,26.759912],[84.640239,27.028377],[84.577039,27.329031],[83.922043,27.449696],[83.85334,27.346194],[84.246362,26.757049],[83.992734,26.241138],[84.238921,25.64797],[83.384089,25.235928],[83.523099,24.529666],[84.471981,24.307354],[86.097722,24.690483],[87.050015,24.597026],[87.117298,24.970879],[87.783717,25.214094],[88.04644,25.668873],[87.831363,26.010557],[88.087136,26.5391],[87.648745,26.409993]]]},"properties":{"featurecla":"Admin-1 states provinces","scalerank":2,"adm1_code":"IND-3258","diss_me":3258,"iso_3166_2":"IN-BR","wikipedia":null,"iso_a2":"IN","adm0_sr":1,"name":"Bihar","name_alt":null,"name_local":null,"type":"State","type_en":"State","code_local":null,"code_hasc":"IN.BR","note":null,"hasc_maybe":null,"region":"East","region_cod":null,"provnum_ne":20053,"gadm_level":1,"check_me":20,"datarank":1,"abbrev":null,"postal":"BR","area_sqkm":0,"sameascity":-99,"labelrank":2,"name_len":5,"mapcolor9":2,"mapcolor13":2,"fips":"IN34","fips_alt":null,"woe_id":2345742,"woe_label":"Bihar, IN, India","woe_name":"Bihar","latitude":25.6853,"longitude":85.8134,"sov_a3":"IND","adm0_a3":"IND","adm0_label":2,"admin":"India","geonunit":"India","gu_a3":"IND","gn_id":1275715,"gn_name":"State of Bihar","gns_id":-2091798,"gns_name":"Bihar State of","gn_level":1,"gn_region":null,"gn_a1_code":"IN.34","region_sub":null,"sub_code":null,"gns_level":1,"gns_lang":"nld","gns_adm1":"IN34","gns_region":null,"min_label":4.6,"max_label":10.1,"min_zoom":4.6,"wikidataid":"Q1165","name_ar":"بهار","name_bn":"বিহার","name_de":"Bihar","name_en":"Bihar","name_es":"Bihar","name_fr":"Bihar","name_el":"Μπιχάρ","name_hi":"बिहार","name_hu":"Bihár","name_id":"Bihar","name_it":"Bihar","name_ja":"ビハール州","name_ko":"비하르","name_nl":"Bihar","name_pl":"Bihar","name_pt":"Bihar","name_ru":"Бихар","name_sv":"Bihar","name_tr":"Bihar","name_vi":"Bihar","name_zh":"比哈尔邦","ne_id":1159314167,"name_he":"ביהר","name_uk":"Біхар","name_ur":"بہار","name_fa":"بیهار","name_zht":"比哈爾邦","FCLASS_ISO":null,"FCLASS_US":null,"FCLASS_FR":null,"FCLASS_RU":null,"FCLASS_ES":null,"FCLASS_CN":null,"FCLASS_TW":null,"FCLASS_IN":null,"FCLASS_NP":null,"FCLASS_PK":null,"FCLASS_DE":null,"FCLASS_GB":null,"FCLASS_BR":null,"FCLASS_IL":null,"FCLASS_PS":null,"FCLASS_SA":null,"FCLASS_EG":null,"FCLASS_MA":null,"FCLASS_PT":null,"FCLASS_AR":null,"FCLASS_JP":null,"FCLASS_KO":null,"FCLASS_VN":null,"FCLASS_TR":null,"FCLASS_ID":null,"FCLASS_PL":null,"FCLASS_GR":null,"FCLASS_IT":null,"FCLASS_NL":null,"FCLASS_SE":null,"FCLASS_BD":null,"FCLASS_UA":null,"FCLASS_TLC":null}},
{"type":"Feature","geometry":{"type":"Polygon","coordinates":[[[82.673891,27.696458],[82.050212,27.905586],[81.307057,28.123814],[81.047066,28.389088],[80.534444,28.679555],[80.073054,28.820925],[79.443658,28.849583],[78.38057,29.761569],[77.831456,29.659895],[77.585063,30.382926],[77.064681,29.569513],[77.200797,28.876791],[77.327404,28.519707],[77.280689,27.80944],[77.704642,26.929752],[78.200116,26.823583],[78.935782,26.694443],[79.060839,26.355084],[78.714503,25.62593],[78.370545,25.552678],[78.228848,24.532741],[78.955005,24.392542],[78.515859,25.26621],[79.468152,25.103843],[80.283606,25.41447],[80.778667,24.971499],[81.585232,25.079632],[82.423631,24.647514],[82.772137,24.668314],[82.800869,23.998716],[83.337063,24.140232],[83.523099,24.529666],[83.384089,25.235928],[84.238921,25.64797],[83.992734,26.241138],[84.246362,26.757049],[83.85334,27.346194],[82.752137,27.494964],[82.673891,27.696458]]]},"properties":{"featurecla":"Admin-1 states provinces","scalerank":2,"adm1_code":"IND-3253","diss_me":3253,"iso_3166_2":"IN-UP","wikipedia":null,"iso_a2":"IN","adm0_sr":1,"name":"Uttar Pradesh","name_alt":"United Provinces","name_local":null,"type":"State","type_en":"State","code_local":null,"code_hasc":"IN.UP","note":null,"hasc_maybe":null,"region":"Central","region_cod":null,"provnum_ne":20067,"gadm_level":1,"check_me":20,"datarank":1,"abbrev":null,"postal":"UP","area_sqkm":0,"sameascity":-99,"labelrank":2,"name_len":13,"mapcolor9":2,"mapcolor13":2,"fips":"IN36","fips_alt":"IN27","woe_id":2345760,"woe_label":"Uttar Pradesh, IN, India","woe_name":"Uttar Pradesh","latitude":26.7201,"longitude":80.9966,"sov_a3":"IND","adm0_a3":"IND","adm0_label":2,"admin":"India","geonunit":"India","gu_a3":"IND","gn_id":1253626,"gn_name":"State of Uttar Pradesh","gns_id":-2113996,"gns_name":"Uttar Pradesh, State of","gn_level":1,"gn_region":null,"gn_a1_code":"IN.36","region_sub":null,"sub_code":null,"gns_level":1,"gns_lang":"nld","gns_adm1":"IN36","gns_region":null,"min_label":4.6,"max_label":10.1,"min_zoom":4.6,"wikidataid":"Q1498","name_ar":"أتر برديش","name_bn":"উত্তরপ্রদেশ","name_de":"Uttar Pradesh","name_en":"Uttar Pradesh","name_es":"Uttar Pradesh","name_fr":"Uttar Pradesh","name_el":"Ούταρ Πραντές","name_hi":"उत्तर प्रदेश","name_hu":"Uttar Prades","name_id":"Uttar Pradesh","name_it":"Uttar Pradesh","name_ja":"ウッタル・プラデーシュ州","name_ko":"우타르프라데시","name_nl":"Uttar Pradesh","name_pl":"Uttar Pradesh","name_pt":"Uttar Pradesh","name_ru":"Уттар-Прадеш","name_sv":"Uttar Pradesh","name_tr":"Uttar Pradeş","name_vi":"Uttar Pradesh","name_zh":"北方邦","ne_id":1159314159,"name_he":"אוטר פרדש","name_uk":"Уттар-Прадеш","name_ur":"اتر پردیش","name_fa":"اوتار پرادش","name_zht":"北方邦","FCLASS_ISO":null,"FCLASS_US":null,"FCLASS_FR":null,"FCLASS_RU":null,"FCLASS_ES":null,"FCLASS_CN":null,"FCLASS_TW":null,"FCLASS_IN":null,"FCLASS_NP":null,"FCLASS_PK":null,"FCLASS_DE":null,"FCLASS_GB":null,"FCLASS_BR":null,"FCLASS_IL":null,"FCLASS_PS":null,"FCLASS_SA":null,"FCLASS_EG":null,"FCLASS_MA":null,"FCLASS_PT":null,"FCLASS_AR":null,"FCLASS_JP":null,"FCLASS_KO":null,"FCLASS_VN":null,"FCLASS_TR":null,"FCLASS_ID":null,"FCLASS_PL":null,"FCLASS_GR":null,"FCLASS_IT":null,"FCLASS_NL":null,"FCLASS_SE":null,"FCLASS_BD":null,"FCLASS_UA":null,"FCLASS_TLC":null}},
{"type":"Feature","geometry":{"type":"Polygon","coordinates":[[[-46.084584,-1.210382],[-46.214176,-1.929133],[-46.666681,-2.738489],[-46.666681,-3.094178],[-47.654424,-4.605558],[-47.800669,-4.595843],[-48.723015,-5.355332],[-48.498094,-5.186505],[-47.53686,-5.478838],[-47.37302,-6.233624],[-47.514924,-7.444713],[-47.078955,-7.975895],[-46.57387,-7.906907],[-47.063918,-8.976816],[-46.53612,-9.55523],[-46.347553,-10.16956],[-45.946053,-10.317716],[-45.837067,-9.533423],[-45.981426,-8.929584],[-45.472413,-7.674157],[-44.713984,-7.397998],[-44.038056,-6.767545],[-43.017937,-6.76739],[-42.85004,-6.254088],[-43.10186,-5.623326],[-42.832315,-5.313525],[-42.990626,-4.240103],[-42.500604,-3.451055],[-42.216565,-3.433847],[-41.842844,-2.765313],[-42.222239,-2.812433],[-43.311766,-2.346467],[-43.476959,-2.537693],[-44.368072,-2.549574],[-44.521718,-1.847263],[-45.696034,-1.160577],[-46.084584,-1.210382]]]},"properties":{"featurecla":"Admin-1 states provinces","scalerank":2,"adm1_code":"BRA-593","diss_me":593,"iso_3166_2":"BR-MA","wikipedia":null,"iso_a2":"BR","adm0_sr":5,"name":"Maranhão","name_alt":"São Luíz de Maranhão","name_local":null,"type":"Estado","type_en":"State","code_local":null,"code_hasc":"BR.MA","note":null,"hasc_maybe":"BR.TO|BRA-MRN","region":null,"region_cod":null,"provnum_ne":8,"gadm_level":1,"check_me":20,"datarank":1,"abbrev":"Mara.","postal":"MA","area_sqkm":0,"sameascity":-99,"labelrank":2,"name_len":8,"mapcolor9":5,"mapcolor13":7,"fips":"BR13","fips_alt":"BR31","woe_id":2344854,"woe_label":"Maranhao, BR, Brazil","woe_name":"Maranhão","latitude":-5.01897,"longitude":-45.389,"sov_a3":"BRA","adm0_a3":"BRA","adm0_label":2,"admin":"Brazil","geonunit":"Brazil","gu_a3":"BRA","gn_id":3395443,"gn_name":"Estado do Maranhao","gns_id":-653716,"gns_name":"Maranhao, Estado do","gn_level":1,"gn_region":null,"gn_a1_code":"BR.13","region_sub":null,"sub_code":null,"gns_level":1,"gns_lang":"por","gns_adm1":"BR13","gns_region":null,"min_label":3.7,"max_label":8.5,"min_zoom":3,"wikidataid":"Q42362","name_ar":"مارانهاو","name_bn":"মহানহো","name_de":"Maranhão","name_en":"Maranhão","name_es":"Maranhão","name_fr":"Maranhão","name_el":"Μαρανιάο","name_hi":"मरान्हाओ","name_hu":"Maranhão","name_id":"Maranhão","name_it":"Maranhão","name_ja":"マラニョン州","name_ko":"마라냥","name_nl":"Maranhão","name_pl":"Maranhão","name_pt":"Maranhão","name_ru":"Мараньян","name_sv":"Maranhão","name_tr":"Maranhão","name_vi":"Maranhão","name_zh":"马拉尼昂州","ne_id":1159307935,"name_he":"מרניאו","name_uk":"Мараньян","name_ur":"مارانہاؤ","name_fa":"مارانیائو","name_zht":"马拉尼昂州","FCLASS_ISO":null,"FCLASS_US":null,"FCLASS_FR":null,"FCLASS_RU":null,"FCLASS_ES":null,"FCLASS_CN":null,"FCLASS_TW":null,"FCLASS_IN":null,"FCLASS_NP":null,"FCLASS_PK":null,"FCLASS_DE":null,"FCLASS_GB":null,"FCLASS_BR":null,"FCLASS_IL":null,"FCLASS_PS":null,"FCLASS_SA":null,"FCLASS_EG":null,"FCLASS_MA":null,"FCLASS_PT":null,"FCLASS_AR":null,"FCLASS_JP":null,"FCLASS_KO":null,"FCLASS_VN":null,"FCLASS_TR":null,"FCLASS_ID":null,"FCLASS_PL":null,"FCLASS_GR":null,"FCLASS_IT":null,"FCLASS_NL":null,"FCLASS_SE":null,"FCLASS_BD":null,"FCLASS_UA":null,"FCLASS_TLC":null}},
{"type":"Feature","geometry":{"type":"Polygon","coordinates":[[[-41.842844,-2.765313],[-42.216565,-3.433847],[-42.500604,-3.451055],[-42.990626,-4.240103],[-42.832315,-5.313525],[-43.10186,-5.623326],[-42.85004,-6.254088],[-43.017937,-6.76739],[-44.038056,-6.767545],[-44.713984,-7.397998],[-45.472413,-7.674157],[-45.981426,-8.929584],[-45.837067,-9.533423],[-45.946053,-10.317716],[-45.757692,-10.33079],[-45.315316,-10.781564],[-44.783721,-10.856753],[-43.914601,-10.430526],[-43.701797,-10.0367],[-43.812979,-9.429088],[-43.45003,-9.30398],[-42.613517,-9.560553],[-41.85005,-9.252613],[-41.370803,-8.711871],[-40.590514,-8.124155],[-40.537701,-7.390195],[-40.416339,-6.810747],[-40.720765,-6.639698],[-40.948503,-5.41662],[-41.235746,-4.538431],[-41.07356,-4.326299],[-41.449377,-3.436792],[-41.248118,-3.012058],[-41.842844,-2.765313]]]},"properties":{"featurecla":"Admin-1 states provinces","scalerank":2,"adm1_code":"BRA-622","diss_me":622,"iso_3166_2":"BR-PI","wikipedia":null,"iso_a2":"BR","adm0_sr":1,"name":"Piauí","name_alt":"Piauhy","name_local":null,"type":"Estado","type_en":"State","code_local":null,"code_hasc":"BR.PI","note":null,"hasc_maybe":null,"region":null,"region_cod":null,"provnum_ne":18,"gadm_level":1,"check_me":20,"datarank":1,"abbrev":"Piauí","postal":"PI","area_sqkm":0,"sameascity":-99,"labelrank":2,"name_len":5,"mapcolor9":5,"mapcolor13":7,"fips":"BR20","fips_alt":null,"woe_id":2344861,"woe_label":"Piaui, BR, Brazil","woe_name":"Piauí","latitude":-8.08698,"longitude":-43.1974,"sov_a3":"BRA","adm0_a3":"BRA","adm0_label":2,"admin":"Brazil","geonunit":"Brazil","gu_a3":"BRA","gn_id":3392213,"gn_name":"Estado do Piaui","gns_id":-661542,"gns_name":"Piaui, Estado do","gn_level":1,"gn_region":null,"gn_a1_code":"BR.20","region_sub":null,"sub_code":null,"gns_level":1,"gns_lang":"por","gns_adm1":"BR20","gns_region":null,"min_label":3.7,"max_label":8.5,"min_zoom":3,"wikidataid":"Q42722","name_ar":"بياوي","name_bn":"পিয়াউই","name_de":"Piauí","name_en":"Piauí","name_es":"Piauí","name_fr":"Piauí","name_el":"Πιοΐ","name_hi":"पियाउई","name_hu":"Piauí","name_id":"Piauí","name_it":"Piauí","name_ja":"ピアウイ州","name_ko":"피아우이","name_nl":"Piauí","name_pl":"Piauí","name_pt":"Piauí","name_ru":"Пиауи","name_sv":"Piauí","name_tr":"Piauí","name_vi":"Piauí","name_zh":"皮奥伊州","ne_id":1159307921,"name_he":"פיאאוי","name_uk":"Піауї","name_ur":"پیاوی","name_fa":"پیاوی","name_zht":"皮奧伊州","FCLASS_ISO":null,"FCLASS_US":null,"FCLASS_FR":null,"FCLASS_RU":null,"FCLASS_ES":null,"FCLASS_CN":null,"FCLASS_TW":null,"FCLASS_IN":null,"FCLASS_NP":null,"FCLASS_PK":null,"FCLASS_DE":null,"FCLASS_GB":null,"FCLASS_BR":null,"FCLASS_IL":null,"FCLASS_PS":null,"FCLASS_SA":null,"FCLASS_EG":null,"FCLASS_MA":null,"FCLASS_PT":null,"FCLASS_AR":null,"FCLASS_JP":null,"FCLASS_KO":null,"FCLASS_VN":null,"FCLASS_TR":null,"FCLASS_ID":null,"FCLASS_PL":null,"FCLASS_GR":null,"FCLASS_IT":null,"FCLASS_NL":null,"FCLASS_SE":null,"FCLASS_BD":null,"FCLASS_UA":null,"FCLASS_TLC":null}},
{"type":"Feature","geometry":{"type":"Polygon","coordinates":[[[-41.248118,-3.012058],[-41.449377,-3.436792],[-41.07356,-4.326299],[-41.235746,-4.538431],[-40.948503,-5.41662],[-40.720765,-6.639698],[-40.416339,-6.810747],[-40.537701,-7.390195],[-39.654241,-7.373348],[-38.968029,-7.847944],[-38.697141,-7.620206],[-38.727501,-6.890277],[-38.525757,-6.381626],[-38.13901,-5.89473],[-37.721258,-5.062895],[-37.236392,-4.82989],[-38.659657,-3.676446],[-39.985707,-2.848403],[-40.499623,-2.78631],[-41.248118,-3.012058]]]},"properties":{"featurecla":"Admin-1 states provinces","scalerank":2,"adm1_code":"BRA-621","diss_me":621,"iso_3166_2":"BR-CE","wikipedia":null,"iso_a2":"BR","adm0_sr":1,"name":"Ceará","name_alt":null,"name_local":null,"type":"Estado","type_en":"State","code_local":null,"code_hasc":"BR.CE","note":null,"hasc_maybe":null,"region":null,"region_cod":null,"provnum_ne":17,"gadm_level":1,"check_me":20,"datarank":1,"abbrev":"Ceará","postal":"CE","area_sqkm":0,"sameascity":-99,"labelrank":2,"name_len":5,"mapcolor9":5,"mapcolor13":7,"fips":"BR06","fips_alt":null,"woe_id":2344849,"woe_label":"Ceara, BR, Brazil","woe_name":"Ceará","latitude":-5.37602,"longitude":-39.3429,"sov_a3":"BRA","adm0_a3":"BRA","adm0_label":2,"admin":"Brazil","geonunit":"Brazil","gu_a3":"BRA","gn_id":3402362,"gn_name":"Estado do Ceara","gns_id":-636727,"gns_name":"Ceara, Estado do","gn_level":1,"gn_region":null,"gn_a1_code":"BR.06","region_sub":null,"sub_code":null,"gns_level":1,"gns_lang":"por","gns_adm1":"BR06","gns_region":null,"min_label":3.7,"max_label":8.5,"min_zoom":3,"wikidataid":"Q40123","name_ar":"سيارا","name_bn":"সিয়ারা","name_de":"Ceará","name_en":"Ceará","name_es":"Ceará","name_fr":"Ceará","name_el":"Σεαρά","name_hi":"सियारा","name_hu":"Ceará","name_id":"Ceará","name_it":"Ceará","name_ja":"セアラー州","name_ko":"세아라","name_nl":"Ceará","name_pl":"Ceará","name_pt":"Ceará","name_ru":"Сеара","name_sv":"Ceará","name_tr":"Ceará","name_vi":"Ceará","name_zh":"塞阿腊","ne_id":1159307917,"name_he":"סיארה","name_uk":"Сеара","name_ur":"سئیرا","name_fa":"سئارا","name_zht":"塞阿腊","FCLASS_ISO":null,"FCLASS_US":null,"FCLASS_FR":null,"FCLASS_RU":null,"FCLASS_ES":null,"FCLASS_CN":null,"FCLASS_TW":null,"FCLASS_IN":null,"FCLASS_NP":null,"FCLASS_PK":null,"FCLASS_DE":null,"FCLASS_GB":null,"FCLASS_BR":null,"FCLASS_IL":null,"FCLASS_PS":null,"FCLASS_SA":null,"FCLASS_EG":null,"FCLASS_MA":null,"FCLASS_PT":null,"FCLASS_AR":null,"FCLASS_JP":null,"FCLASS_KO":null,"FCLASS_VN":null,"FCLASS_TR":null,"FCLASS_ID":null,"FCLASS_PL":null,"FCLASS_GR":null,"FCLASS_IT":null,"FCLASS_NL":null,"FCLASS_SE":null,"FCLASS_BD":null,"FCLASS_UA":null,"FCLASS_TLC":null}},
{"type":"Feature","geometry":{"type":"Polygon","coordinates":[[[-37.236392,-4.82989],[-37.721258,-5.062895],[-38.13901,-5.89473],[-38.525757,-6.381626],[-38.130251,-6.519757],[-37.758465,-6.175798],[-37.218963,-6.823976],[-36.507844,-6.405914],[-34.963285,-6.503335],[-35.262278,-5.483331],[-35.510569,-5.143731],[-36.589996,-5.10296],[-37.236392,-4.82989]]]},"properties":{"featurecla":"Admin-1 states provinces","scalerank":2,"adm1_code":"BRA-628","diss_me":628,"iso_3166_2":"BR-RN","wikipedia":null,"iso_a2":"BR","adm0_sr":5,"name":"Rio Grande do Norte","name_alt":null,"name_local":null,"type":"Estado","type_en":"State","code_local":null,"code_hasc":"BR.RN","note":null,"hasc_maybe":null,"region":null,"region_cod":null,"provnum_ne":3,"gadm_level":1,"check_me":20,"datarank":1,"abbrev":"Rio","postal":"RN","area_sqkm":0,"sameascity":-99,"labelrank":2,"name_len":19,"mapcolor9":5,"mapcolor13":7,"fips":"BR22","fips_alt":null,"woe_id":2344863,"woe_label":"Rio Grande do Norte, BR, Brazil","woe_name":"Rio Grande do Norte","latitude":-5.66157,"longitude":-36.5472,"sov_a3":"BRA","adm0_a3":"BRA","adm0_label":2,"admin":"Brazil","geonunit":"Brazil","gu_a3":"BRA","gn_id":3390290,"gn_name":"Estado do Rio Grande do Norte","gns_id":-666685,"gns_name":"Rio Grande do Norte, Estado do","gn_level":1,"gn_region":null,"gn_a1_code":"BR.22","region_sub":null,"sub_code":null,"gns_level":1,"gns_lang":"kor","gns_adm1":"BR22","gns_region":null,"min_label":3.7,"max_label":8.5,"min_zoom":3,"wikidataid":"Q43255","name_ar":"ريو غراندي دو نورتي","name_bn":"রিও গ্রান্ডে ডু নর্টে","name_de":"Rio Grande do Norte","name_en":"Rio Grande do Norte","name_es":"Río Grande del Norte","name_fr":"Rio Grande do Norte","name_el":"Ρίο Γκράντε ντο Νόρτε","name_hi":"रियो ग्रांडे दो नोर्टे","name_hu":"Rio Grande do Norte","name_id":"Rio Grande do Norte","name_it":"Rio Grande do Norte","name_ja":"リオグランデ・ド・ノルテ州","name_ko":"히우그란지두노르치","name_nl":"Rio Grande do Norte","name_pl":"Rio Grande do Norte","name_pt":"Rio Grande do Norte","name_ru":"Риу-Гранди-ду-Норти","name_sv":"Rio Grande do Norte","name_tr":"Rio Grande do Norte","name_vi":"Rio Grande do Norte","name_zh":"北里约格朗德","ne_id":1159307975,"name_he":"ריו גראנדה דו נורטה","name_uk":"Ріу-Гранді-ду-Норті","name_ur":"شمالی ریو گرانڈی","name_fa":"ریوگرانده دو نورتی","name_zht":"北里约格朗德","FCLASS_ISO":null,"FCLASS_US":null,"FCLASS_FR":null,"FCLASS_RU":null,"FCLASS_ES":null,"FCLASS_CN":null,"FCLASS_TW":null,"FCLASS_IN":null,"FCLASS_NP":null,"FCLASS_PK":null,"FCLASS_DE":null,"FCLASS_GB":null,"FCLASS_BR":null,"FCLASS_IL":null,"FCLASS_PS":null,"FCLASS_SA":null,"FCLASS_EG":null,"FCLASS_MA":null,"FCLASS_PT":null,"FCLASS_AR":null,"FCLASS_JP":null,"FCLASS_KO":null,"FCLASS_VN":null,"FCLASS_TR":null,"FCLASS_ID":null,"FCLASS_PL":null,"FCLASS_GR":null,"FCLASS_IT":null,"FCLASS_NL":null,"FCLASS_SE":null,"FCLASS_BD":null,"FCLASS_UA":null,"FCLASS_TLC":null}},
{"type":"Feature","geometry":{"type":"Polygon","coordinates":[[[-34.963285,-6.503335],[-36.507844,-6.405914],[-37.218963,-6.823976],[-37.758465,-6.175798],[-38.130251,-6.519757],[-38.525757,-6.381626],[-38.727501,-6.890277],[-38.697141,-7.620206],[-38.255308,-7.84965],[-37.254387,-7.26984],[-37.128581,-8.165134],[-36.782039,-8.222547],[-36.424283,-7.826085],[-34.893381,-7.542901],[-34.797353,-7.158461],[-34.963285,-6.503335]]]},"properties":{"featurecla":"Admin-1 states provinces","scalerank":2,"adm1_code":"BRA-626","diss_me":626,"iso_3166_2":"BR-PB","wikipedia":null,"iso_a2":"BR","adm0_sr":1,"name":"Paraíba","name_alt":"Parahyba","name_local":null,"type":"Estado","type_en":"State","code_local":null,"code_hasc":"BR.PB","note":null,"hasc_maybe":null,"region":null,"region_cod":null,"provnum_ne":14,"gadm_level":1,"check_me":20,"datarank":1,"abbrev":"Paraíba","postal":"PB","area_sqkm":0,"sameascity":-99,"labelrank":2,"name_len":7,"mapcolor9":5,"mapcolor13":7,"fips":"BR17","fips_alt":null,"woe_id":2344858,"woe_label":"Paraiba, BR, Brazil","woe_name":"Paraíba","latitude":-7.34234,"longitude":-36.2726,"sov_a3":"BRA","adm0_a3":"BRA","adm0_label":2,"admin":"Brazil","geonunit":"Brazil","gu_a3":"BRA","gn_id":3393098,"gn_name":"Estado da Paraiba","gns_id":-659305,"gns_name":"Paraiba, Estado da","gn_level":1,"gn_region":null,"gn_a1_code":"BR.17","region_sub":null,"sub_code":null,"gns_level":1,"gns_lang":"por","gns_adm1":"BR17","gns_region":null,"min_label":3.7,"max_label":8.5,"min_zoom":3,"wikidataid":"Q38088","name_ar":"بارايبا","name_bn":"পারায়বা","name_de":"Paraíba","name_en":"Paraíba","name_es":"Paraíba","name_fr":"Paraíba","name_el":"Παραΐμπα","name_hi":"परेबा","name_hu":"Paraíba","name_id":"Paraíba","name_it":"Paraíba","name_ja":"パライバ州","name_ko":"파라이바","name_nl":"Paraíba","name_pl":"Paraíba","name_pt":"Paraíba","name_ru":"Параиба","name_sv":"Paraíba","name_tr":"Paraíba","name_vi":"Paraíba","name_zh":"帕拉伊巴","ne_id":1159307931,"name_he":"פאראיבה","name_uk":"Параїба","name_ur":"پارائیبا","name_fa":"پارائیبا","name_zht":"帕拉伊巴","FCLASS_ISO":null,"FCLASS_US":null,"FCLASS_FR":null,"FCLASS_RU":null,"FCLASS_ES":null,"FCLASS_CN":null,"FCLASS_TW":null,"FCLASS_IN":null,"FCLASS_NP":null,"FCLASS_PK":null,"FCLASS_DE":null,"FCLASS_GB":null,"FCLASS_BR":null,"FCLASS_IL":null,"FCLASS_PS":null,"FCLASS_SA":null,"FCLASS_EG":null,"FCLASS_MA":null,"FCLASS_PT":null,"FCLASS_AR":null,"FCLASS_JP":null,"FCLASS_KO":null,"FCLASS_VN":null,"FCLASS_TR":null,"FCLASS_ID":null,"FCLASS_PL":null,"FCLASS_GR":null,"FCLASS_IT":null,"FCLASS_NL":null,"FCLASS_SE":null,"FCLASS_BD":null,"FCLASS_UA":null,"FCLASS_TLC":null}},
{"type":"Feature","geometry":{"type":"Polygon","coordinates":[[[-34.893381,-7.542901],[-36.424283,-7.826085],[-36.782039,-8.222547],[-37.128581,-8.165134],[-37.254387,-7.26984],[-38.255308,-7.84965],[-38.697141,-7.620206],[-38.968029,-7.847944],[-39.654241,-7.373348],[-40.537701,-7.390195],[-40.590514,-8.124155],[-41.370803,-8.711871],[-40.889127,-8.856927],[-40.621546,-9.486346],[-40.273014,-9.104043],[-39.403248,-8.534052],[-38.706107,-8.841217],[-38.235196,-9.330374],[-37.5191,-8.943743],[-37.181575,-9.241761],[-36.578718,-9.292973],[-36.014179,-8.894496],[-35.148339,-8.91357],[-34.811635,-7.905857],[-34.893381,-7.542901]]]},"properties":{"featurecla":"Admin-1 states provinces","scalerank":2,"adm1_code":"BRA-1313","diss_me":1313,"iso_3166_2":"BR-PE","wikipedia":null,"iso_a2":"BR","adm0_sr":1,"name":"Pernambuco","name_alt":"Pernambouc","name_local":null,"type":"Estado","type_en":"State","code_local":null,"code_hasc":"BR.PE","note":null,"hasc_maybe":null,"region":null,"region_cod":null,"provnum_ne":2,"gadm_level":1,"check_me":20,"datarank":1,"abbrev":"Perna.","postal":"PE","area_sqkm":0,"sameascity":-99,"labelrank":2,"name_len":10,"mapcolor9":5,"mapcolor13":7,"fips":"BR30","fips_alt":null,"woe_id":2344860,"woe_label":"Pernambuco, BR, Brazil","woe_name":"Pernambuco","latitude":-8.47283,"longitude":-37.2958,"sov_a3":"BRA","adm0_a3":"BRA","adm0_label":2,"admin":"Brazil","geonunit":"Brazil","gu_a3":"BRA","gn_id":3392268,"gn_name":"Estado de Pernambuco","gns_id":-661351,"gns_name":"Pernambuco, Estado de","gn_level":1,"gn_region":null,"gn_a1_code":"BR.30","region_sub":null,"sub_code":null,"gns_level":1,"gns_lang":"por","gns_adm1":"BR30","gns_region":null,"min_label":3.7,"max_label":8.5,"min_zoom":3,"wikidataid":"Q40942","name_ar":"بيرنامبوكو","name_bn":"পেরনাবুকু","name_de":"Pernambuco","name_en":"Pernambuco","name_es":"Pernambuco","name_fr":"Pernambouc","name_el":"Περναμπούκο","name_hi":"पेरनाम्बुको","name_hu":"Pernambuco","name_id":"Pernambuco","name_it":"Pernambuco","name_ja":"ペルナンブーコ州","name_ko":"페르남부쿠","name_nl":"Pernambuco","name_pl":"Pernambuco","name_pt":"Pernambuco","name_ru":"Пернамбуку","name_sv":"Pernambuco","name_tr":"Pernambuco","name_vi":"Pernambuco","name_zh":"伯南布哥","ne_id":1159309901,"name_he":"פרנמבוקו","name_uk":"Пернамбуку","name_ur":"پرنامبوکو","name_fa":"پرنامبوکو","name_zht":"伯南布哥","FCLASS_ISO":null,"FCLASS_US":null,"FCLASS_FR":null,"FCLASS_RU":null,"FCLASS_ES":null,"FCLASS_CN":null,"FCLASS_TW":null,"FCLASS_IN":null,"FCLASS_NP":null,"FCLASS_PK":null,"FCLASS_DE":null,"FCLASS_GB":null,"FCLASS_BR":null,"FCLASS_IL":null,"FCLASS_PS":null,"FCLASS_SA":null,"FCLASS_EG":null,"FCLASS_MA":null,"FCLASS_PT":null,"FCLASS_AR":null,"FCLASS_JP":null,"FCLASS_KO":null,"FCLASS_VN":null,"FCLASS_TR":null,"FCLASS_ID":null,"FCLASS_PL":null,"FCLASS_GR":null,"FCLASS_IT":null,"FCLASS_NL":null,"FCLASS_SE":null,"FCLASS_BD":null,"FCLASS_UA":null,"FCLASS_TLC":null}},
{"type":"Feature","geometry":{"type":"Polygon","coordinates":[[[-35.148339,-8.91357],[-36.014179,-8.894496],[-36.578718,-9.292973],[-37.181575,-9.241761],[-37.5191,-8.943743],[-38.235196,-9.330374],[-37.997107,-9.526808],[-36.982983,-9.966678],[-36.40807,-10.50213],[-35.148339,-8.91357]]]},"properties":{"featurecla":"Admin-1 states provinces","scalerank":2,"adm1_code":"BRA-623","diss_me":623,"iso_3166_2":"BR-AL","wikipedia":null,"iso_a2":"BR","adm0_sr":1,"name":"Alagoas","name_alt":null,"name_local":null,"type":"Estado","type_en":"State","code_local":null,"code_hasc":"BR.AL","note":null,"hasc_maybe":null,"region":null,"region_cod":null,"provnum_ne":16,"gadm_level":1,"check_me":20,"datarank":1,"abbrev":"Ala.","postal":"AL","area_sqkm":0,"sameascity":-99,"labelrank":2,"name_len":7,"mapcolor9":5,"mapcolor13":7,"fips":"BR02","fips_alt":null,"woe_id":2344845,"woe_label":"Alagoas, BR, Brazil","woe_name":"Alagoas","latitude":-9.77391,"longitude":-36.6917,"sov_a3":"BRA","adm0_a3":"BRA","adm0_label":2,"admin":"Brazil","geonunit":"Brazil","gu_a3":"BRA","gn_id":3408096,"gn_name":"Estado de Alagoas","gns_id":-623760,"gns_name":"Alagoas, Estado de","gn_level":1,"gn_region":null,"gn_a1_code":"BR.02","region_sub":null,"sub_code":null,"gns_level":1,"gns_lang":"por","gns_adm1":"BR02","gns_region":null,"min_label":3.7,"max_label":8.5,"min_zoom":3,"wikidataid":"Q40885","name_ar":"ألاغواس","name_bn":"আলাগোয়াস","name_de":"Alagoas","name_en":"Alagoas","name_es":"Alagoas","name_fr":"Alagoas","name_el":"Αλαγκόας","name_hi":"अलागोआस","name_hu":"Alagoas","name_id":"Alagoas","name_it":"Alagoas","name_ja":"アラゴアス州","name_ko":"알라고아스","name_nl":"Alagoas","name_pl":"Alagoas","name_pt":"Alagoas","name_ru":"Алагоас","name_sv":"Alagoas","name_tr":"Alagoas","name_vi":"Alagoas","name_zh":"阿拉戈斯州","ne_id":1159307923,"name_he":"אלגואס","name_uk":"Алагоас","name_ur":"الاگواس","name_fa":"آلاگواس","name_zht":"阿拉戈斯州","FCLASS_ISO":null,"FCLASS_US":null,"FCLASS_FR":null,"FCLASS_RU":null,"FCLASS_ES":null,"FCLASS_CN":null,"FCLASS_TW":null,"FCLASS_IN":null,"FCLASS_NP":null,"FCLASS_PK":null,"FCLASS_DE":null,"FCLASS_GB":null,"FCLASS_BR":null,"FCLASS_IL":null,"FCLASS_PS":null,"FCLASS_SA":null,"FCLASS_EG":null,"FCLASS_MA":null,"FCLASS_PT":null,"FCLASS_AR":null,"FCLASS_JP":null,"FCLASS_KO":null,"FCLASS_VN":null,"FCLASS_TR":null,"FCLASS_ID":null,"FCLASS_PL":null,"FCLASS_GR":null,"FCLASS_IT":null,"FCLASS_NL":null,"FCLASS_SE":null,"FCLASS_BD":null,"FCLASS_UA":null,"FCLASS_TLC":null}},
{"type":"Feature","geometry":{"type":"Polygon","coordinates":[[[-36.40807,-10.50213],[-36.982983,-9.966678],[-37.997107,-9.526808],[-37.780841,-10.08078],[-37.815671,-10.677901],[-38.233061,-10.897526],[-37.795905,-11.523741],[-37.482776,-11.518331],[-36.903066,-10.772882],[-36.40807,-10.50213]]]},"properties":{"featurecla":"Admin-1 states provinces","scalerank":2,"adm1_code":"BRA-629","diss_me":629,"iso_3166_2":"BR-SE","wikipedia":null,"iso_a2":"BR","adm0_sr":1,"name":"Sergipe","name_alt":null,"name_local":null,"type":"Estado","type_en":"State","code_local":null,"code_hasc":"BR.SE","note":null,"hasc_maybe":null,"region":null,"region_cod":null,"provnum_ne":15,"gadm_level":1,"check_me":20,"datarank":1,"abbrev":"Serg.","postal":"SE","area_sqkm":0,"sameascity":-99,"labelrank":2,"name_len":7,"mapcolor9":5,"mapcolor13":7,"fips":"BR28","fips_alt":null,"woe_id":2344869,"woe_label":"Sergipe, BR, Brazil","woe_name":"Sergipe","latitude":-10.5918,"longitude":-37.3836,"sov_a3":"BRA","adm0_a3":"BRA","adm0_label":2,"admin":"Brazil","geonunit":"Brazil","gu_a3":"BRA","gn_id":3447799,"gn_name":"Estado de Sergipe","gns_id":-672916,"gns_name":"Sergipe, Estado de","gn_level":1,"gn_region":null,"gn_a1_code":"BR.28","region_sub":null,"sub_code":null,"gns_level":1,"gns_lang":"kor","gns_adm1":"BR28","gns_region":null,"min_label":3.7,"max_label":8.5,"min_zoom":3,"wikidataid":"Q43783","name_ar":"سيرجيبي","name_bn":"সারজিপে","name_de":"Sergipe","name_en":"Sergipe","name_es":"Sergipe","name_fr":"Sergipe","name_el":"Σερζίπε","name_hi":"सर्जिपे","name_hu":"Sergipe","name_id":"Sergipe","name_it":"Sergipe","name_ja":"セルジペ州","name_ko":"세르지피","name_nl":"Sergipe","name_pl":"Sergipe","name_pt":"Sergipe","name_ru":"Сержипи","name_sv":"Sergipe","name_tr":"Sergipe","name_vi":"Sergipe","name_zh":"塞尔希培州","ne_id":1159307933,"name_he":"סרז'יפה","name_uk":"Сержипі","name_ur":"سرژیپی","name_fa":"سرژیپه","name_zht":"塞尔希培州","FCLASS_ISO":null,"FCLASS_US":null,"FCLASS_FR":null,"FCLASS_RU":null,"FCLASS_ES":null,"FCLASS_CN":null,"FCLASS_TW":null,"FCLASS_IN":null,"FCLASS_NP":null,"FCLASS_PK":null,"FCLASS_DE":null,"FCLASS_GB":null,"FCLASS_BR":null,"FCLASS_IL":null,"FCLASS_PS":null,"FCLASS_SA":null,"FCLASS_EG":null,"FCLASS_MA":null,"FCLASS_PT":null,"FCLASS_AR":null,"FCLASS_JP":null,"FCLASS_KO":null,"FCLASS_VN":null,"FCLASS_TR":null,"FCLASS_ID":null,"FCLASS_PL":null,"FCLASS_GR":null,"FCLASS_IT":null,"FCLASS_NL":null,"FCLASS_SE":null,"FCLASS_BD":null,"FCLASS_UA":null,"FCLASS_TLC":null}},
{"type":"Feature","geometry":{"type":"Polygon","coordinates":[[[-37.482776,-11.518331],[-37.795905,-11.523741],[-38.233061,-10.897526],[-37.815671,-10.677901],[-37.780841,-10.08078],[-37.997107,-9.526808],[-38.235196,-9.330374],[-38.706107,-8.841217],[-39.403248,-8.534052],[-40.273014,-9.104043],[-40.621546,-9.486346],[-40.889127,-8.856927],[-41.370803,-8.711871],[-41.85005,-9.252613],[-42.613517,-9.560553],[-43.45003,-9.30398],[-43.812979,-9.429088],[-43.701797,-10.0367],[-43.914601,-10.430526],[-44.783721,-10.856753],[-45.315316,-10.781564],[-45.757692,-10.33079],[-46.30244,-10.758258],[-46.570692,-11.316105],[-46.076846,-11.928057],[-46.33913,-12.130164],[-46.233529,-12.796635],[-46.272441,-13.656892],[-45.920473,-14.350752],[-46.022999,-14.868808],[-45.553312,-14.935677],[-44.320803,-14.245693],[-43.837706,-14.315818],[-43.49243,-14.788554],[-42.953006,-14.679465],[-41.360596,-15.49523],[-40.236867,-15.818156],[-39.865571,-16.110954],[-40.574107,-17.134458],[-40.206843,-17.978541],[-39.672609,-18.32322],[-39.183746,-17.600844],[-39.208608,-17.162205],[-38.864369,-15.843357],[-39.067128,-14.674981],[-38.923695,-14.004083],[-39.062489,-13.399998],[-38.738149,-12.736586],[-38.320424,-12.935235],[-37.654652,-12.049737],[-37.482776,-11.518331]]]},"properties":{"featurecla":"Admin-1 states provinces","scalerank":2,"adm1_code":"BRA-624","diss_me":624,"iso_3166_2":"BR-BA","wikipedia":null,"iso_a2":"BR","adm0_sr":5,"name":"Bahia","name_alt":"Ba¡a","name_local":null,"type":"Estado","type_en":"State","code_local":null,"code_hasc":"BR.BA","note":null,"hasc_maybe":null,"region":null,"region_cod":null,"provnum_ne":10,"gadm_level":1,"check_me":20,"datarank":1,"abbrev":"Bahia","postal":"BA","area_sqkm":0,"sameascity":-99,"labelrank":2,"name_len":5,"mapcolor9":5,"mapcolor13":7,"fips":"BR05","fips_alt":null,"woe_id":2344848,"woe_label":"Bahia, BR, Brazil","woe_name":"Bahia","latitude":-12.3651,"longitude":-41.8027,"sov_a3":"BRA","adm0_a3":"BRA","adm0_label":2,"admin":"Brazil","geonunit":"Brazil","gu_a3":"BRA","gn_id":3471168,"gn_name":"Estado da Bahia","gns_id":-626942,"gns_name":"Bahia, Estado da","gn_level":1,"gn_region":null,"gn_a1_code":"BR.05","region_sub":null,"sub_code":null,"gns_level":1,"gns_lang":"por","gns_adm1":"BR05","gns_region":null,"min_label":3.7,"max_label":8.5,"min_zoom":3,"wikidataid":"Q40430","name_ar":"باهيا","name_bn":"বাহিয়া","name_de":"Bahia","name_en":"Bahia","name_es":"Bahía","name_fr":"Bahia","name_el":"Μπαΐα","name_hi":"बाहिया","name_hu":"Bahia","name_id":"Bahia","name_it":"Bahia","name_ja":"バイーア州","name_ko":"바이아","name_nl":"Bahia","name_pl":"Bahia","name_pt":"Bahia","name_ru":"Баия","name_sv":"Bahia","name_tr":"Bahia","name_vi":"Bahia","name_zh":"巴伊亚","ne_id":1159307841,"name_he":"באהיה","name_uk":"Баїя","name_ur":"باہیا","name_fa":"باهیا","name_zht":"巴伊亞州","FCLASS_ISO":null,"FCLASS_US":null,"FCLASS_FR":null,"FCLASS_RU":null,"FCLASS_ES":null,"FCLASS_CN":null,"FCLASS_TW":null,"FCLASS_IN":null,"FCLASS_NP":null,"FCLASS_PK":null,"FCLASS_DE":null,"FCLASS_GB":null,"FCLASS_BR":null,"FCLASS_IL":null,"FCLASS_PS":null,"FCLASS_SA":null,"FCLASS_EG":null,"FCLASS_MA":null,"FCLASS_PT":null,"FCLASS_AR":null,"FCLASS_JP":null,"FCLASS_KO":null,"FCLASS_VN":null,"FCLASS_TR":null,"FCLASS_ID":null,"FCLASS_PL":null,"FCLASS_GR":null,"FCLASS_IT":null,"FCLASS_NL":null,"FCLASS_SE":null,"FCLASS_BD":null,"FCLASS_UA":null,"FCLASS_TLC":null}},
{"type":"Feature","geometry":{"type":"Polygon","coordinates":[[[-39.672609,-18.32322],[-40.206843,-17.978541],[-40.911063,-17.971771],[-41.142987,-18.296919],[-40.957055,-19.460156],[-41.86439,-20.776871],[-41.725432,-21.084191],[-40.965119,-21.274029],[-40.348744,-20.500095],[-39.709788,-19.416111],[-39.672609,-18.32322]]]},"properties":{"featurecla":"Admin-1 states provinces","scalerank":2,"adm1_code":"BRA-625","diss_me":625,"iso_3166_2":"BR-ES","wikipedia":null,"iso_a2":"BR","adm0_sr":1,"name":"Espírito Santo","name_alt":"Espiritu Santo","name_local":null,"type":"Estado","type_en":"State","code_local":null,"code_hasc":"BR.ES","note":null,"hasc_maybe":null,"region":null,"region_cod":null,"provnum_ne":1,"gadm_level":1,"check_me":20,"datarank":1,"abbrev":"E.S.","postal":"ES","area_sqkm":0,"sameascity":-99,"labelrank":2,"name_len":14,"mapcolor9":5,"mapcolor13":7,"fips":"BR08","fips_alt":null,"woe_id":2344851,"woe_label":"Espirito Santo, BR, Brazil","woe_name":"Espírito Santo","latitude":-19.6916,"longitude":-40.5436,"sov_a3":"BRA","adm0_a3":"BRA","adm0_label":2,"admin":"Brazil","geonunit":"Brazil","gu_a3":"BRA","gn_id":3463930,"gn_name":"Estado do Espirito Santo","gns_id":-641383,"gns_name":"Espirito Santo, Estado de","gn_level":1,"gn_region":null,"gn_a1_code":"BR.08","region_sub":null,"sub_code":null,"gns_level":1,"gns_lang":"por","gns_adm1":"BR08","gns_region":null,"min_label":3.7,"max_label":8.5,"min_zoom":3,"wikidataid":"Q43233","name_ar":"إسبيريتو سانتو","name_bn":"এস্পিরিতো স্যান্টো","name_de":"Espírito Santo","name_en":"Espírito Santo","name_es":"Espírito Santo","name_fr":"Espírito Santo","name_el":"Εσπίριτο Σάντο","name_hi":"एस्पिरितो सान्तो","name_hu":"Espírito Santo","name_id":"Espírito Santo","name_it":"Espírito Santo","name_ja":"エスピリトサント州","name_ko":"이스피리투산투","name_nl":"Espírito Santo","name_pl":"Espírito Santo","name_pt":"Espírito Santo","name_ru":"Эспириту-Санту","name_sv":"Espírito Santo","name_tr":"Espírito Santo","name_vi":"Espírito Santo","name_zh":"聖埃斯皮里圖州","ne_id":1159307929,"name_he":"אספיריטו סאנטו","name_uk":"Еспіриту-Санту","name_ur":"اسپیریتو سانتو","name_fa":"اسپیریتو سانتو","name_zht":"聖埃斯皮里圖州","FCLASS_ISO":null,"FCLASS_US":null,"FCLASS_FR":null,"FCLASS_RU":null,"FCLASS_ES":null,"FCLASS_CN":null,"FCLASS_TW":null,"FCLASS_IN":null,"FCLASS_NP":null,"FCLASS_PK":null,"FCLASS_DE":null,"FCLASS_GB":null,"FCLASS_BR":null,"FCLASS_IL":null,"FCLASS_PS":null,"FCLASS_SA":null,"FCLASS_EG":null,"FCLASS_MA":null,"FCLASS_PT":null,"FCLASS_AR":null,"FCLASS_JP":null,"FCLASS_KO":null,"FCLASS_VN":null,"FCLASS_TR":null,"FCLASS_ID":null,"FCLASS_PL":null,"FCLASS_GR":null,"FCLASS_IT":null,"FCLASS_NL":null,"FCLASS_SE":null,"FCLASS_BD":null,"FCLASS_UA":null,"FCLASS_TLC":null}},
{"type":"Feature","geometry":{"type":"Polygon","coordinates":[[[-40.965119,-21.274029],[-41.725432,-21.084191],[-41.86439,-20.776871],[-42.366582,-21.59372],[-43.131341,-22.027751],[-43.813754,-22.064131],[-44.831341,-22.406074],[-44.727569,-23.352065],[-44.673207,-23.05934],[-43.864369,-22.896173],[-43.542226,-23.049412],[-42.058217,-22.95379],[-41.966298,-22.535414],[-40.967275,-21.947524],[-40.965119,-21.274029]]]},"properties":{"featurecla":"Admin-1 states provinces","scalerank":2,"adm1_code":"BRA-627","diss_me":627,"iso_3166_2":"BR-RJ","wikipedia":null,"iso_a2":"BR","adm0_sr":5,"name":"Rio de Janeiro","name_alt":null,"name_local":null,"type":"Estado","type_en":"State","code_local":null,"code_hasc":"BR.RJ","note":null,"hasc_maybe":null,"region":null,"region_cod":null,"provnum_ne":4,"gadm_level":1,"check_me":20,"datarank":1,"abbrev":"Rio","postal":"RJ","area_sqkm":0,"sameascity":-99,"labelrank":2,"name_len":14,"mapcolor9":5,"mapcolor13":7,"fips":"BR21","fips_alt":null,"woe_id":2344862,"woe_label":"Rio de Janeiro, BR, Brazil","woe_name":"Rio de Janeiro","latitude":-22.4049,"longitude":-43.1152,"sov_a3":"BRA","adm0_a3":"BRA","adm0_label":2,"admin":"Brazil","geonunit":"Brazil","gu_a3":"BRA","gn_id":3451189,"gn_name":"Estado do Rio de Janeiro","gns_id":-666611,"gns_name":"Rio de Janeiro, Estado do","gn_level":1,"gn_region":null,"gn_a1_code":"BR.21","region_sub":null,"sub_code":null,"gns_level":1,"gns_lang":"por","gns_adm1":"BR21","gns_region":null,"min_label":3.7,"max_label":8.5,"min_zoom":3,"wikidataid":"Q41428","name_ar":"ريو دي جانيرو","name_bn":"রিও ডি জেনিরো","name_de":"Rio de Janeiro","name_en":"Rio de Janeiro","name_es":"Estado de Río de Janeiro","name_fr":"Rio de Janeiro","name_el":"Ρίο ντε Τζανέιρο","name_hi":"रियो डि जेनेरो","name_hu":"Rio de Janeiro","name_id":"Rio de Janeiro","name_it":"Rio de Janeiro","name_ja":"リオデジャネイロ州","name_ko":"리우데자네이루","name_nl":"Rio de Janeiro","name_pl":"Rio de Janeiro","name_pt":"Rio de Janeiro","name_ru":"Рио-де-Жанейро","name_sv":"Rio de Janeiro","name_tr":"Rio de Janeiro","name_vi":"Rio de Janeiro","name_zh":"里约热内卢州","ne_id":1159307777,"name_he":"ריו דה ז'ניירו","name_uk":"Ріо-де-Жанейро","name_ur":"ریو دے جینیرو","name_fa":"ایالت ریو د ژانیرو","name_zht":"里約熱內盧州","FCLASS_ISO":null,"FCLASS_US":null,"FCLASS_FR":null,"FCLASS_RU":null,"FCLASS_ES":null,"FCLASS_CN":null,"FCLASS_TW":null,"FCLASS_IN":null,"FCLASS_NP":null,"FCLASS_PK":null,"FCLASS_DE":null,"FCLASS_GB":null,"FCLASS_BR":null,"FCLASS_IL":null,"FCLASS_PS":null,"FCLASS_SA":null,"FCLASS_EG":null,"FCLASS_MA":null,"FCLASS_PT":null,"FCLASS_AR":null,"FCLASS_JP":null,"FCLASS_KO":null,"FCLASS_VN":null,"FCLASS_TR":null,"FCLASS_ID":null,"FCLASS_PL":null,"FCLASS_GR":null,"FCLASS_IT":null,"FCLASS_NL":null,"FCLASS_SE":null,"FCLASS_BD":null,"FCLASS_UA":null,"FCLASS_TLC":null}},
{"type":"Feature","geometry":{"type":"Polygon","coordinates":[[[-44.727569,-23.352065],[-44.831341,-22.406074],[-45.780404,-22.846047],[-46.359878,-22.844187],[-46.697997,-22.322513],[-46.507621,-21.458948],[-46.994749,-21.344692],[-47.234631,-20.20595],[-47.841622,-19.9794],[-48.843886,-20.16404],[-49.272982,-19.968393],[-50.557503,-19.807938],[-50.993962,-20.101667],[-51.620229,-20.69977],[-52.043614,-21.666119],[-52.36933,-22.098909],[-53.167964,-22.701715],[-52.066661,-22.521726],[-51.355051,-22.650142],[-50.785525,-22.94356],[-49.969968,-22.912141],[-49.638127,-23.259252],[-49.601825,-23.864435],[-49.218127,-24.68981],[-48.613151,-24.680354],[-48.082104,-25.307319],[-47.825551,-24.894138],[-46.966461,-24.299086],[-45.864369,-23.756443],[-44.727569,-23.352065]]]},"properties":{"featurecla":"Admin-1 states provinces","scalerank":2,"adm1_code":"BRA-1311","diss_me":1311,"iso_3166_2":"BR-SP","wikipedia":null,"iso_a2":"BR","adm0_sr":6,"name":"São Paulo","name_alt":null,"name_local":null,"type":"Estado","type_en":"State","code_local":null,"code_hasc":"BR.SP","note":null,"hasc_maybe":null,"region":null,"region_cod":null,"provnum_ne":6,"gadm_level":1,"check_me":20,"datarank":1,"abbrev":"S.P.","postal":"SP","area_sqkm":0,"sameascity":-99,"labelrank":2,"name_len":9,"mapcolor9":5,"mapcolor13":7,"fips":"BR27","fips_alt":"BR27","woe_id":2344868,"woe_label":"Sao Paulo, BR, Brazil","woe_name":"São Paulo","latitude":-22.2267,"longitude":-48.5206,"sov_a3":"BRA","adm0_a3":"BRA","adm0_label":2,"admin":"Brazil","geonunit":"Brazil","gu_a3":"BRA","gn_id":3448433,"gn_name":"Estado de Sao Paulo","gns_id":-671832,"gns_name":"Sao Paulo, Estado de","gn_level":1,"gn_region":null,"gn_a1_code":"BR.27","region_sub":null,"sub_code":null,"gns_level":1,"gns_lang":"kor","gns_adm1":"BR27","gns_region":null,"min_label":3.7,"max_label":8.5,"min_zoom":3,"wikidataid":"Q175","name_ar":"ساو باولو","name_bn":"সাঁও পাওলো","name_de":"São Paulo","name_en":"São Paulo","name_es":"Estado de São Paulo","name_fr":"São Paulo","name_el":"Σάο Πάολο","name_hi":"साओ पाउलो","name_hu":"São Paulo","name_id":"São Paulo","name_it":"San Paolo","name_ja":"サンパウロ州","name_ko":"상파울루","name_nl":"São Paulo","name_pl":"São Paulo","name_pt":"São Paulo","name_ru":"Сан-Паулу","name_sv":"São Paulo","name_tr":"São Paulo","name_vi":"São Paulo","name_zh":"圣保罗州","ne_id":1159309727,"name_he":"סאו פאולו","name_uk":"Сан-Паулу","name_ur":"ساؤ پاؤلو","name_fa":"ایالت سائوپائولو","name_zht":"圣保罗州","FCLASS_ISO":null,"FCLASS_US":null,"FCLASS_FR":null,"FCLASS_RU":null,"FCLASS_ES":null,"FCLASS_CN":null,"FCLASS_TW":null,"FCLASS_IN":null,"FCLASS_NP":null,"FCLASS_PK":null,"FCLASS_DE":null,"FCLASS_GB":null,"FCLASS_BR":null,"FCLASS_IL":null,"FCLASS_PS":null,"FCLASS_SA":null,"FCLASS_EG":null,"FCLASS_MA":null,"FCLASS_PT":null,"FCLASS_AR":null,"FCLASS_JP":null,"FCLASS_KO":null,"FCLASS_VN":null,"FCLASS_TR":null,"FCLASS_ID":null,"FCLASS_PL":null,"FCLASS_GR":null,"FCLASS_IT":null,"FCLASS_NL":null,"FCLASS_SE":null,"FCLASS_BD":null,"FCLASS_UA":null,"FCLASS_TLC":null}},
{"type":"Feature","geometry":{"type":"Polygon","coordinates":[[[129.000092,-31.689223],[129.000116,-28.490457],[129.000116,-25.999911],[129.000116,-24.261051],[129.000116,-21.478792],[129.000116,-18.696585],[129.000116,-16.957621],[129.000116,-14.868151],[128.175304,-14.698419],[127.666026,-14.178399],[126.952891,-13.723565],[126.569184,-14.195245],[125.658051,-14.360284],[125.144298,-14.728448],[124.403331,-15.559259],[124.378429,-16.214939],[123.651622,-16.360284],[123.837087,-17.13242],[123.399669,-17.329278],[123.15089,-16.807712],[122.704275,-16.786716],[122.276052,-17.089288],[122.220388,-18.197198],[121.91033,-18.464451],[121.193533,-19.472426],[120.238292,-19.906834],[119.566661,-20.06878],[119.068533,-19.982843],[118.831798,-20.261977],[118.13559,-20.362074],[117.35377,-20.727716],[116.743175,-20.616876],[115.936697,-21.059015],[115.4546,-21.513767],[114.646739,-21.843357],[114.011485,-21.859959],[113.646658,-22.577732],[113.737559,-23.527032],[113.385265,-24.249119],[113.610606,-24.892755],[114.155284,-25.789727],[114.103776,-26.447882],[113.590579,-26.675651],[114.012543,-27.315362],[114.166026,-28.106703],[114.531098,-28.522393],[114.97877,-29.479913],[114.974864,-30.214044],[115.680349,-31.648614],[115.769298,-32.602309],[115.66684,-33.287693],[114.956798,-33.682306],[115.017833,-34.26214],[116.465099,-35.000665],[118.119884,-34.987074],[118.931977,-34.445896],[119.382091,-34.440118],[120.002208,-33.926039],[121.532888,-33.819513],[122.560313,-33.959161],[123.566661,-33.884373],[124.116547,-33.121515],[126.18572,-32.232517],[127.288748,-32.27337],[129.000092,-31.689223]]]},"properties":{"featurecla":"Admin-1 states provinces","scalerank":2,"adm1_code":"AUS-2651","diss_me":2651,"iso_3166_2":"AU-WA","wikipedia":null,"iso_a2":"AU","adm0_sr":6,"name":"Western Australia","name_alt":null,"name_local":null,"type":"State","type_en":"State","code_local":null,"code_hasc":"AU.WA","note":null,"hasc_maybe":null,"region":null,"region_cod":null,"provnum_ne":5,"gadm_level":1,"check_me":20,"datarank":3,"abbrev":"W.A.","postal":"WA","area_sqkm":0,"sameascity":-99,"labelrank":2,"name_len":17,"mapcolor9":2,"mapcolor13":7,"fips":"AS08","fips_alt":null,"woe_id":2344706,"woe_label":"Western Australia, AU, Australia","woe_name":"Western Australia","latitude":-25.8483,"longitude":121.646,"sov_a3":"AU1","adm0_a3":"AUS","adm0_label":2,"admin":"Australia","geonunit":"Australia","gu_a3":"AUS","gn_id":2058645,"gn_name":"State of Western Australia","gns_id":-1608952,"gns_name":"Western Australia","gn_level":1,"gn_region":null,"gn_a1_code":"AU.08","region_sub":null,"sub_code":null,"gns_level":1,"gns_lang":"zho","gns_adm1":"AS08","gns_region":null,"min_label":3.5,"max_label":7.5,"min_zoom":2,"wikidataid":"Q3206","name_ar":"أستراليا الغربية","name_bn":"পশ্চিম অস্ট্রেলিয়া","name_de":"Western Australia","name_en":"Western Australia","name_es":"Australia Occidental","name_fr":"Australie-Occidentale","name_el":"Δυτική Αυστραλία","name_hi":"पश्चिमी ऑस्ट्रेलिया","name_hu":"Nyugat-Ausztrália","name_id":"Australia Barat","name_it":"Australia Occidentale","name_ja":"西オーストラリア州","name_ko":"웨스턴오스트레일리아","name_nl":"West-Australië","name_pl":"Australia Zachodnia","name_pt":"Austrália Ocidental","name_ru":"Западная Австралия","name_sv":"Western Australia","name_tr":"Batı Avustralya","name_vi":"Tây Úc","name_zh":"西澳大利亚州","ne_id":1159315805,"name_he":"אוסטרליה המערבית","name_uk":"Західна Австралія","name_ur":"مغربی آسٹریلیا","name_fa":"استرالیای غربی","name_zht":"西澳州","FCLASS_ISO":null,"FCLASS_US":null,"FCLASS_FR":null,"FCLASS_RU":null,"FCLASS_ES":null,"FCLASS_CN":null,"FCLASS_TW":null,"FCLASS_IN":null,"FCLASS_NP":null,"FCLASS_PK":null,"FCLASS_DE":null,"FCLASS_GB":null,"FCLASS_BR":null,"FCLASS_IL":null,"FCLASS_PS":null,"FCLASS_SA":null,"FCLASS_EG":null,"FCLASS_MA":null,"FCLASS_PT":null,"FCLASS_AR":null,"FCLASS_JP":null,"FCLASS_KO":null,"FCLASS_VN":null,"FCLASS_TR":null,"FCLASS_ID":null,"FCLASS_PL":null,"FCLASS_GR":null,"FCLASS_IT":null,"FCLASS_NL":null,"FCLASS_SE":null,"FCLASS_BD":null,"FCLASS_UA":null,"FCLASS_TLC":null}},
{"type":"Feature","geometry":{"type":"MultiPolygon","coordinates":[[[[129.000116,-14.868151],[129.000116,-16.957621],[129.000116,-18.696585],[129.000116,-21.478792],[129.000116,-24.261051],[129.000116,-25.999911],[130.687662,-25.999911],[133.500203,-25.999911],[136.031418,-25.999911],[138.000187,-25.999911],[138.000187,-22.752926],[138.000187,-19.210972],[138.000173,-16.541599],[137.746104,-16.25213],[136.767914,-15.900811],[135.391287,-14.739923],[135.903331,-14.135837],[135.883365,-13.325764],[136.636944,-12.954941],[136.690603,-12.28281],[136.450713,-11.942333],[136.026134,-12.311456],[135.739268,-11.941502],[135.07016,-12.259942],[133.141124,-11.674574],[132.594981,-11.622003],[132.627208,-12.043878],[132.045665,-12.307387],[131.000173,-12.171319],[130.129893,-12.940525],[129.968923,-13.53045],[129.000116,-14.868151]]],[[[131.537364,-11.413263],[131.274425,-11.18963],[130.496593,-11.649509],[130.979991,-11.926446],[131.537364,-11.413263]]]]},"properties":{"featurecla":"Admin-1 states provinces","scalerank":2,"adm1_code":"AUS-2650","diss_me":2650,"iso_3166_2":"AU-NT","wikipedia":null,"iso_a2":"AU","adm0_sr":6,"name":"Northern Territory","name_alt":null,"name_local":null,"type":"Territory","type_en":"Territory","code_local":null,"code_hasc":"AU.NT","note":null,"hasc_maybe":null,"region":null,"region_cod":null,"provnum_ne":7,"gadm_level":1,"check_me":20,"datarank":3,"abbrev":"N.T.","postal":"NT","area_sqkm":0,"sameascity":-99,"labelrank":2,"name_len":18,"mapcolor9":2,"mapcolor13":7,"fips":"AS03","fips_alt":null,"woe_id":2344701,"woe_label":"Northern Territory, AU, Australia","woe_name":"Northern Territory","latitude":-20.1026,"longitude":133.78,"sov_a3":"AU1","adm0_a3":"AUS","adm0_label":2,"admin":"Australia","geonunit":"Australia","gu_a3":"AUS","gn_id":2064513,"gn_name":"Northern Territory","gns_id":-1592100,"gns_name":"Northern Territory","gn_level":1,"gn_region":null,"gn_a1_code":"AU.03","region_sub":null,"sub_code":null,"gns_level":1,"gns_lang":"zho","gns_adm1":"AS03","gns_region":null,"min_label":3.5,"max_label":7.5,"min_zoom":2,"wikidataid":"Q3235","name_ar":"إقليم شمالي","name_bn":"উত্তর অঞ্চল","name_de":"Northern Territory","name_en":"Northern Territory","name_es":"Territorio del Norte","name_fr":"Territoire du Nord","name_el":"Βόρεια Επικράτεια","name_hi":"नॉर्थर्न टेरिटरी","name_hu":"Északi terület","name_id":"Wilayah Utara","name_it":"Territorio del Nord","name_ja":"ノーザンテリトリー","name_ko":"노던 준","name_nl":"Noordelijk Territorium","name_pl":"Terytorium Północne","name_pt":"Território do Norte","name_ru":"Северная территория","name_sv":"Northern Territory","name_tr":"Kuzey Toprakları","name_vi":"Lãnh thổ Bắc Úc","name_zh":"北领地","ne_id":1159315809,"name_he":"הטריטוריה הצפונית","name_uk":"Північна територія","name_ur":"شمالی علاقہ","name_fa":"قلمرو شمالی","name_zht":"北領地","FCLASS_ISO":null,"FCLASS_US":null,"FCLASS_FR":null,"FCLASS_RU":null,"FCLASS_ES":null,"FCLASS_CN":null,"FCLASS_TW":null,"FCLASS_IN":null,"FCLASS_NP":null,"FCLASS_PK":null,"FCLASS_DE":null,"FCLASS_GB":null,"FCLASS_BR":null,"FCLASS_IL":null,"FCLASS_PS":null,"FCLASS_SA":null,"FCLASS_EG":null,"FCLASS_MA":null,"FCLASS_PT":null,"FCLASS_AR":null,"FCLASS_JP":null,"FCLASS_KO":null,"FCLASS_VN":null,"FCLASS_TR":null,"FCLASS_ID":null,"FCLASS_PL":null,"FCLASS_GR":null,"FCLASS_IT":null,"FCLASS_NL":null,"FCLASS_SE":null,"FCLASS_BD":null,"FCLASS_UA":null,"FCLASS_TLC":null}},
{"type":"Feature","geometry":{"type":"MultiPolygon","coordinates":[[[[129.000092,-31.689223],[131.177501,-31.477634],[132.233735,-32.032973],[132.798025,-31.956313],[133.586192,-32.103123],[134.273285,-32.588067],[134.278819,-33.162693],[134.662364,-33.225518],[135.189789,-33.892999],[135.429535,-34.71266],[135.741466,-34.861017],[136.369395,-34.073419],[137.224864,-33.653253],[137.452159,-33.140069],[137.937492,-33.52784],[137.453868,-34.163995],[137.403494,-35.1242],[137.671397,-35.180841],[138.037771,-34.308038],[138.536306,-34.740899],[138.531261,-35.645929],[139.041352,-35.604099],[139.475434,-35.896417],[139.853689,-36.621759],[139.741547,-37.180841],[140.359874,-37.882094],[140.968174,-38.059426],[140.967551,-35.565529],[141.000107,-34.018543],[141.000107,-31.826946],[141.000107,-28.999935],[141.000107,-25.999911],[138.000187,-25.999911],[136.031418,-25.999911],[133.500203,-25.999911],[130.687662,-25.999911],[129.000116,-25.999911],[129.000116,-28.490457],[129.000092,-31.689223]]],[[[138.129649,-35.816339],[137.352224,-35.585626],[136.621104,-35.751235],[136.715587,-36.062758],[137.459239,-36.082696],[138.129649,-35.816339]]]]},"properties":{"featurecla":"Admin-1 states provinces","scalerank":2,"adm1_code":"AUS-2655","diss_me":2655,"iso_3166_2":"AU-SA","wikipedia":null,"iso_a2":"AU","adm0_sr":3,"name":"South Australia","name_alt":null,"name_local":null,"type":"State","type_en":"State","code_local":null,"code_hasc":"AU.SA","note":null,"hasc_maybe":null,"region":null,"region_cod":null,"provnum_ne":6,"gadm_level":1,"check_me":20,"datarank":3,"abbrev":"S.A.","postal":"SA","area_sqkm":0,"sameascity":-99,"labelrank":2,"name_len":15,"mapcolor9":2,"mapcolor13":7,"fips":"AS05","fips_alt":null,"woe_id":2344703,"woe_label":"South Australia, AU, Australia","woe_name":"South Australia","latitude":-29.6504,"longitude":135.783,"sov_a3":"AU1","adm0_a3":"AUS","adm0_label":2,"admin":"Australia","geonunit":"Australia","gu_a3":"AUS","gn_id":2061327,"gn_name":"State of South Australia","gns_id":-1601186,"gns_name":"South Australia","gn_level":1,"gn_region":null,"gn_a1_code":"AU.05","region_sub":null,"sub_code":null,"gns_level":1,"gns_lang":"zho","gns_adm1":"AS05","gns_region":null,"min_label":3.5,"max_label":7.5,"min_zoom":2,"wikidataid":"Q35715","name_ar":"جنوب أستراليا","name_bn":"দক্ষিণ অস্ট্রেলিয়া","name_de":"South Australia","name_en":"South Australia","name_es":"Australia Meridional","name_fr":"Australie-Méridionale","name_el":"Νότια Αυστραλία","name_hi":"दक्षिण ऑस्ट्रेलिया","name_hu":"Dél-Ausztrália","name_id":"Australia Selatan","name_it":"Australia Meridionale","name_ja":"南オーストラリア州","name_ko":"사우스오스트레일리아","name_nl":"Zuid-Australië","name_pl":"Australia Południowa","name_pt":"Austrália Meridional","name_ru":"Южная Австралия","name_sv":"South Australia","name_tr":"Güney Avustralya","name_vi":"Nam Úc","name_zh":"南澳大利亚州","ne_id":1159313267,"name_he":"אוסטרליה הדרומית","name_uk":"Південна Австралія","name_ur":"جنوبی آسٹریلیا","name_fa":"استرالیای جنوبی","name_zht":"南澳州","FCLASS_ISO":null,"FCLASS_US":null,"FCLASS_FR":null,"FCLASS_RU":null,"FCLASS_ES":null,"FCLASS_CN":null,"FCLASS_TW":null,"FCLASS_IN":null,"FCLASS_NP":null,"FCLASS_PK":null,"FCLASS_DE":null,"FCLASS_GB":null,"FCLASS_BR":null,"FCLASS_IL":null,"FCLASS_PS":null,"FCLASS_SA":null,"FCLASS_EG":null,"FCLASS_MA":null,"FCLASS_PT":null,"FCLASS_AR":null,"FCLASS_JP":null,"FCLASS_KO":null,"FCLASS_VN":null,"FCLASS_TR":null,"FCLASS_ID":null,"FCLASS_PL":null,"FCLASS_GR":null,"FCLASS_IT":null,"FCLASS_NL":null,"FCLASS_SE":null,"FCLASS_BD":null,"FCLASS_UA":null,"FCLASS_TLC":null}},
{"type":"Feature","geometry":{"type":"Polygon","coordinates":[[[138.000173,-16.541599],[138.000187,-19.210972],[138.000187,-22.752926],[138.000187,-25.999911],[141.000107,-25.999911],[141.000107,-28.999935],[143.914658,-28.999935],[145.857795,-28.999935],[148.971403,-28.999728],[149.484447,-28.58394],[150.793514,-28.635048],[151.287438,-28.920818],[152.025584,-28.875705],[151.967551,-28.536449],[153.506521,-28.149265],[153.113617,-27.242364],[153.121593,-25.93377],[152.404796,-24.748712],[150.856619,-23.519952],[150.826427,-22.697931],[149.608572,-22.244317],[149.231212,-21.089776],[148.739757,-20.718927],[148.566661,-20.059991],[147.859223,-19.824884],[147.550466,-19.520929],[146.446544,-19.059747],[146.339366,-18.527032],[146.023774,-18.263116],[146.071056,-17.392022],[145.400401,-16.443292],[145.27711,-14.947035],[144.677582,-14.555841],[144.514903,-14.172784],[143.951996,-14.498956],[143.534434,-13.76572],[143.43393,-12.613051],[142.872895,-11.850681],[142.741954,-10.97503],[142.174571,-10.930108],[141.947602,-11.896173],[141.665701,-12.441095],[141.690766,-13.259861],[141.474132,-13.7763],[141.665701,-15.011407],[141.424815,-16.08172],[140.833263,-17.450779],[139.999522,-17.70615],[139.274181,-17.348321],[139.037283,-16.915623],[138.000173,-16.541599]]]},"properties":{"featurecla":"Admin-1 states provinces","scalerank":2,"adm1_code":"AUS-2657","diss_me":2657,"iso_3166_2":"AU-QLD","wikipedia":null,"iso_a2":"AU","adm0_sr":5,"name":"Queensland","name_alt":null,"name_local":null,"type":"State","type_en":"State","code_local":null,"code_hasc":"AU.QL","note":null,"hasc_maybe":null,"region":null,"region_cod":null,"provnum_ne":8,"gadm_level":1,"check_me":20,"datarank":3,"abbrev":"Qld.","postal":"QL","area_sqkm":0,"sameascity":-99,"labelrank":2,"name_len":10,"mapcolor9":2,"mapcolor13":7,"fips":"AS04","fips_alt":null,"woe_id":2344702,"woe_label":"Queensland, AU, Australia","woe_name":"Queensland","latitude":-23.1364,"longitude":144.778,"sov_a3":"AU1","adm0_a3":"AUS","adm0_label":2,"admin":"Australia","geonunit":"Australia","gu_a3":"AUS","gn_id":2152274,"gn_name":"State of Queensland","gns_id":-1596531,"gns_name":"Queensland","gn_level":1,"gn_region":null,"gn_a1_code":"AU.04","region_sub":null,"sub_code":null,"gns_level":1,"gns_lang":"zho","gns_adm1":"AS04","gns_region":null,"min_label":3.5,"max_label":7.5,"min_zoom":2,"wikidataid":"Q36074","name_ar":"كوينزلاند","name_bn":"কুইন্সল্যান্ড","name_de":"Queensland","name_en":"Queensland","name_es":"Queensland","name_fr":"Queensland","name_el":"Κουίνσλαντ","name_hi":"क्वीन्सलैण्ड","name_hu":"Queensland","name_id":"Queensland","name_it":"Queensland","name_ja":"クイーンズランド州","name_ko":"퀸즐랜드","name_nl":"Queensland","name_pl":"Queensland","name_pt":"Queensland","name_ru":"Квинсленд","name_sv":"Queensland","name_tr":"Queensland","name_vi":"Queensland","name_zh":"昆士兰州","ne_id":1159315807,"name_he":"קווינסלנד","name_uk":"Квінсленд","name_ur":"کوئنزلینڈ","name_fa":"کوئینزلند","name_zht":"昆士蘭州","FCLASS_ISO":null,"FCLASS_US":null,"FCLASS_FR":null,"FCLASS_RU":null,"FCLASS_ES":null,"FCLASS_CN":null,"FCLASS_TW":null,"FCLASS_IN":null,"FCLASS_NP":null,"FCLASS_PK":null,"FCLASS_DE":null,"FCLASS_GB":null,"FCLASS_BR":null,"FCLASS_IL":null,"FCLASS_PS":null,"FCLASS_SA":null,"FCLASS_EG":null,"FCLASS_MA":null,"FCLASS_PT":null,"FCLASS_AR":null,"FCLASS_JP":null,"FCLASS_KO":null,"FCLASS_VN":null,"FCLASS_TR":null,"FCLASS_ID":null,"FCLASS_PL":null,"FCLASS_GR":null,"FCLASS_IT":null,"FCLASS_NL":null,"FCLASS_SE":null,"FCLASS_BD":null,"FCLASS_UA":null,"FCLASS_TLC":null}},
{"type":"Feature","geometry":{"type":"Polygon","coordinates":[[[153.506521,-28.149265],[151.967551,-28.536449],[152.025584,-28.875705],[151.287438,-28.920818],[150.793514,-28.635048],[149.484447,-28.58394],[148.971403,-28.999728],[145.857795,-28.999935],[143.914658,-28.999935],[141.000107,-28.999935],[141.000107,-31.826946],[141.000107,-34.018543],[142.235122,-34.191918],[142.7261,-34.603211],[143.36048,-34.806247],[143.406989,-35.178834],[144.324349,-35.7542],[145.572593,-35.8436],[146.931115,-36.115728],[147.996889,-36.059246],[148.216824,-36.801681],[149.972075,-37.510292],[149.903819,-36.928399],[150.163422,-35.956638],[150.613048,-35.18727],[150.703783,-35.120442],[151.670584,-33.06113],[152.52156,-32.427494],[152.934502,-31.482811],[152.987796,-30.734634],[153.605968,-28.867446],[153.506521,-28.149265]]]},"properties":{"featurecla":"Admin-1 states provinces","scalerank":2,"adm1_code":"AUS-2654","diss_me":2654,"iso_3166_2":"AU-NSW","wikipedia":null,"iso_a2":"AU","adm0_sr":1,"name":"New South Wales","name_alt":null,"name_local":null,"type":"State","type_en":"State","code_local":null,"code_hasc":"AU.NS","note":null,"hasc_maybe":null,"region":null,"region_cod":null,"provnum_ne":9,"gadm_level":1,"check_me":20,"datarank":3,"abbrev":"N.S.W.","postal":"NS","area_sqkm":0,"sameascity":-99,"labelrank":2,"name_len":15,"mapcolor9":2,"mapcolor13":7,"fips":"AS02","fips_alt":null,"woe_id":2344700,"woe_label":"New South Wales, AU, Australia","woe_name":"New South Wales","latitude":-32.4751,"longitude":146.781,"sov_a3":"AU1","adm0_a3":"AUS","adm0_label":2,"admin":"Australia","geonunit":"Australia","gu_a3":"AUS","gn_id":2155400,"gn_name":"State of New South Wales","gns_id":-1591422,"gns_name":"New South Wales","gn_level":1,"gn_region":null,"gn_a1_code":"AU.02","region_sub":null,"sub_code":null,"gns_level":1,"gns_lang":"zho","gns_adm1":"AS02","gns_region":null,"min_label":3.5,"max_label":7.5,"min_zoom":2,"wikidataid":"Q3224","name_ar":"نيوساوث ويلز","name_bn":"নিউ সাউথ ওয়েল্স","name_de":"New South Wales","name_en":"New South Wales","name_es":"Nueva Gales del Sur","name_fr":"Nouvelle-Galles du Sud","name_el":"Νέα Νότια Ουαλία","name_hi":"न्यू साउथ वेल्स","name_hu":"Új-Dél-Wales","name_id":"New South Wales","name_it":"Nuovo Galles del Sud","name_ja":"ニューサウスウェールズ州","name_ko":"뉴사우스웨일스","name_nl":"Nieuw-Zuid-Wales","name_pl":"Nowa Południowa Walia","name_pt":"Nova Gales do Sul","name_ru":"Новый Южный Уэльс","name_sv":"New South Wales","name_tr":"Yeni Güney Galler","name_vi":"New South Wales","name_zh":"新南威尔士州","ne_id":1159313299,"name_he":"ניו סאות' ויילס","name_uk":"Новий Південний Уельс","name_ur":"نیو ساؤتھ ویلز","name_fa":"نیو ساوت ولز","name_zht":"新南威爾斯州","FCLASS_ISO":null,"FCLASS_US":null,"FCLASS_FR":null,"FCLASS_RU":null,"FCLASS_ES":null,"FCLASS_CN":null,"FCLASS_TW":null,"FCLASS_IN":null,"FCLASS_NP":null,"FCLASS_PK":null,"FCLASS_DE":null,"FCLASS_GB":null,"FCLASS_BR":null,"FCLASS_IL":null,"FCLASS_PS":null,"FCLASS_SA":null,"FCLASS_EG":null,"FCLASS_MA":null,"FCLASS_PT":null,"FCLASS_AR":null,"FCLASS_JP":null,"FCLASS_KO":null,"FCLASS_VN":null,"FCLASS_TR":null,"FCLASS_ID":null,"FCLASS_PL":null,"FCLASS_GR":null,"FCLASS_IT":null,"FCLASS_NL":null,"FCLASS_SE":null,"FCLASS_BD":null,"FCLASS_UA":null,"FCLASS_TLC":null}},
{"type":"Feature","geometry":null,"properties":{"featurecla":"Admin-1 states provinces","scalerank":2,"adm1_code":"AUS-1932","diss_me":1932,"iso_3166_2":"AU-X02~","wikipedia":null,"iso_a2":"AU","adm0_sr":1,"name":"Jervis Bay Territory","name_alt":null,"name_local":null,"type":"Territory","type_en":"Territory","code_local":null,"code_hasc":"AU.JB","note":null,"hasc_maybe":null,"region":null,"region_cod":null,"provnum_ne":2,"gadm_level":1,"check_me":20,"datarank":3,"abbrev":"J.B.T.","postal":"JB","area_sqkm":0,"sameascity":-99,"labelrank":2,"name_len":20,"mapcolor9":2,"mapcolor13":7,"fips":null,"fips_alt":null,"woe_id":1102841,"woe_label":null,"woe_name":"Jervis Bay","latitude":-35.1532,"longitude":150.692,"sov_a3":"AU1","adm0_a3":"AUS","adm0_label":2,"admin":"Australia","geonunit":"Australia","gu_a3":"AUS","gn_id":-2177478,"gn_name":"Australian Capital Territory","gns_id":0,"gns_name":null,"gn_level":-1,"gn_region":null,"gn_a1_code":"AU.","region_sub":null,"sub_code":null,"gns_level":0,"gns_lang":null,"gns_adm1":null,"gns_region":null,"min_label":3.5,"max_label":7.5,"min_zoom":2,"wikidataid":"Q15577","name_ar":"إقليم خليج جرفيس","name_bn":"জার্ভিস বে টেরিটোরি","name_de":"Jervis Bay Territory","name_en":"Jervis Bay Territory","name_es":"Territorio de Jervis Bay","name_fr":"Territoire de la baie de Jervis","name_el":"Επικράτεια Όρμου Τζέρβις","name_hi":"जर्विस बे टेरिटरी","name_hu":"Jervis Bay Territory","name_id":"Wilayah Teluk Jervis","name_it":"Territorio della Baia di Jervis","name_ja":"ジャービス湾特別地域","name_ko":"저비스베이 준","name_nl":"Jervis Bay Territorium","name_pl":"Jervis Bay Territory","name_pt":"Território da Baía Jervis","name_ru":"Территория Джервис-Бей","name_sv":"Jervis Bay Territory","name_tr":"Jervis Bay Toprağı","name_vi":"Lãnh thổ Vịnh Jervis","name_zh":"傑維斯灣地區","ne_id":1159311169,"name_he":"טריטוריית מפרץ ג'רביס","name_uk":"Територія Джервіс-Бей","name_ur":"خلیج جروس علاقہ","name_fa":"قلمروی خلیج جرویس","name_zht":"傑維斯灣地區","FCLASS_ISO":null,"FCLASS_US":null,"FCLASS_FR":null,"FCLASS_RU":null,"FCLASS_ES":null,"FCLASS_CN":null,"FCLASS_TW":null,"FCLASS_IN":null,"FCLASS_NP":null,"FCLASS_PK":null,"FCLASS_DE":null,"FCLASS_GB":null,"FCLASS_BR":null,"FCLASS_IL":null,"FCLASS_PS":null,"FCLASS_SA":null,"FCLASS_EG":null,"FCLASS_MA":null,"FCLASS_PT":null,"FCLASS_AR":null,"FCLASS_JP":null,"FCLASS_KO":null,"FCLASS_VN":null,"FCLASS_TR":null,"FCLASS_ID":null,"FCLASS_PL":null,"FCLASS_GR":null,"FCLASS_IT":null,"FCLASS_NL":null,"FCLASS_SE":null,"FCLASS_BD":null,"FCLASS_UA":null,"FCLASS_TLC":null}},
{"type":"Feature","geometry":{"type":"Polygon","coordinates":[[[149.972075,-37.510292],[148.216824,-36.801681],[147.996889,-36.059246],[146.931115,-36.115728],[145.572593,-35.8436],[144.324349,-35.7542],[143.406989,-35.178834],[143.36048,-34.806247],[142.7261,-34.603211],[142.235122,-34.191918],[141.000107,-34.018543],[140.967551,-35.565529],[140.968174,-38.059426],[141.434418,-38.375095],[142.397716,-38.36712],[143.536957,-38.858331],[144.982677,-37.899347],[145.915782,-38.895766],[146.878591,-38.644301],[147.589366,-38.080662],[148.306407,-37.823419],[149.479015,-37.785903],[149.972075,-37.510292]]]},"properties":{"featurecla":"Admin-1 states provinces","scalerank":2,"adm1_code":"AUS-2656","diss_me":2656,"iso_3166_2":"AU-VIC","wikipedia":null,"iso_a2":"AU","adm0_sr":5,"name":"Victoria","name_alt":null,"name_local":null,"type":"State","type_en":"State","code_local":null,"code_hasc":"AU.VI","note":null,"hasc_maybe":null,"region":null,"region_cod":null,"provnum_ne":3,"gadm_level":1,"check_me":20,"datarank":3,"abbrev":"Vic.","postal":"VI","area_sqkm":0,"sameascity":-99,"labelrank":2,"name_len":8,"mapcolor9":2,"mapcolor13":7,"fips":"AS07","fips_alt":null,"woe_id":2344705,"woe_label":"Victoria, AU, Australia","woe_name":"Victoria","latitude":-37.0082,"longitude":144.75,"sov_a3":"AU1","adm0_a3":"AUS","adm0_label":2,"admin":"Australia","geonunit":"Australia","gu_a3":"AUS","gn_id":2145234,"gn_name":"State of Victoria","gns_id":-1606920,"gns_name":"Victoria","gn_level":1,"gn_region":null,"gn_a1_code":"AU.07","region_sub":null,"sub_code":null,"gns_level":1,"gns_lang":"zho","gns_adm1":"AS07","gns_region":null,"min_label":3.5,"max_label":7.5,"min_zoom":2,"wikidataid":"Q36687","name_ar":"ولاية فيكتوريا","name_bn":"ভিক্টোরিয়া","name_de":"Victoria","name_en":"Victoria","name_es":"Victoria","name_fr":"Victoria","name_el":"Βικτώρια","name_hi":"विक्टोरिया","name_hu":"Victoria","name_id":"Victoria","name_it":"Victoria","name_ja":"ビクトリア州","name_ko":"빅토리아","name_nl":"Victoria","name_pl":"Wiktoria","name_pt":"Vitória","name_ru":"Виктория","name_sv":"Victoria","name_tr":"Victoria","name_vi":"Victoria","name_zh":"维多利亚州","ne_id":1159313263,"name_he":"ויקטוריה","name_uk":"Вікторія","name_ur":"وکٹوریہ","name_fa":"ویکتوریا","name_zht":"維多利亞省","FCLASS_ISO":null,"FCLASS_US":null,"FCLASS_FR":null,"FCLASS_RU":null,"FCLASS_ES":null,"FCLASS_CN":null,"FCLASS_TW":null,"FCLASS_IN":null,"FCLASS_NP":null,"FCLASS_PK":null,"FCLASS_DE":null,"FCLASS_GB":null,"FCLASS_BR":null,"FCLASS_IL":null,"FCLASS_PS":null,"FCLASS_SA":null,"FCLASS_EG":null,"FCLASS_MA":null,"FCLASS_PT":null,"FCLASS_AR":null,"FCLASS_JP":null,"FCLASS_KO":null,"FCLASS_VN":null,"FCLASS_TR":null,"FCLASS_ID":null,"FCLASS_PL":null,"FCLASS_GR":null,"FCLASS_IT":null,"FCLASS_NL":null,"FCLASS_SE":null,"FCLASS_BD":null,"FCLASS_UA":null,"FCLASS_TLC":null}},
{"type":"Feature","geometry":{"type":"Polygon","coordinates":[[[80.277749,13.512516],[80.288097,13.527086],[80.054535,15.014146],[80.263194,15.674547],[80.998871,15.846747],[81.317393,16.367499],[81.76295,16.322577],[82.307384,16.579779],[82.299327,17.030341],[83.238943,17.592963],[84.077403,18.271552],[84.777761,19.116197],[84.317779,18.80924],[83.612809,19.129789],[82.32989,18.044041],[81.758969,17.908933],[81.469526,17.420487],[80.506146,16.792487],[79.265636,16.569607],[78.73406,16.0303],[78.087494,15.832953],[77.446467,15.95298],[77.034089,15.873734],[77.12814,15.132255],[76.822216,14.920976],[76.908205,14.257864],[77.256814,14.333957],[77.44254,13.701955],[77.878792,13.916619],[78.374679,13.579637],[78.516479,13.089098],[78.229572,12.759893],[79.161608,13.044915],[79.449549,13.33115],[80.260173,13.468452],[80.277749,13.512516]]]},"properties":{"featurecla":"Admin-1 states provinces","scalerank":2,"adm1_code":"IND-2441","diss_me":2441,"iso_3166_2":"IN-AP","wikipedia":null,"iso_a2":"IN","adm0_sr":6,"name":"Andhra Pradesh","name_alt":null,"name_local":null,"type":"State","type_en":"State","code_local":null,"code_hasc":"IN.AD","note":null,"hasc_maybe":null,"region":"South","region_cod":null,"provnum_ne":20004,"gadm_level":1,"check_me":20,"datarank":1,"abbrev":null,"postal":"AP","area_sqkm":0,"sameascity":-99,"labelrank":2,"name_len":14,"mapcolor9":2,"mapcolor13":2,"fips":"IN02","fips_alt":null,"woe_id":2345740,"woe_label":"Andhra Pradesh, IN, India","woe_name":"Andhra Pradesh","latitude":16.4854,"longitude":79.208,"sov_a3":"IND","adm0_a3":"IND","adm0_label":2,"admin":"India","geonunit":"India","gu_a3":"IND","gn_id":1278629,"gn_name":"State of Andhra Pradesh","gns_id":-2088875,"gns_name":"Andhra Pradesh, State of","gn_level":1,"gn_region":null,"gn_a1_code":"IN.02","region_sub":null,"sub_code":null,"gns_level":1,"gns_lang":"nld","gns_adm1":"IN02","gns_region":null,"min_label":4.6,"max_label":10.1,"min_zoom":4.6,"wikidataid":"Q1159","name_ar":"أندرا برديش","name_bn":"অন্ধ্রপ্রদেশ","name_de":"Andhra Pradesh","name_en":"Andhra Pradesh","name_es":"Andhra Pradesh","name_fr":"Andhra Pradesh","name_el":"Άντρα Πραντές","name_hi":"आन्ध्र प्रदेश","name_hu":"Ándhra Prades","name_id":"Andhra Pradesh","name_it":"Andhra Pradesh","name_ja":"アーンドラ・プラデーシュ州","name_ko":"안드라프라데시","name_nl":"Andhra Pradesh","name_pl":"Andhra Pradesh","name_pt":"Andra Pradexe","name_ru":"Андхра-Прадеш","name_sv":"Andhra Pradesh","name_tr":"Andhra Pradeş","name_vi":"Andhra Pradesh","name_zh":"安得拉邦","ne_id":1159311629,"name_he":"אנדרה פרדש","name_uk":"Андхра-Прадеш","name_ur":"آندھرا پردیش","name_fa":"آندرا پرادش","name_zht":"安得拉邦","FCLASS_ISO":null,"FCLASS_US":null,"FCLASS_FR":null,"FCLASS_RU":null,"FCLASS_ES":null,"FCLASS_CN":null,"FCLASS_TW":null,"FCLASS_IN":null,"FCLASS_NP":null,"FCLASS_PK":null,"FCLASS_DE":null,"FCLASS_GB":null,"FCLASS_BR":null,"FCLASS_IL":null,"FCLASS_PS":null,"FCLASS_SA":null,"FCLASS_EG":null,"FCLASS_MA":null,"FCLASS_PT":null,"FCLASS_AR":null,"FCLASS_JP":null,"FCLASS_KO":null,"FCLASS_VN":null,"FCLASS_TR":null,"FCLASS_ID":null,"FCLASS_PL":null,"FCLASS_GR":null,"FCLASS_IT":null,"FCLASS_NL":null,"FCLASS_SE":null,"FCLASS_BD":null,"FCLASS_UA":null,"FCLASS_TLC":null}},
{"type":"Feature","geometry":{"type":"Polygon","coordinates":[[[111.010509,19.683783],[110.640147,20.108344],[109.303722,19.921698],[108.631684,19.286282],[108.694998,18.504828],[109.439952,18.288967],[110.426768,18.680894],[110.698253,19.416938],[111.010509,19.683783]]]},"properties":{"featurecla":"Admin-1 states provinces","scalerank":2,"adm1_code":"CHN-1775","diss_me":1775,"iso_3166_2":"CN-HI","wikipedia":null,"iso_a2":"CN","adm0_sr":1,"name":"Hainan","name_alt":"Hǎinán","name_local":"海南","type":"Shěng","type_en":"Province","code_local":null,"code_hasc":"CN.HA","note":null,"hasc_maybe":null,"region":"South Central China","region_cod":"4","provnum_ne":7,"gadm_level":1,"check_me":20,"datarank":1,"abbrev":null,"postal":"HA","area_sqkm":0,"sameascity":-99,"labelrank":2,"name_len":6,"mapcolor9":4,"mapcolor13":3,"fips":"CH31","fips_alt":"CH","woe_id":12578020,"woe_label":"Hainan, CN, China","woe_name":"Hainan","latitude":19.1865,"longitude":109.825,"sov_a3":"CH1","adm0_a3":"CHN","adm0_label":2,"admin":"China","geonunit":"China","gu_a3":"CHN","gn_id":1809054,"gn_name":"Hainan Sheng","gns_id":-1908190,"gns_name":"Hainan Sheng","gn_level":1,"gn_region":null,"gn_a1_code":"CN.31","region_sub":null,"sub_code":null,"gns_level":1,"gns_lang":"zho","gns_adm1":"CH31","gns_region":null,"min_label":4.6,"max_label":10.1,"min_zoom":4.6,"wikidataid":"Q42200","name_ar":"هاينان","name_bn":"হাইনান","name_de":"Hainan","name_en":"Hainan","name_es":"Hainan","name_fr":"Hainan","name_el":"Χαϊνάν","name_hi":"हाइनान","name_hu":"Hajnan","name_id":"Hainan","name_it":"Hainan","name_ja":"海南省","name_ko":"하이난성","name_nl":"Hainan","name_pl":"Hajnan","name_pt":"Hainan","name_ru":"Хайнань","name_sv":"Hainan","name_tr":"Hainan","name_vi":"Hải Nam","name_zh":"海南省","ne_id":1159311749,"name_he":"האינאן","name_uk":"Хайнань","name_ur":"ہائنان","name_fa":"هاینان","name_zht":"海南省","FCLASS_ISO":null,"FCLASS_US":null,"FCLASS_FR":null,"FCLASS_RU":null,"FCLASS_ES":null,"FCLASS_CN":null,"FCLASS_TW":null,"FCLASS_IN":null,"FCLASS_NP":null,"FCLASS_PK":null,"FCLASS_DE":null,"FCLASS_GB":null,"FCLASS_BR":null,"FCLASS_IL":null,"FCLASS_PS":null,"FCLASS_SA":null,"FCLASS_EG":null,"FCLASS_MA":null,"FCLASS_PT":null,"FCLASS_AR":null,"FCLASS_JP":null,"FCLASS_KO":null,"FCLASS_VN":null,"FCLASS_TR":null,"FCLASS_ID":null,"FCLASS_PL":null,"FCLASS_GR":null,"FCLASS_IT":null,"FCLASS_NL":null,"FCLASS_SE":null,"FCLASS_BD":null,"FCLASS_UA":null,"FCLASS_TLC":null}},
{"type":"Feature","geometry":{"type":"Polygon","coordinates":[[[120.4192,27.206366],[118.922695,27.549998],[118.735213,28.325972],[118.446445,28.288687],[118.367793,28.099706],[117.284242,27.857034],[117.153811,27.276397],[116.669706,26.986906],[116.619476,26.492078],[116.135165,25.866328],[115.887531,24.916774],[116.748564,24.551499],[117.174622,23.616348],[117.893647,24.028022],[118.130951,24.620063],[118.571137,24.568996],[119.10963,25.406806],[119.558442,25.563788],[119.675059,26.618801],[120.079682,26.646064],[120.4192,27.206366]]]},"properties":{"featurecla":"Admin-1 states provinces","scalerank":2,"adm1_code":"CHN-1178","diss_me":1178,"iso_3166_2":"CN-FJ","wikipedia":null,"iso_a2":"CN","adm0_sr":1,"name":"Fujian","name_alt":"Fújiàn","name_local":"福建","type":"Shěng","type_en":"Province","code_local":null,"code_hasc":"CN.FJ","note":null,"hasc_maybe":null,"region":null,"region_cod":null,"provnum_ne":5,"gadm_level":1,"check_me":20,"datarank":1,"abbrev":null,"postal":"FJ","area_sqkm":0,"sameascity":-99,"labelrank":2,"name_len":6,"mapcolor9":4,"mapcolor13":3,"fips":"CH07","fips_alt":null,"woe_id":12577997,"woe_label":"Fujian, CN, China","woe_name":"Fujian","latitude":26.408,"longitude":118.178,"sov_a3":"CH1","adm0_a3":"CHN","adm0_label":2,"admin":"China","geonunit":"China","gu_a3":"CHN","gn_id":1811017,"gn_name":"Fujian Sheng","gns_id":-1905684,"gns_name":"Fujian Sheng","gn_level":1,"gn_region":null,"gn_a1_code":"CN.07","region_sub":null,"sub_code":null,"gns_level":1,"gns_lang":"zho","gns_adm1":"CH07","gns_region":null,"min_label":4.6,"max_label":10.1,"min_zoom":4.6,"wikidataid":"Q41705","name_ar":"فوجيان","name_bn":"ফুচিয়েন","name_de":"Fujian","name_en":"Fujian","name_es":"Fujian","name_fr":"Fujian","name_el":"Φουτσιάν","name_hi":"फ़ूज्यान","name_hu":"Fucsien","name_id":"Fujian","name_it":"Fujian","name_ja":"福建省","name_ko":"푸젠성","name_nl":"Fujian","name_pl":"Fujian","name_pt":"Fujian","name_ru":"Фуцзянь","name_sv":"Fujian","name_tr":"Fujian","name_vi":"Phúc Kiến","name_zh":"福建省","ne_id":1159315795,"name_he":"פוג'יין","name_uk":"Фуцзянь","name_ur":"فوجیان","name_fa":"فوجیان","name_zht":"福建省","FCLASS_ISO":null,"FCLASS_US":null,"FCLASS_FR":null,"FCLASS_RU":null,"FCLASS_ES":null,"FCLASS_CN":null,"FCLASS_TW":null,"FCLASS_IN":null,"FCLASS_NP":null,"FCLASS_PK":null,"FCLASS_DE":null,"FCLASS_GB":null,"FCLASS_BR":null,"FCLASS_IL":null,"FCLASS_PS":null,"FCLASS_SA":null,"FCLASS_EG":null,"FCLASS_MA":null,"FCLASS_PT":null,"FCLASS_AR":null,"FCLASS_JP":null,"FCLASS_KO":null,"FCLASS_VN":null,"FCLASS_TR":null,"FCLASS_ID":null,"FCLASS_PL":null,"FCLASS_GR":null,"FCLASS_IT":null,"FCLASS_NL":null,"FCLASS_SE":null,"FCLASS_BD":null,"FCLASS_UA":null,"FCLASS_TLC":null}},
{"type":"Feature","geometry":{"type":"Polygon","coordinates":[[[121.274807,30.69124],[120.909344,31.011725],[120.577891,30.845792],[119.629784,31.13288],[119.210688,30.313731],[118.723741,29.730201],[118.17473,29.407869],[118.000787,29.143932],[118.425516,28.6952],[118.446445,28.288687],[118.735213,28.325972],[118.922695,27.549998],[120.4192,27.206366],[120.835297,27.955959],[121.236827,28.306098],[121.840587,29.161119],[121.983039,29.823176],[121.377384,30.325064],[121.274807,30.69124]]]},"properties":{"featurecla":"Admin-1 states provinces","scalerank":2,"adm1_code":"CHN-1820","diss_me":1820,"iso_3166_2":"CN-ZJ","wikipedia":null,"iso_a2":"CN","adm0_sr":5,"name":"Zhejiang","name_alt":"Zhèjiāng","name_local":"浙江","type":"Shěng","type_en":"Province","code_local":null,"code_hasc":"CN.ZJ","note":null,"hasc_maybe":null,"region":"East China","region_cod":"3","provnum_ne":4,"gadm_level":1,"check_me":20,"datarank":1,"abbrev":null,"postal":"ZJ","area_sqkm":0,"sameascity":-99,"labelrank":2,"name_len":8,"mapcolor9":4,"mapcolor13":3,"fips":"CH02","fips_alt":null,"woe_id":12577992,"woe_label":"Zhejiang, CN, China","woe_name":"Zhejiang","latitude":29.1084,"longitude":119.97,"sov_a3":"CH1","adm0_a3":"CHN","adm0_label":2,"admin":"China","geonunit":"China","gu_a3":"CHN","gn_id":1784764,"gn_name":"Zhejiang Sheng","gns_id":-1938694,"gns_name":"Zhejiang Sheng","gn_level":1,"gn_region":null,"gn_a1_code":"CN.02","region_sub":null,"sub_code":null,"gns_level":1,"gns_lang":"zho","gns_adm1":"CH02","gns_region":null,"min_label":4.6,"max_label":10.1,"min_zoom":4.6,"wikidataid":"Q16967","name_ar":"تشيجيانغ","name_bn":"চচিয়াং","name_de":"Zhejiang","name_en":"Zhejiang","name_es":"Zhejiang","name_fr":"Zhejiang","name_el":"Τσετσιάνγκ","name_hi":"झेजियांग","name_hu":"Csöcsiang","name_id":"Zhejiang","name_it":"Zhejiang","name_ja":"浙江省","name_ko":"저장성","name_nl":"Zhejiang","name_pl":"Zhejiang","name_pt":"Zhejiang","name_ru":"Чжэцзян","name_sv":"Zhejiang","name_tr":"Zhejiang","name_vi":"Chiết Giang","name_zh":"浙江省","ne_id":1159311795,"name_he":"ג'ג'יאנג","name_uk":"Чжецзян","name_ur":"ژجیانگ","name_fa":"چجیانگ","name_zht":"浙江省","FCLASS_ISO":null,"FCLASS_US":null,"FCLASS_FR":null,"FCLASS_RU":null,"FCLASS_ES":null,"FCLASS_CN":null,"FCLASS_TW":null,"FCLASS_IN":null,"FCLASS_NP":null,"FCLASS_PK":null,"FCLASS_DE":null,"FCLASS_GB":null,"FCLASS_BR":null,"FCLASS_IL":null,"FCLASS_PS":null,"FCLASS_SA":null,"FCLASS_EG":null,"FCLASS_MA":null,"FCLASS_PT":null,"FCLASS_AR":null,"FCLASS_JP":null,"FCLASS_KO":null,"FCLASS_VN":null,"FCLASS_TR":null,"FCLASS_ID":null,"FCLASS_PL":null,"FCLASS_GR":null,"FCLASS_IT":null,"FCLASS_NL":null,"FCLASS_SE":null,"FCLASS_BD":null,"FCLASS_UA":null,"FCLASS_TLC":null}},
{"type":"Feature","geometry":{"type":"Polygon","coordinates":[[[121.340912,31.490953],[120.909344,31.011725],[121.274807,30.69124],[121.977383,30.914923],[121.340912,31.490953]]]},"properties":{"featurecla":"Admin-1 states provinces","scalerank":2,"adm1_code":"CHN-1819","diss_me":1819,"iso_3166_2":"CN-SH","wikipedia":null,"iso_a2":"CN","adm0_sr":5,"name":"Shanghai","name_alt":"Shànghǎi","name_local":"上海|上海","type":"Zhíxiáshì","type_en":"Municipality","code_local":null,"code_hasc":"CN.SH","note":null,"hasc_maybe":null,"region":"East China","region_cod":"3","provnum_ne":9,"gadm_level":1,"check_me":20,"datarank":1,"abbrev":null,"postal":"SH","area_sqkm":0,"sameascity":7,"labelrank":7,"name_len":8,"mapcolor9":4,"mapcolor13":3,"fips":"CH23","fips_alt":null,"woe_id":12578012,"woe_label":"Shanghai, CN, China","woe_name":"Shanghai","latitude":31.0909,"longitude":121.409,"sov_a3":"CH1","adm0_a3":"CHN","adm0_label":2,"admin":"China","geonunit":"China","gu_a3":"CHN","gn_id":1796231,"gn_name":"Shanghai Shi","gns_id":-1924470,"gns_name":"Shanghai Shi","gn_level":1,"gn_region":null,"gn_a1_code":"CN.23","region_sub":null,"sub_code":null,"gns_level":1,"gns_lang":"zho","gns_adm1":"CH23","gns_region":null,"min_label":4.6,"max_label":10.1,"min_zoom":4.6,"wikidataid":"Q8686","name_ar":"شانغهاي","name_bn":"সাংহাই","name_de":"Shanghai","name_en":"Shanghai","name_es":"Shanghái","name_fr":"Shanghai","name_el":"Σαγκάη","name_hi":"शंघाई","name_hu":"Sanghaj","name_id":"Shanghai","name_it":"Shanghai","name_ja":"上海市","name_ko":"상하이시","name_nl":"Shanghai","name_pl":"Szanghaj","name_pt":"Xangai","name_ru":"Шанхай","name_sv":"Shanghai","name_tr":"Şanghay","name_vi":"Thượng Hải","name_zh":"上海市","ne_id":1159311855,"name_he":"שאנגחאי","name_uk":"Шанхай","name_ur":"شنگھائی","name_fa":"شانگهای","name_zht":"上海市","FCLASS_ISO":null,"FCLASS_US":null,"FCLASS_FR":null,"FCLASS_RU":null,"FCLASS_ES":null,"FCLASS_CN":null,"FCLASS_TW":null,"FCLASS_IN":null,"FCLASS_NP":null,"FCLASS_PK":null,"FCLASS_DE":null,"FCLASS_GB":null,"FCLASS_BR":null,"FCLASS_IL":null,"FCLASS_PS":null,"FCLASS_SA":null,"FCLASS_EG":null,"FCLASS_MA":null,"FCLASS_PT":null,"FCLASS_AR":null,"FCLASS_JP":null,"FCLASS_KO":null,"FCLASS_VN":null,"FCLASS_TR":null,"FCLASS_ID":null,"FCLASS_PL":null,"FCLASS_GR":null,"FCLASS_IT":null,"FCLASS_NL":null,"FCLASS_SE":null,"FCLASS_BD":null,"FCLASS_UA":null,"FCLASS_TLC":null}},
{"type":"Feature","geometry":{"type":"Polygon","coordinates":[[[119.280284,35.076606],[118.759449,34.748629],[117.181819,34.450146],[116.827629,34.958306],[116.377217,34.63954],[117.033921,34.155538],[118.176746,33.692621],[118.218035,33.179913],[118.667878,32.453213],[118.35198,31.946681],[118.860477,31.627372],[118.816086,31.226337],[119.629784,31.13288],[120.577891,30.845792],[120.909344,31.011725],[121.340912,31.490953],[121.821945,31.952486],[120.911199,32.630121],[120.895763,33.013577],[120.257091,34.311835],[119.640961,34.550523],[119.280284,35.076606]]]},"properties":{"featurecla":"Admin-1 states provinces","scalerank":2,"adm1_code":"CHN-1818","diss_me":1818,"iso_3166_2":"CN-JS","wikipedia":null,"iso_a2":"CN","adm0_sr":3,"name":"Jiangsu","name_alt":"Jiāngsū","name_local":"江蘇|江苏","type":"Shěng","type_en":"Province","code_local":null,"code_hasc":"CN.JS","note":null,"hasc_maybe":null,"region":"East China","region_cod":"3","provnum_ne":8,"gadm_level":1,"check_me":20,"datarank":1,"abbrev":null,"postal":"JS","area_sqkm":0,"sameascity":-99,"labelrank":2,"name_len":7,"mapcolor9":4,"mapcolor13":3,"fips":"CH04","fips_alt":null,"woe_id":12577994,"woe_label":"Jiangsu, CN, China","woe_name":"Jiangsu","latitude":32.9844,"longitude":119.942,"sov_a3":"CH1","adm0_a3":"CHN","adm0_label":2,"admin":"China","geonunit":"China","gu_a3":"CHN","gn_id":1806260,"gn_name":"Jiangsu Sheng","gns_id":-1911691,"gns_name":"Jiangsu Sheng","gn_level":1,"gn_region":null,"gn_a1_code":"CN.04","region_sub":null,"sub_code":null,"gns_level":1,"gns_lang":"zho","gns_adm1":"CH04","gns_region":null,"min_label":4.6,"max_label":10.1,"min_zoom":4.6,"wikidataid":"Q16963","name_ar":"جيانغسو","name_bn":"চিয়াংসু","name_de":"Jiangsu","name_en":"Jiangsu","name_es":"Jiangsu","name_fr":"Jiangsu","name_el":"Τσιανγκσού","name_hi":"जिआंगसू","name_hu":"Csiangszu","name_id":"Jiangsu","name_it":"Jiangsu","name_ja":"江蘇省","name_ko":"장쑤성","name_nl":"Jiangsu","name_pl":"Jiangsu","name_pt":"Jiangsu","name_ru":"Цзянсу","name_sv":"Jiangsu","name_tr":"Jiangsu","name_vi":"Giang Tô","name_zh":"江苏省","ne_id":1159311859,"name_he":"ג'יאנגסו","name_uk":"Цзянсу","name_ur":"جیانگسو","name_fa":"جیانگسو","name_zht":"江蘇省","FCLASS_ISO":null,"FCLASS_US":null,"FCLASS_FR":null,"FCLASS_RU":null,"FCLASS_ES":null,"FCLASS_CN":null,"FCLASS_TW":null,"FCLASS_IN":null,"FCLASS_NP":null,"FCLASS_PK":null,"FCLASS_DE":null,"FCLASS_GB":null,"FCLASS_BR":null,"FCLASS_IL":null,"FCLASS_PS":null,"FCLASS_SA":null,"FCLASS_EG":null,"FCLASS_MA":null,"FCLASS_PT":null,"FCLASS_AR":null,"FCLASS_JP":null,"FCLASS_KO":null,"FCLASS_VN":null,"FCLASS_TR":null,"FCLASS_ID":null,"FCLASS_PL":null,"FCLASS_GR":null,"FCLASS_IT":null,"FCLASS_NL":null,"FCLASS_SE":null,"FCLASS_BD":null,"FCLASS_UA":null,"FCLASS_TLC":null}},
{"type":"Feature","geometry":{"type":"MultiPolygon","coordinates":[[[[-94.803131,60.000067],[-93.984975,61.457994],[-92.260894,62.562608],[-90.643625,63.068915],[-90.974517,63.578681],[-89.812734,63.96015],[-88.044301,64.184312],[-86.938222,65.141954],[-87.380767,65.329698],[-85.856662,66.16283],[-83.690785,66.199205],[-81.527415,66.996039],[-81.237945,67.460517],[-82.3697,68.356269],[-81.26651,68.638739],[-82.57551,69.674058],[-85.33316,69.791368],[-85.21996,69.132799],[-86.501943,67.379381],[-87.327789,67.173285],[-88.373647,67.975816],[-87.792226,68.331244],[-88.022613,68.808661],[-89.331695,69.249498],[-90.000152,68.379259],[-91.109975,69.513292],[-92.471425,69.697618],[-91.545237,70.144965],[-92.907704,70.902045],[-92.990631,71.357123],[-94.548695,72.002143],[-96.616444,70.825751],[-96.486318,70.096991],[-94.322174,69.452989],[-94.636098,68.756049],[-93.730458,68.611802],[-94.860992,68.03087],[-96.46524,67.549506],[-97.061147,67.680406],[-100.71703,67.846991],[-101.529449,67.680406],[-103.366078,68.0185],[-104.483876,68.033922],[-106.197499,68.944403],[-108.280832,68.621568],[-108.59911,67.625312],[-110.420806,67.948391],[-112.42101,67.68244],[-113.858754,67.696234],[-115.533803,67.934394],[-114.201039,68.571926],[-114.987782,68.867418],[-118.040883,69.024604],[-120.680819,69.556669],[-120.680819,68.015642],[-116.593575,66.7536],[-112.503851,65.501299],[-110.705769,65.50086],[-108.972878,64.778165],[-105.190473,64.48485],[-101.999092,64.227398],[-102.00289,61.220088],[-102.001598,60.000059],[-98.401249,60.000059],[-94.803131,60.000067]]],[[[-95.214915,68.862209],[-97.92516,69.895941],[-98.411122,69.352525],[-99.417226,68.890448],[-96.295888,68.480129],[-95.214915,68.862209]]],[[[-110.003692,72.710435],[-110.003693,72.627306],[-110.003692,72.52379],[-110.003708,72.496574],[-110.003693,72.458116],[-109.999973,70.000095],[-112.499975,70.000095],[-117.123672,70.001154],[-116.855838,69.647635],[-115.974843,69.300198],[-113.583974,69.201239],[-113.655507,68.800482],[-112.583323,68.50967],[-108.95165,68.742418],[-105.885854,69.176459],[-103.383168,68.782294],[-101.964508,68.969631],[-102.054799,69.484442],[-100.964345,69.664455],[-101.582265,70.132514],[-103.537709,70.599514],[-104.591176,71.073188],[-104.380279,71.600043],[-105.332509,72.751125],[-106.823394,73.309638],[-110.003693,72.985053],[-110.003693,72.75544],[-110.003692,72.710435]]],[[[-72.948964,66.734565],[-74.345408,66.225816],[-73.717844,65.774604],[-74.502919,65.343492],[-75.757314,65.213813],[-76.676869,65.411078],[-77.963612,65.051947],[-77.757802,64.342963],[-74.713083,64.382025],[-73.452341,64.591498],[-71.372629,63.048529],[-68.55366,62.249742],[-66.274485,61.8581],[-65.930002,62.197821],[-67.197987,62.876899],[-68.146921,63.160631],[-68.496205,63.740302],[-65.169626,62.568427],[-64.484364,63.287787],[-64.676137,63.740302],[-66.649363,64.969916],[-67.170115,65.932563],[-66.961293,66.540839],[-64.902089,65.28205],[-63.497507,65.370836],[-61.954213,66.019761],[-61.270457,66.604804],[-62.004099,67.036811],[-63.888499,67.241604],[-64.719553,67.985175],[-66.214101,68.005072],[-68.133168,68.837226],[-67.115468,69.728664],[-68.362253,70.584296],[-70.516428,70.937079],[-72.472605,71.647284],[-73.253896,71.330024],[-75.063181,72.128241],[-75.198354,72.497626],[-77.601023,72.755805],[-79.283396,72.394436],[-80.558461,72.62759],[-80.642771,73.169827],[-81.528391,73.716213],[-82.831125,73.736721],[-84.836659,73.389065],[-85.702463,72.634711],[-86.698557,72.816107],[-84.951975,73.66767],[-86.714182,73.847398],[-89.051218,73.251695],[-90.104685,71.916327],[-89.449086,70.908026],[-87.852528,70.237982],[-87.031443,70.468492],[-85.782908,69.995185],[-83.051625,70.010484],[-82.125844,69.818061],[-81.071523,70.09927],[-78.888051,69.893785],[-77.682566,70.183661],[-77.038401,69.60578],[-75.687449,69.287055],[-73.728017,68.313666],[-72.988393,68.173285],[-72.350901,67.119452],[-72.948964,66.734565]]],[[[-82.191314,62.986151],[-83.519846,62.826361],[-83.906972,62.4914],[-83.134592,62.176581],[-81.956939,62.697659],[-82.191314,62.986151]]],[[[-80.183339,63.767564],[-81.771311,64.51203],[-84.098459,65.20954],[-85.201039,65.809272],[-86.028391,65.665025],[-86.405751,64.438544],[-85.617014,63.674872],[-84.59024,63.315131],[-83.633778,63.770982],[-82.533925,63.973049],[-81.01887,63.450263],[-80.183339,63.767564]]],[[[-75.033518,68.173285],[-76.688873,68.262641],[-77.322662,67.707994],[-76.981557,67.243313],[-75.065053,67.552436],[-75.033518,68.173285]]],[[[-104.680898,73.629828],[-107.039296,73.484442],[-105.202463,72.944525],[-104.680898,73.629828]]],[[[-80.903391,73.607367],[-79.948638,72.84748],[-76.318959,72.816718],[-76.271637,73.102118],[-78.138539,73.66885],[-80.903391,73.607367]]],[[[-96.32127,72.466864],[-97.660747,73.036689],[-97.570456,73.893704],[-100.885845,73.832099],[-101.561585,73.468573],[-100.111187,73.03266],[-100.636537,72.186469],[-99.235088,71.349595],[-96.559673,71.83983],[-96.32127,72.466864]]],[[[-90.291005,73.923285],[-93.272572,74.177965],[-95.248647,74.009914],[-95.592681,72.699449],[-95.145253,71.965888],[-94.087758,72.063544],[-93.403228,72.794338],[-91.857655,72.847968],[-90.291005,73.923285]]],[[[-93.43692,74.944322],[-94.39391,75.604234],[-96.604563,75.064846],[-94.724192,74.631781],[-93.43692,74.944322]]],[[[-97.424875,75.519721],[-97.66511,76.486151],[-100.269643,76.649563],[-102.035146,76.412787],[-101.589467,75.924506],[-100.223256,75.666693],[-100.33019,75.014065],[-98.035024,75.026272],[-97.424875,75.519721]]],[[[-110.003692,75.911444],[-110.003692,75.878689],[-110.003693,75.544664],[-110.003693,74.852617],[-106.008901,75.056627],[-105.759918,75.99018],[-107.857574,76.065863],[-110.003693,76.486151],[-110.003693,76.226411],[-110.003692,75.911444]]],[[[-79.56017,74.991523],[-79.501047,75.391913],[-81.113149,75.77912],[-83.91808,75.814521],[-86.19636,75.415351],[-88.245351,75.47842],[-90.188222,76.067776],[-91.44107,76.693671],[-95.770741,77.076728],[-95.823313,76.399115],[-93.128326,76.370185],[-92.004384,75.60163],[-92.504018,75.218004],[-91.620839,74.711615],[-87.643625,74.458319],[-81.788686,74.458401],[-79.56017,74.991523]]],[[[-96.910308,77.795152],[-95.060658,77.972642],[-94.82787,78.363715],[-97.451039,78.797105],[-98.359731,78.451728],[-96.910308,77.795152]]],[[[-105.606801,79.103583],[-103.497182,78.506537],[-99.017242,77.893785],[-99.557932,78.5987],[-103.721588,79.363349],[-105.606801,79.103583]]],[[[-96.623118,80.044338],[-95.645985,79.394273],[-92.952748,78.436713],[-90.884145,78.144599],[-88.770009,78.185533],[-87.858795,78.692694],[-84.918609,79.295966],[-86.971262,79.881578],[-87.700551,80.412584],[-90.639231,80.568508],[-92.236928,81.256334],[-95.231842,81.015326],[-96.623118,80.044338]]],[[[-61.085479,82.331163],[-69.483388,83.04564],[-79.340484,82.975531],[-82.711578,82.381456],[-85.761871,82.467475],[-86.964752,82.0515],[-91.708526,81.734361],[-89.826161,81.013048],[-86.437734,80.320014],[-86.449859,79.754218],[-84.32962,79.192369],[-87.482452,78.451972],[-88.180979,77.801459],[-87.474599,77.111396],[-89.53718,76.856757],[-89.170196,76.42418],[-85.249094,76.316107],[-78.141347,76.527167],[-79.432403,77.238593],[-77.980702,77.816718],[-75.581939,78.113023],[-74.468739,79.227159],[-71.142405,79.789496],[-68.279368,80.759874],[-64.692128,81.390815],[-61.085479,82.331163]]]]},"properties":{"featurecla":"Admin-1 states provinces","scalerank":2,"adm1_code":"CAN-634","diss_me":634,"iso_3166_2":"CA-NU","wikipedia":"http://en.wikipedia.org/wiki/Nunavut","iso_a2":"CA","adm0_sr":5,"name":"Nunavut","name_alt":null,"name_local":null,"type":"Territoire","type_en":"Territory","code_local":null,"code_hasc":"CA.NU","note":null,"hasc_maybe":null,"region":"Northern Canada","region_cod":"Northern Canada","provnum_ne":1,"gadm_level":1,"check_me":20,"datarank":2,"abbrev":"Nun.","postal":"NU","area_sqkm":0,"sameascity":-99,"labelrank":2,"name_len":7,"mapcolor9":2,"mapcolor13":2,"fips":"CA14","fips_alt":"CA14","woe_id":20069920,"woe_label":"Nunavut, CA, Canada","woe_name":"Nunavut","latitude":64.3853,"longitude":-97.1443,"sov_a3":"CAN","adm0_a3":"CAN","adm0_label":2,"admin":"Canada","geonunit":"Canada","gu_a3":"CAN","gn_id":6091732,"gn_name":"Nunavut","gns_id":448560,"gns_name":"Nunavut","gn_level":1,"gn_region":null,"gn_a1_code":"CA.14","region_sub":null,"sub_code":null,"gns_level":1,"gns_lang":"iku","gns_adm1":"CA14","gns_region":null,"min_label":3.5,"max_label":7.5,"min_zoom":2,"wikidataid":"Q2023","name_ar":"نونافوت","name_bn":"নুনাভুট","name_de":"Nunavut","name_en":"Nunavut","name_es":"Nunavut","name_fr":"Nunavut","name_el":"Νούναβουτ","name_hi":"नुनावुत","name_hu":"Nunavut","name_id":"Nunavut","name_it":"Nunavut","name_ja":"ヌナブト準州","name_ko":"누나부트 준","name_nl":"Nunavut","name_pl":"Nunavut","name_pt":"Nunavut","name_ru":"Нунавут","name_sv":"Nunavut","name_tr":"Nunavut","name_vi":"Nunavut","name_zh":"努纳武特","ne_id":1159307715,"name_he":"נונאווט","name_uk":"Нунавут","name_ur":"نناوت","name_fa":"نوناووت","name_zht":"努納福特","FCLASS_ISO":null,"FCLASS_US":null,"FCLASS_FR":null,"FCLASS_RU":null,"FCLASS_ES":null,"FCLASS_CN":null,"FCLASS_TW":null,"FCLASS_IN":null,"FCLASS_NP":null,"FCLASS_PK":null,"FCLASS_DE":null,"FCLASS_GB":null,"FCLASS_BR":null,"FCLASS_IL":null,"FCLASS_PS":null,"FCLASS_SA":null,"FCLASS_EG":null,"FCLASS_MA":null,"FCLASS_PT":null,"FCLASS_AR":null,"FCLASS_JP":null,"FCLASS_KO":null,"FCLASS_VN":null,"FCLASS_TR":null,"FCLASS_ID":null,"FCLASS_PL":null,"FCLASS_GR":null,"FCLASS_IT":null,"FCLASS_NL":null,"FCLASS_SE":null,"FCLASS_BD":null,"FCLASS_UA":null,"FCLASS_TLC":null}},
{"type":"Feature","geometry":{"type":"MultiPolygon","coordinates":[[[[-64.531406,60.303901],[-64.893412,59.564743],[-63.818166,58.486043],[-64.38963,58.187715],[-63.76494,57.564394],[-64.124117,56.689512],[-63.550626,55.226467],[-63.898582,54.601604],[-64.940627,54.929521],[-65.698,54.72281],[-66.587997,55.255439],[-67.808068,54.034027],[-66.889757,53.414941],[-67.302481,52.868082],[-66.373852,52.142375],[-65.18383,51.774363],[-64.361822,51.966967],[-60.460826,51.999927],[-57.100979,52.000082],[-57.100331,51.419013],[-55.684804,52.11168],[-56.059397,52.765692],[-55.746897,53.145738],[-56.036244,53.58043],[-57.15274,53.739936],[-57.356923,54.139472],[-58.186147,54.358588],[-59.007965,55.153673],[-60.287099,55.233385],[-60.354848,55.575141],[-61.345448,55.969306],[-61.83023,56.376899],[-61.889882,57.624986],[-62.661366,58.175849],[-62.578603,58.504218],[-64.147857,59.682847],[-64.531406,60.303901]]],[[[-52.628814,47.526679],[-53.113759,47.430569],[-53.846791,47.706773],[-53.639475,48.169338],[-54.041086,49.480862],[-55.22289,49.264553],[-55.938629,49.609687],[-56.148793,50.155707],[-56.738759,50.026801],[-55.491851,51.388373],[-56.720204,51.319322],[-57.456858,50.483059],[-58.703236,48.554511],[-59.398834,47.880316],[-59.111643,47.560777],[-58.097768,47.695217],[-56.777455,47.533393],[-55.968495,47.759833],[-55.250885,46.91885],[-54.866078,47.379584],[-54.013295,47.807196],[-53.572581,47.162055],[-52.941274,46.791327],[-52.628814,47.526679]]]]},"properties":{"featurecla":"Admin-1 states provinces","scalerank":2,"adm1_code":"CAN-686","diss_me":686,"iso_3166_2":"CA-NL","wikipedia":"http://en.wikipedia.org/wiki/Newfoundland_and_Labrador","iso_a2":"CA","adm0_sr":6,"name":"Newfoundland and Labrador","name_alt":"Newfoundland|Terre-Neuve|Terre-Neuve-et-Labrador","name_local":null,"type":"Province","type_en":"Province","code_local":null,"code_hasc":"CA.NF","note":null,"hasc_maybe":null,"region":"Eastern Canada","region_cod":null,"provnum_ne":6,"gadm_level":1,"check_me":20,"datarank":2,"abbrev":"N.L.","postal":"NL","area_sqkm":0,"sameascity":-99,"labelrank":2,"name_len":25,"mapcolor9":2,"mapcolor13":2,"fips":"CA05","fips_alt":null,"woe_id":2344919,"woe_label":"Newfoundland and Labrador, CA, Canada","woe_name":"Newfoundland and Labrador","latitude":48.6598,"longitude":-56.2169,"sov_a3":"CAN","adm0_a3":"CAN","adm0_label":2,"admin":"Canada","geonunit":"Canada","gu_a3":"CAN","gn_id":6354959,"gn_name":"Newfoundland and Labrador","gns_id":-570103,"gns_name":"Newfoundland and Labrador, Province of","gn_level":1,"gn_region":null,"gn_a1_code":"CA.05","region_sub":"Atlantic Canada","sub_code":null,"gns_level":1,"gns_lang":"eng","gns_adm1":"CA05","gns_region":null,"min_label":3.5,"max_label":7.5,"min_zoom":2,"wikidataid":"Q2003","name_ar":"نيوفندلاند ولابرادور","name_bn":"নিউফাউন্ডল্যান্ড ও লাব্রাডর","name_de":"Neufundland und Labrador","name_en":"Newfoundland and Labrador","name_es":"Terranova y Labrador","name_fr":"Terre-Neuve-et-Labrador","name_el":"Νέα Γη και Λαμπραντόρ","name_hi":"न्यूफाउंडलैंड और लैब्राडोर","name_hu":"Új-Fundland és Labrador","name_id":"Newfoundland dan Labrador","name_it":"Terranova e Labrador","name_ja":"ニューファンドランド・ラブラドール州","name_ko":"뉴펀들랜드래브라도","name_nl":"Newfoundland en Labrador","name_pl":"Nowa Fundlandia i Labrador","name_pt":"Terra Nova e Labrador","name_ru":"Ньюфаундленд и Лабрадор","name_sv":"Newfoundland och Labrador","name_tr":"Newfoundland ve Labrador","name_vi":"Newfoundland và Labrador","name_zh":"纽芬兰-拉布拉多","ne_id":1159308713,"name_he":"ניופאונדלנד ולברדור","name_uk":"Ньюфаундленд і Лабрадор","name_ur":"نیو فاؤنڈ لینڈ اور لیبراڈور","name_fa":"نیوفاندلند و لابرادور","name_zht":"紐芬蘭-拉布拉多","FCLASS_ISO":null,"FCLASS_US":null,"FCLASS_FR":null,"FCLASS_RU":null,"FCLASS_ES":null,"FCLASS_CN":null,"FCLASS_TW":null,"FCLASS_IN":null,"FCLASS_NP":null,"FCLASS_PK":null,"FCLASS_DE":null,"FCLASS_GB":null,"FCLASS_BR":null,"FCLASS_IL":null,"FCLASS_PS":null,"FCLASS_SA":null,"FCLASS_EG":null,"FCLASS_MA":null,"FCLASS_PT":null,"FCLASS_AR":null,"FCLASS_JP":null,"FCLASS_KO":null,"FCLASS_VN":null,"FCLASS_TR":null,"FCLASS_ID":null,"FCLASS_PL":null,"FCLASS_GR":null,"FCLASS_IT":null,"FCLASS_NL":null,"FCLASS_SE":null,"FCLASS_BD":null,"FCLASS_UA":null,"FCLASS_TLC":null}},
{"type":"Feature","geometry":{"type":"MultiPolygon","coordinates":[[[[-64.042725,45.991981],[-64.273423,45.83567],[-64.388051,45.367296],[-65.785878,44.696357],[-66.210317,44.105699],[-66.121693,43.743557],[-65.462636,43.527574],[-64.560943,44.079983],[-64.353912,44.456122],[-63.715891,44.456122],[-62.551503,44.86758],[-61.071156,45.223944],[-61.47053,45.683092],[-62.470448,45.614488],[-64.042725,45.991981]]],[[[-60.080881,45.792426],[-60.603261,47.033637],[-61.541127,46.040473],[-61.334869,45.56623],[-60.080881,45.792426]]]]},"properties":{"featurecla":"Admin-1 states provinces","scalerank":2,"adm1_code":"CAN-685","diss_me":685,"iso_3166_2":"CA-NS","wikipedia":"http://en.wikipedia.org/wiki/Nova_Scotia","iso_a2":"CA","adm0_sr":1,"name":"Nova Scotia","name_alt":"Acadia|Nouvelle-Écosse","name_local":null,"type":"Province","type_en":"Province","code_local":null,"code_hasc":"CA.NS","note":null,"hasc_maybe":null,"region":"Eastern Canada","region_cod":null,"provnum_ne":3,"gadm_level":1,"check_me":20,"datarank":2,"abbrev":"N.S.","postal":"NS","area_sqkm":0,"sameascity":-99,"labelrank":2,"name_len":11,"mapcolor9":2,"mapcolor13":2,"fips":"CA07","fips_alt":null,"woe_id":2344921,"woe_label":"Nova Scotia, CA, Canada","woe_name":"Nova Scotia","latitude":45.2293,"longitude":-62.8113,"sov_a3":"CAN","adm0_a3":"CAN","adm0_label":2,"admin":"Canada","geonunit":"Canada","gu_a3":"CAN","gn_id":6091530,"gn_name":"Nova Scotia","gns_id":-570447,"gns_name":"Nouvelle-Ecosse, Province de","gn_level":1,"gn_region":null,"gn_a1_code":"CA.07","region_sub":"Atlantic Canada","sub_code":null,"gns_level":1,"gns_lang":"fra","gns_adm1":"CA07","gns_region":null,"min_label":3.5,"max_label":7.5,"min_zoom":2,"wikidataid":"Q1952","name_ar":"نوفا سكوشا","name_bn":"নোভা স্কোশিয়া","name_de":"Nova Scotia","name_en":"Nova Scotia","name_es":"Nueva Escocia","name_fr":"Nouvelle-Écosse","name_el":"Νέα Σκωτία","name_hi":"नोवा स्कॉटिया","name_hu":"Új-Skócia","name_id":"Nova Scotia","name_it":"Nuova Scozia","name_ja":"ノバスコシア州","name_ko":"노바스코샤","name_nl":"Nova Scotia","name_pl":"Nowa Szkocja","name_pt":"Nova Escócia","name_ru":"Новая Шотландия","name_sv":"Nova Scotia","name_tr":"Yeni İskoçya","name_vi":"Nova Scotia","name_zh":"新斯科舍","ne_id":1159309585,"name_he":"נובה סקוטיה","name_uk":"Нова Шотландія","name_ur":"نووا سکوشیا","name_fa":"نوا اسکوشیا","name_zht":"新斯科舍","FCLASS_ISO":null,"FCLASS_US":null,"FCLASS_FR":null,"FCLASS_RU":null,"FCLASS_ES":null,"FCLASS_CN":null,"FCLASS_TW":null,"FCLASS_IN":null,"FCLASS_NP":null,"FCLASS_PK":null,"FCLASS_DE":null,"FCLASS_GB":null,"FCLASS_BR":null,"FCLASS_IL":null,"FCLASS_PS":null,"FCLASS_SA":null,"FCLASS_EG":null,"FCLASS_MA":null,"FCLASS_PT":null,"FCLASS_AR":null,"FCLASS_JP":null,"FCLASS_KO":null,"FCLASS_VN":null,"FCLASS_TR":null,"FCLASS_ID":null,"FCLASS_PL":null,"FCLASS_GR":null,"FCLASS_IT":null,"FCLASS_NL":null,"FCLASS_SE":null,"FCLASS_BD":null,"FCLASS_UA":null,"FCLASS_TLC":null}},
{"type":"Feature","geometry":{"type":"Polygon","coordinates":[[[87.477387,21.613593],[86.686523,22.218024],[86.039844,22.556737],[85.974112,22.104594],[84.908337,22.421965],[83.970203,22.539348],[83.605367,22.195984],[83.198261,21.172558],[82.668164,21.155479],[81.939629,20.104665],[82.224987,19.015196],[81.39403,17.806691],[81.758969,17.908933],[82.32989,18.044041],[83.612809,19.129789],[84.317779,18.80924],[84.777761,19.116197],[85.549164,19.690619],[86.268565,19.910346],[87.003591,20.65705],[86.917654,21.327379],[87.477387,21.613593]]]},"properties":{"featurecla":"Admin-1 states provinces","scalerank":2,"adm1_code":"IND-2444","diss_me":2444,"iso_3166_2":"IN-OR","wikipedia":null,"iso_a2":"IN","adm0_sr":1,"name":"Odisha","name_alt":"Orissa","name_local":null,"type":"State","type_en":"State","code_local":null,"code_hasc":"IN.OR","note":null,"hasc_maybe":null,"region":"East","region_cod":null,"provnum_ne":20042,"gadm_level":1,"check_me":20,"datarank":1,"abbrev":null,"postal":"OR","area_sqkm":0,"sameascity":-99,"labelrank":2,"name_len":6,"mapcolor9":2,"mapcolor13":2,"fips":"IN21","fips_alt":null,"woe_id":2345755,"woe_label":"Orissa, IN, India","woe_name":"Orissa","latitude":20.625,"longitude":84.4341,"sov_a3":"IND","adm0_a3":"IND","adm0_label":2,"admin":"India","geonunit":"India","gu_a3":"IND","gn_id":1261029,"gn_name":"State of Odisha","gns_id":-2106554,"gns_name":"Odisha, State of","gn_level":1,"gn_region":null,"gn_a1_code":"IN.21","region_sub":null,"sub_code":null,"gns_level":1,"gns_lang":"nld","gns_adm1":"IN21","gns_region":null,"min_label":4.6,"max_label":10.1,"min_zoom":4.6,"wikidataid":"Q22048","name_ar":"أوديشا","name_bn":"ওড়িশা","name_de":"Odisha","name_en":"Odisha","name_es":"Orissa","name_fr":"Odisha","name_el":"Ορίσα","name_hi":"ओडिशा","name_hu":"Orisza","name_id":"Orissa","name_it":"Orissa","name_ja":"オリッサ州","name_ko":"오디샤","name_nl":"Odisha","name_pl":"Orisa","name_pt":"Orissa","name_ru":"Одиша","name_sv":"Orissa","name_tr":"Orissa","name_vi":"Orissa","name_zh":"奥里萨邦","ne_id":1159311885,"name_he":"אודישה","name_uk":"Орісса","name_ur":"اڑیسہ","name_fa":"اوریسا","name_zht":"奧里薩邦","FCLASS_ISO":null,"FCLASS_US":null,"FCLASS_FR":null,"FCLASS_RU":null,"FCLASS_ES":null,"FCLASS_CN":null,"FCLASS_TW":null,"FCLASS_IN":null,"FCLASS_NP":null,"FCLASS_PK":null,"FCLASS_DE":null,"FCLASS_GB":null,"FCLASS_BR":null,"FCLASS_IL":null,"FCLASS_PS":null,"FCLASS_SA":null,"FCLASS_EG":null,"FCLASS_MA":null,"FCLASS_PT":null,"FCLASS_AR":null,"FCLASS_JP":null,"FCLASS_KO":null,"FCLASS_VN":null,"FCLASS_TR":null,"FCLASS_ID":null,"FCLASS_PL":null,"FCLASS_GR":null,"FCLASS_IT":null,"FCLASS_NL":null,"FCLASS_SE":null,"FCLASS_BD":null,"FCLASS_UA":null,"FCLASS_TLC":null}},
{"type":"Feature","geometry":{"type":"Polygon","coordinates":[[[117.837159,38.270908],[117.420616,37.846682],[116.839515,37.83366],[115.97502,37.321702],[115.275734,36.474208],[115.460322,36.157871],[115.1745,34.944172],[115.541713,34.577528],[116.151288,34.566728],[116.377217,34.63954],[116.827629,34.958306],[117.181819,34.450146],[118.759449,34.748629],[119.280284,35.076606],[119.64796,35.58393],[120.696788,36.143988],[120.75058,36.459174],[122.039643,36.984605],[122.129893,37.483466],[121.476899,37.468004],[120.738048,37.83397],[119.441173,37.120551],[118.972423,37.280666],[119.243083,37.769482],[117.837159,38.270908]]]},"properties":{"featurecla":"Admin-1 states provinces","scalerank":2,"adm1_code":"CHN-1814","diss_me":1814,"iso_3166_2":"CN-SD","wikipedia":null,"iso_a2":"CN","adm0_sr":6,"name":"Shandong","name_alt":"Shāndōng","name_local":"山東|山东","type":"Shěng","type_en":"Province","code_local":null,"code_hasc":"CN.SD","note":null,"hasc_maybe":null,"region":"East China","region_cod":"3","provnum_ne":10,"gadm_level":1,"check_me":20,"datarank":1,"abbrev":null,"postal":"SD","area_sqkm":0,"sameascity":-99,"labelrank":2,"name_len":8,"mapcolor9":4,"mapcolor13":3,"fips":"CH25","fips_alt":null,"woe_id":12578014,"woe_label":"Shandong, CN, China","woe_name":"Shandong","latitude":36.3271,"longitude":118.114,"sov_a3":"CH1","adm0_a3":"CHN","adm0_label":2,"admin":"China","geonunit":"China","gu_a3":"CHN","gn_id":1796328,"gn_name":"Shandong Sheng","gns_id":-1924356,"gns_name":"Shandong Sheng","gn_level":1,"gn_region":null,"gn_a1_code":"CN.25","region_sub":null,"sub_code":null,"gns_level":1,"gns_lang":"zho","gns_adm1":"CH25","gns_region":null,"min_label":4.6,"max_label":10.1,"min_zoom":4.6,"wikidataid":"Q43407","name_ar":"شاندونغ","name_bn":"শানতুং","name_de":"Shandong","name_en":"Shandong","name_es":"Shandong","name_fr":"Shandong","name_el":"Σαντόνγκ","name_hi":"शानदोंग","name_hu":"Santung","name_id":"Shandong","name_it":"Shandong","name_ja":"山東省","name_ko":"산둥성","name_nl":"Shandong","name_pl":"Szantung","name_pt":"Shandong","name_ru":"Шаньдун","name_sv":"Shandong","name_tr":"Şantung","name_vi":"Sơn Đông","name_zh":"山东省","ne_id":1159312031,"name_he":"שאנדונג","name_uk":"Шаньдун","name_ur":"شانڈونگ","name_fa":"شاندونگ","name_zht":"山東省","FCLASS_ISO":null,"FCLASS_US":null,"FCLASS_FR":null,"FCLASS_RU":null,"FCLASS_ES":null,"FCLASS_CN":null,"FCLASS_TW":null,"FCLASS_IN":null,"FCLASS_NP":null,"FCLASS_PK":null,"FCLASS_DE":null,"FCLASS_GB":null,"FCLASS_BR":null,"FCLASS_IL":null,"FCLASS_PS":null,"FCLASS_SA":null,"FCLASS_EG":null,"FCLASS_MA":null,"FCLASS_PT":null,"FCLASS_AR":null,"FCLASS_JP":null,"FCLASS_KO":null,"FCLASS_VN":null,"FCLASS_TR":null,"FCLASS_ID":null,"FCLASS_PL":null,"FCLASS_GR":null,"FCLASS_IT":null,"FCLASS_NL":null,"FCLASS_SE":null,"FCLASS_BD":null,"FCLASS_UA":null,"FCLASS_TLC":null}},
{"type":"Feature","geometry":{"type":"Polygon","coordinates":[[[117.543549,38.621324],[116.71084,38.820525],[116.793419,39.602312],[115.463423,39.643214],[115.728161,40.539593],[116.675804,40.940137],[117.356796,40.257026],[117.630887,39.575879],[118.009563,39.218552],[118.940196,39.138861],[119.33961,39.715562],[119.85019,39.986314],[119.563689,40.540058],[118.854689,40.820609],[119.230997,41.273398],[118.478433,41.355099],[117.80049,42.568823],[116.887109,42.395371],[116.858118,42.019503],[115.858799,41.927467],[114.888988,41.610044],[114.596344,42.141278],[113.927961,41.418351],[114.154097,40.742578],[114.393979,39.169341],[113.85334,39.072292],[113.534497,38.537286],[114.100405,37.69819],[113.453933,36.736621],[113.721049,36.355869],[114.548388,36.139035],[115.460322,36.157871],[115.275734,36.474208],[115.97502,37.321702],[116.839515,37.83366],[117.420616,37.846682],[117.837159,38.270908],[117.543549,38.621324]]]},"properties":{"featurecla":"Admin-1 states provinces","scalerank":2,"adm1_code":"CHN-1811","diss_me":1811,"iso_3166_2":"CN-HE","wikipedia":null,"iso_a2":"CN","adm0_sr":1,"name":"Hebei","name_alt":"Héběi","name_local":"河北","type":"Shěng","type_en":"Province","code_local":null,"code_hasc":"CN.HB","note":null,"hasc_maybe":null,"region":"North China","region_cod":"1","provnum_ne":44,"gadm_level":1,"check_me":20,"datarank":1,"abbrev":null,"postal":"HB","area_sqkm":0,"sameascity":-99,"labelrank":2,"name_len":5,"mapcolor9":4,"mapcolor13":3,"fips":"CH10","fips_alt":null,"woe_id":12578000,"woe_label":"Hebei, CN, China","woe_name":"Hebei","latitude":38.5205,"longitude":115.314,"sov_a3":"CH1","adm0_a3":"CHN","adm0_label":2,"admin":"China","geonunit":"China","gu_a3":"CHN","gn_id":1808773,"gn_name":"Hebei Sheng","gns_id":-1908578,"gns_name":"Hebei Sheng","gn_level":1,"gn_region":null,"gn_a1_code":"CN.10","region_sub":null,"sub_code":null,"gns_level":1,"gns_lang":"zho","gns_adm1":"CH10","gns_region":null,"min_label":4.6,"max_label":10.1,"min_zoom":4.6,"wikidataid":"Q21208","name_ar":"خبي","name_bn":"হপেই","name_de":"Hebei","name_en":"Hebei","name_es":"Hebei","name_fr":"Hebei","name_el":"Χεμπέι","name_hi":"हेबेई","name_hu":"Hopej","name_id":"Hebei","name_it":"Hebei","name_ja":"河北省","name_ko":"허베이성","name_nl":"Hebei","name_pl":"Hebei","name_pt":"Hebei","name_ru":"Хэбэй","name_sv":"Hebei","name_tr":"Hebei","name_vi":"Hà Bắc","name_zh":"河北省","ne_id":1159312747,"name_he":"חביי","name_uk":"Хебей","name_ur":"ہیبئی","name_fa":"هبئی","name_zht":"河北省","FCLASS_ISO":null,"FCLASS_US":null,"FCLASS_FR":null,"FCLASS_RU":null,"FCLASS_ES":null,"FCLASS_CN":null,"FCLASS_TW":null,"FCLASS_IN":null,"FCLASS_NP":null,"FCLASS_PK":null,"FCLASS_DE":null,"FCLASS_GB":null,"FCLASS_BR":null,"FCLASS_IL":null,"FCLASS_PS":null,"FCLASS_SA":null,"FCLASS_EG":null,"FCLASS_MA":null,"FCLASS_PT":null,"FCLASS_AR":null,"FCLASS_JP":null,"FCLASS_KO":null,"FCLASS_VN":null,"FCLASS_TR":null,"FCLASS_ID":null,"FCLASS_PL":null,"FCLASS_GR":null,"FCLASS_IT":null,"FCLASS_NL":null,"FCLASS_SE":null,"FCLASS_BD":null,"FCLASS_UA":null,"FCLASS_TLC":null}},
{"type":"Feature","geometry":{"type":"Polygon","coordinates":[[[118.009563,39.218552],[117.630887,39.575879],[117.356796,40.257026],[117.239077,40.092618],[116.875636,39.686467],[116.793419,39.602312],[116.71084,38.820525],[117.543549,38.621324],[118.009563,39.218552]]]},"properties":{"featurecla":"Admin-1 states provinces","scalerank":2,"adm1_code":"CHN-1816","diss_me":1816,"iso_3166_2":"CN-TJ","wikipedia":null,"iso_a2":"CN","adm0_sr":1,"name":"Tianjin","name_alt":"Tiānjīn","name_local":"天津|天津","type":"Zhíxiáshì","type_en":"Municipality","code_local":null,"code_hasc":"CN.TJ","note":null,"hasc_maybe":null,"region":"North China","region_cod":"1","provnum_ne":46,"gadm_level":1,"check_me":20,"datarank":1,"abbrev":null,"postal":"TJ","area_sqkm":0,"sameascity":7,"labelrank":7,"name_len":7,"mapcolor9":4,"mapcolor13":3,"fips":"CH28","fips_alt":null,"woe_id":12578017,"woe_label":"Tianjin, CN, China","woe_name":"Tianjin","latitude":39.3708,"longitude":117.347,"sov_a3":"CH1","adm0_a3":"CHN","adm0_label":2,"admin":"China","geonunit":"China","gu_a3":"CHN","gn_id":1792943,"gn_name":"Tianjin Shi","gns_id":-1928568,"gns_name":"Tianjin Shi","gn_level":1,"gn_region":null,"gn_a1_code":"CN.28","region_sub":null,"sub_code":null,"gns_level":1,"gns_lang":"zho","gns_adm1":"CH28","gns_region":null,"min_label":4.6,"max_label":10.1,"min_zoom":4.6,"wikidataid":"Q11736","name_ar":"تيانجين","name_bn":"থিয়েনচিন","name_de":"Tianjin","name_en":"Tianjin","name_es":"Tianjin","name_fr":"Tianjin","name_el":"Τιεντσίν","name_hi":"तिआंजिन","name_hu":"Tiencsin","name_id":"Tianjin","name_it":"Tientsin","name_ja":"天津市","name_ko":"톈진시","name_nl":"Tianjin","name_pl":"Tiencin","name_pt":"Tianjin","name_ru":"Тяньцзинь","name_sv":"Tianjin","name_tr":"Tientsin","name_vi":"Thiên Tân","name_zh":"天津市","ne_id":1159312751,"name_he":"טיינג'ין","name_uk":"Тяньцзінь","name_ur":"تیانجین","name_fa":"تیانجین","name_zht":"天津市","FCLASS_ISO":null,"FCLASS_US":null,"FCLASS_FR":null,"FCLASS_RU":null,"FCLASS_ES":null,"FCLASS_CN":null,"FCLASS_TW":null,"FCLASS_IN":null,"FCLASS_NP":null,"FCLASS_PK":null,"FCLASS_DE":null,"FCLASS_GB":null,"FCLASS_BR":null,"FCLASS_IL":null,"FCLASS_PS":null,"FCLASS_SA":null,"FCLASS_EG":null,"FCLASS_MA":null,"FCLASS_PT":null,"FCLASS_AR":null,"FCLASS_JP":null,"FCLASS_KO":null,"FCLASS_VN":null,"FCLASS_TR":null,"FCLASS_ID":null,"FCLASS_PL":null,"FCLASS_GR":null,"FCLASS_IT":null,"FCLASS_NL":null,"FCLASS_SE":null,"FCLASS_BD":null,"FCLASS_UA":null,"FCLASS_TLC":null}},
{"type":"Feature","geometry":{"type":"Polygon","coordinates":[[[146.886567,59.364732],[148.393728,59.379299],[149.597725,59.758205],[151.637576,59.48248],[151.359093,58.855993],[153.369151,59.241278],[154.048676,59.052802],[154.22077,59.86962],[155.920739,60.754794],[156.679463,61.524017],[157.464509,61.782105],[159.359874,61.893012],[160.000141,61.106118],[160.828489,60.754661],[162.510459,61.65836],[162.767874,62.50311],[162.379887,63.118938],[162.95701,63.491112],[162.794229,64.148023],[163.136947,64.770207],[161.784471,64.838084],[161.281143,65.140675],[158.9217,65.743016],[158.52896,66.359387],[157.124394,65.91515],[155.752178,66.176891],[154.220489,66.068939],[152.688179,65.233435],[152.331302,64.510068],[150.631044,64.331112],[149.816416,64.567274],[148.630546,64.418652],[147.955135,63.944288],[146.498686,64.20882],[145.252147,63.179555],[145.176906,62.285811],[144.745098,62.046885],[146.21891,61.90294],[146.74725,61.222878],[146.464373,60.708749],[145.620187,60.557338],[147.140921,59.848595],[146.886567,59.364732]]]},"properties":{"featurecla":"Admin-1 states provinces","scalerank":2,"adm1_code":"RUS-2615","diss_me":2615,"iso_3166_2":"RU-MAG","wikipedia":null,"iso_a2":"RU","adm0_sr":5,"name":"Maga Buryatdan","name_alt":"Magadanskaya Oblast","name_local":"Магаданская область","type":"Oblast","type_en":"Region","code_local":null,"code_hasc":"RU.MG","note":null,"hasc_maybe":null,"region":"Far Eastern","region_cod":null,"provnum_ne":20022,"gadm_level":1,"check_me":20,"datarank":2,"abbrev":null,"postal":"MG","area_sqkm":0,"sameascity":-99,"labelrank":2,"name_len":14,"mapcolor9":7,"mapcolor13":7,"fips":"RS44","fips_alt":null,"woe_id":20070512,"woe_label":"Magadanskaya Oblast, RU, Russia","woe_name":"Maga Buryatdan","latitude":62.6257,"longitude":153.797,"sov_a3":"RUS","adm0_a3":"RUS","adm0_label":2,"admin":"Russia","geonunit":"Russia","gu_a3":"RUS","gn_id":2123627,"gn_name":"Magadanskaya Oblast'","gns_id":-2950072,"gns_name":"Magadanskaya Oblast'","gn_level":1,"gn_region":null,"gn_a1_code":"RU.44","region_sub":"Far Eastern","sub_code":null,"gns_level":1,"gns_lang":"rus","gns_adm1":"RS44","gns_region":null,"min_label":5,"max_label":10.2,"min_zoom":4.7,"wikidataid":"Q7971","name_ar":"ماغادان أوبلاست","name_bn":"মাগাদান ওব্লাস্ট","name_de":"Magadan","name_en":"Magadan","name_es":"Magadán","name_fr":"Magadan","name_el":"Όμπλαστ του Μαγκαντάν","name_hi":"मागादान ओब्लास्त","name_hu":"Magadani terület","name_id":"Magadan","name_it":"Magadan","name_ja":"マガダン州","name_ko":"마가단","name_nl":"Magadan","name_pl":"magadański","name_pt":"Magadan","name_ru":"Магаданская область","name_sv":"Magadan","name_tr":"Magadan Oblastı","name_vi":"Magadan","name_zh":"马加丹州","ne_id":1159313599,"name_he":"מחוז מגדן","name_uk":"Магаданська область","name_ur":"ماگادان اوبلاست","name_fa":"استان ماگادان","name_zht":"馬加丹州","FCLASS_ISO":null,"FCLASS_US":null,"FCLASS_FR":null,"FCLASS_RU":null,"FCLASS_ES":null,"FCLASS_CN":null,"FCLASS_TW":null,"FCLASS_IN":null,"FCLASS_NP":null,"FCLASS_PK":null,"FCLASS_DE":null,"FCLASS_GB":null,"FCLASS_BR":null,"FCLASS_IL":null,"FCLASS_PS":null,"FCLASS_SA":null,"FCLASS_EG":null,"FCLASS_MA":null,"FCLASS_PT":null,"FCLASS_AR":null,"FCLASS_JP":null,"FCLASS_KO":null,"FCLASS_VN":null,"FCLASS_TR":null,"FCLASS_ID":null,"FCLASS_PL":null,"FCLASS_GR":null,"FCLASS_IT":null,"FCLASS_NL":null,"FCLASS_SE":null,"FCLASS_BD":null,"FCLASS_UA":null,"FCLASS_TLC":null}},
{"type":"Feature","geometry":null,"properties":{"featurecla":"Admin-1 states provinces","scalerank":2,"adm1_code":"IND-2445","diss_me":2445,"iso_3166_2":"IN-DH","wikipedia":null,"iso_a2":"IN","adm0_sr":1,"name":"Dadra and Nagar Haveli and Daman and Diu","name_alt":"DAdra et Nagar Haveli|Dadra e Nagar Haveli|Dadra and Nagar Haveli","name_local":null,"type":"Union Territory","type_en":"Union Territory","code_local":null,"code_hasc":"IN.DH","note":null,"hasc_maybe":null,"region":"West","region_cod":null,"provnum_ne":20059,"gadm_level":1,"check_me":20,"datarank":1,"abbrev":null,"postal":"DH","area_sqkm":0,"sameascity":9,"labelrank":9,"name_len":22,"mapcolor9":2,"mapcolor13":2,"fips":"IN52","fips_alt":null,"woe_id":20070457,"woe_label":"Dadra and Nagar Haveli, IN, India","woe_name":"Dadra and Nagar Haveli","latitude":20.1841,"longitude":73.029,"sov_a3":"IND","adm0_a3":"IND","adm0_label":2,"admin":"India","geonunit":"India","gu_a3":"IND","gn_id":1273726,"gn_name":"Union Territory of Dadra and Nagar Haveli","gns_id":-2093794,"gns_name":"Dadra and Nagar Haveli, Union Territory of","gn_level":1,"gn_region":null,"gn_a1_code":"IN.06","region_sub":null,"sub_code":null,"gns_level":1,"gns_lang":"nld","gns_adm1":"IN06","gns_region":null,"min_label":4.6,"max_label":10.1,"min_zoom":4.6,"wikidataid":"Q77997266","name_ar":"دادرا وناجار هافيلي ودَمـَن وديو","name_bn":"দাদরা ও নগর হাভেলি এবং দমন ও দিউ","name_de":"Dadra und Nagar Haveli und Daman und Diu","name_en":"Dadra and Nagar Haveli and Daman and Diu","name_es":"Dadra y Nagar Haveli y Damán y Diu","name_fr":"Dadra et Nagar Haveli et Daman et Diu","name_el":"Ντάντρα και Ναγκάρ Χαβέλι και Ντάμαν και Ντιου","name_hi":"दादरा और नगर हवेली और दमन और दीव","name_hu":"Dadra és Nagar Haveli és Daman és Diu","name_id":"Dadra & Nagar Haveli dan Daman & Diu","name_it":"Dadra e Nagar Haveli e Daman e Diu","name_ja":"ダードラー・ナガル・ハヴェーリーおよびダマン・ディーウ連邦直轄領","name_ko":"다드라 나가르하벨리 다만 디우","name_nl":"Dadra en Nagar Haveli en Daman en Diu","name_pl":"Dadra i Nagar Haveli oraz Daman i Diu","name_pt":"Dadrá e Nagar Aveli e Damão e Diu","name_ru":"Дадра и Нагар-Хавели и Даман и Диу","name_sv":"Dadra och Nagar Haveli och Daman och Diu","name_tr":"Dadra ve Nagar Haveli ve Daman ve Diu","name_vi":"Dadra và Nagar Haveli và Daman và Diu","name_zh":"達德拉-納加爾哈維利和達曼-第烏","ne_id":1159311887,"name_he":"דדרה ונגר האבלי ודמן ודיו","name_uk":"Дадра і Нагар Хавелі та Даман і Діу","name_ur":"دادرا و نگر حویلی و دمن و دیو","name_fa":"دادرا و نگر حویلی و دامان و دیو","name_zht":"達德拉-納加爾哈維利和達曼-第烏","FCLASS_ISO":null,"FCLASS_US":null,"FCLASS_FR":null,"FCLASS_RU":null,"FCLASS_ES":null,"FCLASS_CN":null,"FCLASS_TW":null,"FCLASS_IN":null,"FCLASS_NP":null,"FCLASS_PK":null,"FCLASS_DE":null,"FCLASS_GB":null,"FCLASS_BR":null,"FCLASS_IL":null,"FCLASS_PS":null,"FCLASS_SA":null,"FCLASS_EG":null,"FCLASS_MA":null,"FCLASS_PT":null,"FCLASS_AR":null,"FCLASS_JP":null,"FCLASS_KO":null,"FCLASS_VN":null,"FCLASS_TR":null,"FCLASS_ID":null,"FCLASS_PL":null,"FCLASS_GR":null,"FCLASS_IT":null,"FCLASS_NL":null,"FCLASS_SE":null,"FCLASS_BD":null,"FCLASS_UA":null,"FCLASS_TLC":null}},
{"type":"Feature","geometry":{"type":"Polygon","coordinates":[[[73.700857,15.723212],[74.100625,15.640286],[74.469594,16.109792],[74.292448,16.528371],[76.210367,17.388913],[76.892909,18.144293],[77.551163,18.307875],[78.383567,19.684535],[79.197731,19.461883],[79.93107,19.482532],[79.960319,18.867117],[80.270377,18.71369],[80.575992,19.391969],[80.679034,21.351152],[80.186661,21.63948],[79.413065,21.689813],[78.696003,21.474762],[78.413333,21.606304],[77.578035,21.384457],[77.332985,21.774459],[76.79369,21.577004],[76.614063,21.202479],[75.31192,21.38146],[74.12884,21.951761],[73.809376,21.836471],[73.695171,21.122639],[73.166315,20.114871],[72.947207,20.127402],[72.708102,20.072644],[72.650076,19.841986],[73.234711,17.302314],[73.447032,16.068915],[73.700857,15.723212]]]},"properties":{"featurecla":"Admin-1 states provinces","scalerank":2,"adm1_code":"IND-2447","diss_me":2447,"iso_3166_2":"IN-MH","wikipedia":null,"iso_a2":"IN","adm0_sr":1,"name":"Maharashtra","name_alt":null,"name_local":null,"type":"State","type_en":"State","code_local":null,"code_hasc":"IN.MH","note":null,"hasc_maybe":"IN.MP|IND-MHR","region":"West","region_cod":null,"provnum_ne":20055,"gadm_level":1,"check_me":20,"datarank":1,"abbrev":null,"postal":"MH","area_sqkm":0,"sameascity":-99,"labelrank":2,"name_len":11,"mapcolor9":2,"mapcolor13":2,"fips":"IN16","fips_alt":"IN35","woe_id":2345750,"woe_label":"Maharashtra, IN, India","woe_name":"Maharashtra","latitude":19.4723,"longitude":75.4647,"sov_a3":"IND","adm0_a3":"IND","adm0_label":2,"admin":"India","geonunit":"India","gu_a3":"IND","gn_id":1264418,"gn_name":"State of Maharashtra","gns_id":-2103151,"gns_name":"Maharashtra, State of","gn_level":1,"gn_region":null,"gn_a1_code":"IN.16","region_sub":null,"sub_code":null,"gns_level":1,"gns_lang":"nld","gns_adm1":"IN16","gns_region":null,"min_label":4.6,"max_label":10.1,"min_zoom":4.6,"wikidataid":"Q1191","name_ar":"ماهاراشترا","name_bn":"মহারাষ্ট্র","name_de":"Maharashtra","name_en":"Maharashtra","name_es":"Maharashtra","name_fr":"Maharashtra","name_el":"Μαχαράστρα","name_hi":"महाराष्ट्र","name_hu":"Mahárástra","name_id":"Maharashtra","name_it":"Maharashtra","name_ja":"マハーラーシュトラ州","name_ko":"마하라슈트라","name_nl":"Maharashtra","name_pl":"Maharasztra","name_pt":"Maharashtra","name_ru":"Махараштра","name_sv":"Maharashtra","name_tr":"Maharaştra","name_vi":"Maharashtra","name_zh":"马哈拉施特拉邦","ne_id":1159311891,"name_he":"מהאראשטרה","name_uk":"Махараштра","name_ur":"مہاراشٹر","name_fa":"مهاراشترا","name_zht":"馬哈拉什特拉邦","FCLASS_ISO":null,"FCLASS_US":null,"FCLASS_FR":null,"FCLASS_RU":null,"FCLASS_ES":null,"FCLASS_CN":null,"FCLASS_TW":null,"FCLASS_IN":null,"FCLASS_NP":null,"FCLASS_PK":null,"FCLASS_DE":null,"FCLASS_GB":null,"FCLASS_BR":null,"FCLASS_IL":null,"FCLASS_PS":null,"FCLASS_SA":null,"FCLASS_EG":null,"FCLASS_MA":null,"FCLASS_PT":null,"FCLASS_AR":null,"FCLASS_JP":null,"FCLASS_KO":null,"FCLASS_VN":null,"FCLASS_TR":null,"FCLASS_ID":null,"FCLASS_PL":null,"FCLASS_GR":null,"FCLASS_IT":null,"FCLASS_NL":null,"FCLASS_SE":null,"FCLASS_BD":null,"FCLASS_UA":null,"FCLASS_TLC":null}},
{"type":"Feature","geometry":{"type":"Polygon","coordinates":[[[74.091156,14.8876],[74.30423,15.28917],[74.100625,15.640286],[73.700857,15.723212],[74.091156,14.8876]]]},"properties":{"featurecla":"Admin-1 states provinces","scalerank":2,"adm1_code":"IND-3265","diss_me":3265,"iso_3166_2":"IN-GA","wikipedia":null,"iso_a2":"IN","adm0_sr":1,"name":"Goa","name_alt":"Gôa","name_local":null,"type":"State","type_en":"State","code_local":null,"code_hasc":"IN.GA","note":null,"hasc_maybe":null,"region":"West","region_cod":null,"provnum_ne":20051,"gadm_level":1,"check_me":20,"datarank":1,"abbrev":null,"postal":"GA","area_sqkm":0,"sameascity":-99,"labelrank":2,"name_len":3,"mapcolor9":2,"mapcolor13":2,"fips":"IN08","fips_alt":"IN33","woe_id":2345764,"woe_label":"Goa, IN, India","woe_name":"Goa","latitude":15.3133,"longitude":73.9951,"sov_a3":"IND","adm0_a3":"IND","adm0_label":2,"admin":"India","geonunit":"India","gu_a3":"IND","gn_id":1271157,"gn_name":"State of Goa","gns_id":-2096380,"gns_name":"Goa, State of","gn_level":1,"gn_region":null,"gn_a1_code":"IN.33","region_sub":null,"sub_code":null,"gns_level":1,"gns_lang":"nld","gns_adm1":"IN33","gns_region":null,"min_label":4.6,"max_label":10.1,"min_zoom":4.6,"wikidataid":"Q1171","name_ar":"غوا","name_bn":"গোয়া","name_de":"Goa","name_en":"Goa","name_es":"Goa","name_fr":"Goa","name_el":"Γκόα","name_hi":"गोआ","name_hu":"Goa","name_id":"Goa","name_it":"Goa","name_ja":"ゴア州","name_ko":"고아","name_nl":"Goa","name_pl":"Goa","name_pt":"Goa","name_ru":"Гоа","name_sv":"Goa","name_tr":"Goa","name_vi":"Goa","name_zh":"果阿邦","ne_id":1159314181,"name_he":"גואה","name_uk":"Гоа","name_ur":"گوا","name_fa":"گوا","name_zht":"果阿邦","FCLASS_ISO":null,"FCLASS_US":null,"FCLASS_FR":null,"FCLASS_RU":null,"FCLASS_ES":null,"FCLASS_CN":null,"FCLASS_TW":null,"FCLASS_IN":null,"FCLASS_NP":null,"FCLASS_PK":null,"FCLASS_DE":null,"FCLASS_GB":null,"FCLASS_BR":null,"FCLASS_IL":null,"FCLASS_PS":null,"FCLASS_SA":null,"FCLASS_EG":null,"FCLASS_MA":null,"FCLASS_PT":null,"FCLASS_AR":null,"FCLASS_JP":null,"FCLASS_KO":null,"FCLASS_VN":null,"FCLASS_TR":null,"FCLASS_ID":null,"FCLASS_PL":null,"FCLASS_GR":null,"FCLASS_IT":null,"FCLASS_NL":null,"FCLASS_SE":null,"FCLASS_BD":null,"FCLASS_UA":null,"FCLASS_TLC":null}},
{"type":"Feature","geometry":{"type":"Polygon","coordinates":[[[74.854259,12.765286],[75.846048,11.951105],[76.415936,11.666833],[77.433858,11.811527],[77.609351,12.672793],[78.229572,12.759893],[78.516479,13.089098],[78.374679,13.579637],[77.878792,13.916619],[77.44254,13.701955],[77.256814,14.333957],[76.908205,14.257864],[76.822216,14.920976],[77.12814,15.132255],[77.034089,15.873734],[77.446467,15.95298],[77.411534,17.630785],[77.551163,18.307875],[76.892909,18.144293],[76.210367,17.388913],[74.292448,16.528371],[74.469594,16.109792],[74.100625,15.640286],[74.30423,15.28917],[74.091156,14.8876],[74.614594,13.835517],[74.854259,12.765286]]]},"properties":{"featurecla":"Admin-1 states provinces","scalerank":2,"adm1_code":"IND-2446","diss_me":2446,"iso_3166_2":"IN-KA","wikipedia":null,"iso_a2":"IN","adm0_sr":1,"name":"Karnataka","name_alt":"Maisur|Mysore","name_local":null,"type":"State","type_en":"State","code_local":null,"code_hasc":"IN.KA","note":null,"hasc_maybe":null,"region":"South","region_cod":null,"provnum_ne":20043,"gadm_level":1,"check_me":20,"datarank":1,"abbrev":null,"postal":"KA","area_sqkm":0,"sameascity":-99,"labelrank":2,"name_len":9,"mapcolor9":2,"mapcolor13":2,"fips":"IN19","fips_alt":null,"woe_id":2345753,"woe_label":"Karnataka, IN, India","woe_name":"Karnataka","latitude":14.3681,"longitude":75.667,"sov_a3":"IND","adm0_a3":"IND","adm0_label":2,"admin":"India","geonunit":"India","gu_a3":"IND","gn_id":1267701,"gn_name":"State of Karnataka","gns_id":-2099860,"gns_name":"Karnataka, State of","gn_level":1,"gn_region":null,"gn_a1_code":"IN.19","region_sub":null,"sub_code":null,"gns_level":1,"gns_lang":"nld","gns_adm1":"IN19","gns_region":null,"min_label":4.6,"max_label":10.1,"min_zoom":4.6,"wikidataid":"Q1185","name_ar":"كارناتاكا","name_bn":"কর্ণাটক","name_de":"Karnataka","name_en":"Karnataka","name_es":"Karnataka","name_fr":"Karnataka","name_el":"Καρνάτακα","name_hi":"कर्नाटक","name_hu":"Karnátaka","name_id":"Karnataka","name_it":"Karnataka","name_ja":"カルナータカ州","name_ko":"카르나타카","name_nl":"Karnataka","name_pl":"Karnataka","name_pt":"Carnataca","name_ru":"Карнатака","name_sv":"Karnataka","name_tr":"Karnataka","name_vi":"Karnataka","name_zh":"卡纳塔克邦","ne_id":1159311889,"name_he":"קרנאטקה","name_uk":"Карнатака","name_ur":"کرناٹک","name_fa":"کارناتاکا","name_zht":"卡納塔克邦","FCLASS_ISO":null,"FCLASS_US":null,"FCLASS_FR":null,"FCLASS_RU":null,"FCLASS_ES":null,"FCLASS_CN":null,"FCLASS_TW":null,"FCLASS_IN":null,"FCLASS_NP":null,"FCLASS_PK":null,"FCLASS_DE":null,"FCLASS_GB":null,"FCLASS_BR":null,"FCLASS_IL":null,"FCLASS_PS":null,"FCLASS_SA":null,"FCLASS_EG":null,"FCLASS_MA":null,"FCLASS_PT":null,"FCLASS_AR":null,"FCLASS_JP":null,"FCLASS_KO":null,"FCLASS_VN":null,"FCLASS_TR":null,"FCLASS_ID":null,"FCLASS_PL":null,"FCLASS_GR":null,"FCLASS_IT":null,"FCLASS_NL":null,"FCLASS_SE":null,"FCLASS_BD":null,"FCLASS_UA":null,"FCLASS_TLC":null}},
{"type":"Feature","geometry":{"type":"Polygon","coordinates":[[[75.222179,12.02204],[75.30421,12.043158],[75.832774,11.097846],[76.543956,8.912502],[77.110331,8.285174],[77.276968,10.210101],[76.928049,10.235551],[76.889705,10.78004],[76.415936,11.666833],[75.846048,11.951105],[74.854259,12.765286],[75.222179,12.02204]]]},"properties":{"featurecla":"Admin-1 states provinces","scalerank":2,"adm1_code":"IND-2442","diss_me":2442,"iso_3166_2":"IN-KL","wikipedia":null,"iso_a2":"IN","adm0_sr":1,"name":"Kerala","name_alt":null,"name_local":null,"type":"State","type_en":"State","code_local":null,"code_hasc":"IN.KL","note":null,"hasc_maybe":null,"region":"South","region_cod":null,"provnum_ne":20005,"gadm_level":1,"check_me":20,"datarank":1,"abbrev":null,"postal":"KL","area_sqkm":0,"sameascity":-99,"labelrank":2,"name_len":6,"mapcolor9":2,"mapcolor13":2,"fips":"IN13","fips_alt":null,"woe_id":2345747,"woe_label":"Kerala, IN, India","woe_name":"Kerala","latitude":10.3666,"longitude":76.5237,"sov_a3":"IND","adm0_a3":"IND","adm0_label":2,"admin":"India","geonunit":"India","gu_a3":"IND","gn_id":1267254,"gn_name":"State of Kerala","gns_id":-2100307,"gns_name":"Kerala, State of","gn_level":1,"gn_region":null,"gn_a1_code":"IN.13","region_sub":null,"sub_code":null,"gns_level":1,"gns_lang":"nld","gns_adm1":"IN13","gns_region":null,"min_label":4.6,"max_label":10.1,"min_zoom":4.6,"wikidataid":"Q1186","name_ar":"كيرلا","name_bn":"কেরল","name_de":"Kerala","name_en":"Kerala","name_es":"Kerala","name_fr":"Kerala","name_el":"Κεράλα","name_hi":"केरल","name_hu":"Kerala","name_id":"Kerala","name_it":"Kerala","name_ja":"ケーララ州","name_ko":"케랄라","name_nl":"Kerala","name_pl":"Kerala","name_pt":"Kerala","name_ru":"Керала","name_sv":"Kerala","name_tr":"Kerala","name_vi":"Kerala","name_zh":"喀拉拉邦","ne_id":1159311883,"name_he":"קרלה","name_uk":"Керала","name_ur":"کیرلا","name_fa":"کرالا","name_zht":"喀拉拉邦","FCLASS_ISO":null,"FCLASS_US":null,"FCLASS_FR":null,"FCLASS_RU":null,"FCLASS_ES":null,"FCLASS_CN":null,"FCLASS_TW":null,"FCLASS_IN":null,"FCLASS_NP":null,"FCLASS_PK":null,"FCLASS_DE":null,"FCLASS_GB":null,"FCLASS_BR":null,"FCLASS_IL":null,"FCLASS_PS":null,"FCLASS_SA":null,"FCLASS_EG":null,"FCLASS_MA":null,"FCLASS_PT":null,"FCLASS_AR":null,"FCLASS_JP":null,"FCLASS_KO":null,"FCLASS_VN":null,"FCLASS_TR":null,"FCLASS_ID":null,"FCLASS_PL":null,"FCLASS_GR":null,"FCLASS_IT":null,"FCLASS_NL":null,"FCLASS_SE":null,"FCLASS_BD":null,"FCLASS_UA":null,"FCLASS_TLC":null}},
{"type":"Feature","geometry":null,"properties":{"featurecla":"Admin-1 states provinces","scalerank":2,"adm1_code":"IND-3262","diss_me":3262,"iso_3166_2":"IN-PY","wikipedia":null,"iso_a2":"IN","adm0_sr":1,"name":"Puducherry","name_alt":"Pondicherry|Puduchcheri|Pondichéry","name_local":null,"type":"Union Territor","type_en":"Union Territory","code_local":null,"code_hasc":"IN.PY","note":null,"hasc_maybe":null,"region":"South","region_cod":null,"provnum_ne":20001,"gadm_level":1,"check_me":20,"datarank":1,"abbrev":null,"postal":"PY","area_sqkm":0,"sameascity":-99,"labelrank":2,"name_len":10,"mapcolor9":2,"mapcolor13":2,"fips":"IN22","fips_alt":null,"woe_id":20070459,"woe_label":"Puducherry, IN, India","woe_name":"Puducherry","latitude":10.9224,"longitude":79.7758,"sov_a3":"IND","adm0_a3":"IND","adm0_label":2,"admin":"India","geonunit":"India","gu_a3":"IND","gn_id":1259424,"gn_name":"Union Territory of Puducherry","gns_id":-2108166,"gns_name":"Puducherry, Union Territory of","gn_level":1,"gn_region":null,"gn_a1_code":"IN.22","region_sub":null,"sub_code":null,"gns_level":1,"gns_lang":"nld","gns_adm1":"IN22","gns_region":null,"min_label":4.6,"max_label":10.1,"min_zoom":4.6,"wikidataid":"Q66743","name_ar":"بودوتشيري","name_bn":"পুদুচেরি","name_de":"Puducherry","name_en":"Puducherry","name_es":"Puducherry","name_fr":"Territoire de Pondichéry","name_el":"Ποντιτσερί","name_hi":"पुदुच्चेरी","name_hu":"Puduccseri","name_id":"Puducherry","name_it":"Pondicherry","name_ja":"ポンディシェリ連邦直轄領","name_ko":"푸두체리","name_nl":"Puducherry","name_pl":"Puducherry","name_pt":"Puducherry","name_ru":"Пондичерри","name_sv":"Pondicherry","name_tr":"Puduçeri","name_vi":"Puducherry","name_zh":"本地治里","ne_id":1159314175,"name_he":"פודוצ'רי","name_uk":"Пудучеррі","name_ur":"پونڈیچری","name_fa":"پودوچری","name_zht":"本地治里","FCLASS_ISO":null,"FCLASS_US":null,"FCLASS_FR":null,"FCLASS_RU":null,"FCLASS_ES":null,"FCLASS_CN":null,"FCLASS_TW":null,"FCLASS_IN":null,"FCLASS_NP":null,"FCLASS_PK":null,"FCLASS_DE":null,"FCLASS_GB":null,"FCLASS_BR":null,"FCLASS_IL":null,"FCLASS_PS":null,"FCLASS_SA":null,"FCLASS_EG":null,"FCLASS_MA":null,"FCLASS_PT":null,"FCLASS_AR":null,"FCLASS_JP":null,"FCLASS_KO":null,"FCLASS_VN":null,"FCLASS_TR":null,"FCLASS_ID":null,"FCLASS_PL":null,"FCLASS_GR":null,"FCLASS_IT":null,"FCLASS_NL":null,"FCLASS_SE":null,"FCLASS_BD":null,"FCLASS_UA":null,"FCLASS_TLC":null}},
{"type":"Feature","geometry":{"type":"Polygon","coordinates":[[[79.847341,10.809638],[79.846688,10.979834],[79.810869,11.832977],[79.849561,11.955176],[80.228689,12.674994],[80.260173,13.468452],[79.449549,13.33115],[79.161608,13.044915],[78.229572,12.759893],[77.609351,12.672793],[77.433858,11.811527],[76.415936,11.666833],[76.889705,10.78004],[76.928049,10.235551],[77.276968,10.210101],[77.110331,8.285174],[77.510916,8.075995],[78.062755,8.373196],[78.177908,8.86107],[78.956798,9.274848],[78.980805,9.667182],[79.398123,10.324652],[79.86378,10.37873],[79.847341,10.809638]]]},"properties":{"featurecla":"Admin-1 states provinces","scalerank":2,"adm1_code":"IND-3263","diss_me":3263,"iso_3166_2":"IN-TN","wikipedia":null,"iso_a2":"IN","adm0_sr":1,"name":"Tamil Nadu","name_alt":null,"name_local":null,"type":"State","type_en":"State","code_local":null,"code_hasc":"IN.TN","note":null,"hasc_maybe":"IN.TN|IND-TNA","region":"South","region_cod":null,"provnum_ne":20002,"gadm_level":1,"check_me":20,"datarank":1,"abbrev":null,"postal":"TN","area_sqkm":0,"sameascity":-99,"labelrank":2,"name_len":10,"mapcolor9":2,"mapcolor13":2,"fips":"IN22","fips_alt":"IN25","woe_id":2345758,"woe_label":"Tamil Nadu, IN, India","woe_name":"Tamil Nadu","latitude":11.0159,"longitude":78.2704,"sov_a3":"IND","adm0_a3":"IND","adm0_label":2,"admin":"India","geonunit":"India","gu_a3":"IND","gn_id":1255053,"gn_name":"State of Tamil Nadu","gns_id":-2112557,"gns_name":"Tamil Nadu, State of","gn_level":1,"gn_region":null,"gn_a1_code":"IN.25","region_sub":null,"sub_code":null,"gns_level":1,"gns_lang":"nld","gns_adm1":"IN25","gns_region":null,"min_label":4.6,"max_label":10.1,"min_zoom":4.6,"wikidataid":"Q1445","name_ar":"تاميل نادو","name_bn":"তামিলনাড়ু","name_de":"Tamil Nadu","name_en":"Tamil Nadu","name_es":"Tamil Nadu","name_fr":"Tamil Nadu","name_el":"Ταμίλ Ναντού","name_hi":"तमिल नाडु","name_hu":"Tamilnádu","name_id":"Tamil Nadu","name_it":"Tamil Nadu","name_ja":"タミル・ナードゥ州","name_ko":"타밀나두","name_nl":"Tamil Nadu","name_pl":"Tamilnadu","name_pt":"Tamil Nadu","name_ru":"Тамилнад","name_sv":"Tamil Nadu","name_tr":"Tamil Nadu","name_vi":"Tamil Nadu","name_zh":"泰米尔纳德邦","ne_id":1159314177,"name_he":"טאמיל נאדו","name_uk":"Тамілнаду","name_ur":"تامل ناڈو","name_fa":"تامیل نادو","name_zht":"坦米爾納杜邦","FCLASS_ISO":null,"FCLASS_US":null,"FCLASS_FR":null,"FCLASS_RU":null,"FCLASS_ES":null,"FCLASS_CN":null,"FCLASS_TW":null,"FCLASS_IN":null,"FCLASS_NP":null,"FCLASS_PK":null,"FCLASS_DE":null,"FCLASS_GB":null,"FCLASS_BR":null,"FCLASS_IL":null,"FCLASS_PS":null,"FCLASS_SA":null,"FCLASS_EG":null,"FCLASS_MA":null,"FCLASS_PT":null,"FCLASS_AR":null,"FCLASS_JP":null,"FCLASS_KO":null,"FCLASS_VN":null,"FCLASS_TR":null,"FCLASS_ID":null,"FCLASS_PL":null,"FCLASS_GR":null,"FCLASS_IT":null,"FCLASS_NL":null,"FCLASS_SE":null,"FCLASS_BD":null,"FCLASS_UA":null,"FCLASS_TLC":null}},
{"type":"Feature","geometry":{"type":"Polygon","coordinates":[[[142.529063,54.297187],[142.576671,53.500067],[141.928396,53.020657],[141.675548,51.912421],[142.266856,51.074286],[142.045177,50.528266],[142.159679,49.677965],[141.967296,48.862372],[142.191091,47.966742],[141.822276,46.602281],[143.172862,46.707831],[142.549571,48.020087],[143.174164,49.245998],[144.282725,49.25019],[143.790294,50.309231],[143.118663,52.337795],[143.29005,53.151923],[142.529063,54.297187]]]},"properties":{"featurecla":"Admin-1 states provinces","scalerank":2,"adm1_code":"RUS-2616","diss_me":2616,"iso_3166_2":"RU-SAK","wikipedia":null,"iso_a2":"RU","adm0_sr":3,"name":"Sakhalin","name_alt":"Sakhalinskaya Oblast","name_local":"Сахалинская область","type":"Oblast","type_en":"Region","code_local":null,"code_hasc":"RU.SL","note":null,"hasc_maybe":null,"region":"Far Eastern","region_cod":null,"provnum_ne":20012,"gadm_level":1,"check_me":20,"datarank":2,"abbrev":null,"postal":"SL","area_sqkm":0,"sameascity":-99,"labelrank":2,"name_len":8,"mapcolor9":7,"mapcolor13":7,"fips":"RS64","fips_alt":null,"woe_id":2346937,"woe_label":"Sakhalinskaya Oblast, RU, Russia","woe_name":"Sakhalin","latitude":47.3479,"longitude":152.467,"sov_a3":"RUS","adm0_a3":"RUS","adm0_label":2,"admin":"Russia","geonunit":"Russia","gu_a3":"RUS","gn_id":2121529,"gn_name":"Sakhalinskaya Oblast'","gns_id":-2995497,"gns_name":"Sakhalinskaya Oblast'","gn_level":1,"gn_region":null,"gn_a1_code":"RU.64","region_sub":"Far Eastern","sub_code":null,"gns_level":1,"gns_lang":"fas","gns_adm1":"RS64","gns_region":null,"min_label":5,"max_label":10.2,"min_zoom":4.7,"wikidataid":"Q7797","name_ar":"ساخالين أوبلاست","name_bn":"শাখালিন ওব্লাস্ট","name_de":"Sachalin","name_en":"Sakhalin","name_es":"Sajalín","name_fr":"Sakhaline","name_el":"Όμπλαστ της Σαχαλίνης","name_hi":"सखलिन ओब्लास्ट","name_hu":"Szahalini terület","name_id":"Sakhalin","name_it":"Sachalin","name_ja":"サハリン州","name_ko":"사할린","name_nl":"Sachalin","name_pl":"sachaliński","name_pt":"Sacalina","name_ru":"Сахалинская область","name_sv":"Sachalin","name_tr":"Sahalin Oblastı","name_vi":"Sakhalin","name_zh":"萨哈林州","ne_id":1159313257,"name_he":"מחוז סחלין","name_uk":"Сахалінська область","name_ur":"سخالن اوبلاست","name_fa":"استان ساخالین","name_zht":"薩哈林州","FCLASS_ISO":null,"FCLASS_US":null,"FCLASS_FR":null,"FCLASS_RU":null,"FCLASS_ES":null,"FCLASS_CN":null,"FCLASS_TW":null,"FCLASS_IN":null,"FCLASS_NP":null,"FCLASS_PK":null,"FCLASS_DE":null,"FCLASS_GB":null,"FCLASS_BR":null,"FCLASS_IL":null,"FCLASS_PS":null,"FCLASS_SA":null,"FCLASS_EG":null,"FCLASS_MA":null,"FCLASS_PT":null,"FCLASS_AR":null,"FCLASS_JP":null,"FCLASS_KO":null,"FCLASS_VN":null,"FCLASS_TR":null,"FCLASS_ID":null,"FCLASS_PL":null,"FCLASS_GR":null,"FCLASS_IT":null,"FCLASS_NL":null,"FCLASS_SE":null,"FCLASS_BD":null,"FCLASS_UA":null,"FCLASS_TLC":null}},
{"type":"Feature","geometry":null,"properties":{"featurecla":"Admin-1 states provinces","scalerank":5,"adm1_code":"RUS-5482","diss_me":5482,"iso_3166_2":"UA-40","wikipedia":"http://en.wikipedia.org/wiki/Sevastopol","iso_a2":"RU","adm0_sr":1,"name":"Sevastopol","name_alt":null,"name_local":null,"type":"Gorod Federalnogo Znacheniya","type_en":"Federal City","code_local":null,"code_hasc":"UA.SC","note":null,"hasc_maybe":null,"region":"Volga","region_cod":null,"provnum_ne":3,"gadm_level":1,"check_me":20,"datarank":5,"abbrev":null,"postal":"SC","area_sqkm":0,"sameascity":-99,"labelrank":6,"name_len":10,"mapcolor9":6,"mapcolor13":3,"fips":"UP20","fips_alt":"UP16","woe_id":20070189,"woe_label":"Sevastopol City Municipality, UA, Ukraine","woe_name":"Sevastopol City Municipality","latitude":44.5182,"longitude":33.6396,"sov_a3":"RUS","adm0_a3":"RUS","adm0_label":2,"admin":"Russia","geonunit":"Russia","gu_a3":"RUS","gn_id":694422,"gn_name":"Misto Sevastopol'","gns_id":-1053420,"gns_name":"Sevastopol', Misto","gn_level":1,"gn_region":null,"gn_a1_code":"UA.20","region_sub":"North Caucasus","sub_code":null,"gns_level":1,"gns_lang":"rus","gns_adm1":"UP20","gns_region":null,"min_label":5,"max_label":11,"min_zoom":4.7,"wikidataid":"Q7525","name_ar":"سيفاستوبول","name_bn":"সেভাস্তোপোল","name_de":"Sewastopol","name_en":"Sevastopol","name_es":"Sebastopol","name_fr":"Sébastopol","name_el":"Σεβαστούπολη","name_hi":"सेवस्तोपोल","name_hu":"Szevasztopol","name_id":"Sevastopol","name_it":"Sebastopoli","name_ja":"セヴァストポリ","name_ko":"세바스토폴","name_nl":"Sebastopol","name_pl":"Sewastopol","name_pt":"Sebastopol","name_ru":"Севастополь","name_sv":"Sevastopol","name_tr":"Sivastopol","name_vi":"Sevastopol","name_zh":"塞瓦斯托波尔","ne_id":1159315877,"name_he":"סבסטופול","name_uk":"Севастополь","name_ur":"سواستوپول","name_fa":"سواستوپول","name_zht":"塞瓦斯托波","FCLASS_ISO":null,"FCLASS_US":null,"FCLASS_FR":null,"FCLASS_RU":null,"FCLASS_ES":null,"FCLASS_CN":null,"FCLASS_TW":null,"FCLASS_IN":null,"FCLASS_NP":null,"FCLASS_PK":null,"FCLASS_DE":null,"FCLASS_GB":null,"FCLASS_BR":null,"FCLASS_IL":null,"FCLASS_PS":null,"FCLASS_SA":null,"FCLASS_EG":null,"FCLASS_MA":null,"FCLASS_PT":null,"FCLASS_AR":null,"FCLASS_JP":null,"FCLASS_KO":null,"FCLASS_VN":null,"FCLASS_TR":null,"FCLASS_ID":null,"FCLASS_PL":null,"FCLASS_GR":null,"FCLASS_IT":null,"FCLASS_NL":null,"FCLASS_SE":null,"FCLASS_BD":null,"FCLASS_UA":null,"FCLASS_TLC":null}},
{"type":"Feature","geometry":{"type":"MultiPolygon","coordinates":[[[[-180,68.98237],[-180,68.559557],[-180,68.060942],[-180,67.562327],[-180,67.063712],[-180,66.565097],[-180,66.066482],[-180,65.567867],[-180,65.069252],[-180,65.066229],[-179.277044,65.630256],[-178.283987,65.444346],[-176.976552,65.608059],[-175.908839,65.402953],[-175.774793,64.939365],[-173.106265,64.24098],[-172.162487,65.420692],[-170.667356,65.599546],[-169.700917,66.128648],[-171.895194,66.970729],[-173.547078,67.090677],[-174.435663,66.531545],[-175.2865,67.667106],[-178.699928,68.543189],[-180,68.98237]]],[[[-180,71.536688],[-180,71.052632],[-180,70.99201],[-177.930491,71.041449],[-178.394846,71.540717],[-180,71.536688]]],[[[162.431769,69.677135],[162.846939,68.869285],[162.535433,68.362778],[161.4062,68.411845],[158.276572,68.076],[157.692008,67.54549],[158.905164,66.802744],[158.52896,66.359387],[158.9217,65.743016],[161.281143,65.140675],[161.784471,64.838084],[163.136947,64.770207],[165.262709,64.850616],[167.714135,64.340724],[168.498687,64.317366],[169.582238,63.643402],[168.79562,63.303087],[170.159361,62.341828],[172.85253,62.331493],[174.079845,62.447041],[174.45357,61.814806],[176.594249,62.485826],[178.061046,62.541083],[179.150401,62.341864],[179.60906,62.705634],[178.399913,64.243354],[176.727387,64.579169],[177.297699,64.838446],[178.757986,64.640937],[180,65.06619],[180,65.069252],[180,65.567867],[180,66.066482],[180,66.565097],[180,67.063712],[180,67.562327],[180,68.060942],[180,68.559557],[180,68.98105],[178.772634,69.415229],[176.503917,69.754096],[170.61085,70.116278],[171.027599,69.054755],[170.351085,68.82807],[166.938731,69.502102],[162.431769,69.677135]]]]},"properties":{"featurecla":"Admin-1 states provinces","scalerank":2,"adm1_code":"RUS-2321","diss_me":2321,"iso_3166_2":"RU-CHU","wikipedia":null,"iso_a2":"RU","adm0_sr":5,"name":"Chukchi Autonomous Okrug","name_alt":"Chukotskiy Avtonomnyy Okrug","name_local":null,"type":"Avtonomnyy Okrug","type_en":"Autonomous Province","code_local":null,"code_hasc":"RU.CK","note":null,"hasc_maybe":"RU.CK|RUS-CHU","region":"Far Eastern","region_cod":null,"provnum_ne":20011,"gadm_level":1,"check_me":20,"datarank":2,"abbrev":null,"postal":"CK","area_sqkm":0,"sameascity":-99,"labelrank":2,"name_len":24,"mapcolor9":7,"mapcolor13":7,"fips":"RS15","fips_alt":null,"woe_id":20070513,"woe_label":null,"woe_name":null,"latitude":66.7517,"longitude":170.516,"sov_a3":"RUS","adm0_a3":"RUS","adm0_label":2,"admin":"Russia","geonunit":"Russia","gu_a3":"RUS","gn_id":2126099,"gn_name":"Chukotskiy Avtonomnyy Okrug","gns_id":-2899578,"gns_name":"Chukotskiy Avtonomnyy Okrug","gn_level":1,"gn_region":null,"gn_a1_code":"RU.15","region_sub":"Far Eastern","sub_code":null,"gns_level":1,"gns_lang":"rus","gns_adm1":"RS15","gns_region":null,"min_label":5,"max_label":10.2,"min_zoom":4.7,"wikidataid":"Q7984","name_ar":"أوكروغ تشوكوتكا الذاتية","name_bn":"চুকোটকা স্বায়ত্তশাসিত ওব্লাস্ট","name_de":"Autonomer Kreis der Tschuktschen","name_en":"Chukotka Autonomous Okrug","name_es":"Chukotka","name_fr":"Tchoukotka","name_el":"Αυτόνομος θύλακας Τσουκότκα","name_hi":"चुकोतका स्वायत्त ऑक्रग","name_hu":"Csukcsföld","name_id":"Okrug otonom Chukotka","name_it":"della Čukotka","name_ja":"チュクチ自治管区","name_ko":"축치 자치구","name_nl":"Tsjoekotka","name_pl":"Czukocki","name_pt":"Chukotka","name_ru":"Чукотский автономный округ","name_sv":"Tjuktjien","name_tr":"Çukotka Özerk Okrugu","name_vi":"Khu tự trị Chukotka","name_zh":"楚科奇自治区","ne_id":1159313109,"name_he":"צ'וקוטקה","name_uk":"Чукотський автономний округ","name_ur":"چوکوتکا خود مختار آکرگ","name_fa":"چوکوتکا","name_zht":"楚科奇自治区","FCLASS_ISO":null,"FCLASS_US":null,"FCLASS_FR":null,"FCLASS_RU":null,"FCLASS_ES":null,"FCLASS_CN":null,"FCLASS_TW":null,"FCLASS_IN":null,"FCLASS_NP":null,"FCLASS_PK":null,"FCLASS_DE":null,"FCLASS_GB":null,"FCLASS_BR":null,"FCLASS_IL":null,"FCLASS_PS":null,"FCLASS_SA":null,"FCLASS_EG":null,"FCLASS_MA":null,"FCLASS_PT":null,"FCLASS_AR":null,"FCLASS_JP":null,"FCLASS_KO":null,"FCLASS_VN":null,"FCLASS_TR":null,"FCLASS_ID":null,"FCLASS_PL":null,"FCLASS_GR":null,"FCLASS_IT":null,"FCLASS_NL":null,"FCLASS_SE":null,"FCLASS_BD":null,"FCLASS_UA":null,"FCLASS_TLC":null}},
{"type":"Feature","geometry":{"type":"Polygon","coordinates":[[[65.037914,69.27105],[65.480479,68.430449],[65.436554,67.919963],[66.110001,67.488775],[65.11616,66.908319],[63.305728,66.400237],[62.838573,65.869261],[62.018468,65.717126],[62.816662,65.291571],[62.69915,64.492188],[63.611446,64.268481],[65.399657,64.571356],[66.936307,64.487046],[67.679104,64.079035],[69.244074,64.465833],[70.768942,64.19355],[70.913842,63.692392],[71.60796,63.185239],[72.655028,63.280169],[74.914528,63.032019],[77.026234,62.975019],[77.966539,62.477996],[79.91474,62.792033],[81.349174,62.821153],[83.798224,62.560264],[84.435704,62.177962],[85.518326,62.932567],[85.096749,63.534158],[86.028062,64.279798],[84.312818,65.098456],[84.550219,65.433422],[82.117293,67.243803],[82.680566,68.282757],[82.256923,69.156709],[79.854279,69.354527],[78.912941,69.860904],[80.569067,70.460816],[80.55005,71.044449],[79.244703,71.316732],[80.339107,71.889798],[78.502764,72.381907],[76.026703,71.923814],[73.52589,71.822211],[73.556163,71.255113],[74.316173,70.520331],[73.515961,69.746405],[74.454356,68.693996],[74.730317,67.686265],[73.492361,66.823432],[71.576915,66.658759],[72.405935,67.479967],[73.2046,67.865871],[73.644379,68.501899],[72.577403,68.940375],[72.459483,70.304429],[72.670746,71.108954],[72.105724,71.290351],[72.864919,72.271674],[72.496104,72.787665],[69.276622,72.840766],[68.478852,71.836168],[66.927013,71.298407],[67.317882,70.784084],[66.771007,69.740668],[67.969086,69.491278],[69.10906,68.878974],[68.382823,68.228461],[67.055512,68.78144],[65.037914,69.27105]]]},"properties":{"featurecla":"Admin-1 states provinces","scalerank":2,"adm1_code":"RUS-2382","diss_me":2382,"iso_3166_2":"RU-YAN","wikipedia":null,"iso_a2":"RU","adm0_sr":4,"name":"Yamal-Nenets","name_alt":"Yamalo-Nenetskiy A.Okr","name_local":"Ямало-Ненецкий АОк","type":"Avtonomnyy Okrug","type_en":"Autonomous Province","code_local":null,"code_hasc":"RU.YN","note":null,"hasc_maybe":null,"region":"Urals","region_cod":null,"provnum_ne":20017,"gadm_level":1,"check_me":20,"datarank":2,"abbrev":null,"postal":"YN","area_sqkm":0,"sameascity":-99,"labelrank":2,"name_len":12,"mapcolor9":7,"mapcolor13":7,"fips":"RS87","fips_alt":null,"woe_id":20070525,"woe_label":"Yamalo-Nenetskiy Avtonomnyy Okrug, RU, Russia","woe_name":"Yamal-Nenets","latitude":65.4117,"longitude":75.1874,"sov_a3":"RUS","adm0_a3":"RUS","adm0_label":2,"admin":"Russia","geonunit":"Russia","gu_a3":"RUS","gn_id":1486462,"gn_name":"Yamalo-Nenetskiy Avtonomnyy Okrug","gns_id":-3038630,"gns_name":"Yamalo-Nenetskiy Avtonomnyy Okrug","gn_level":1,"gn_region":null,"gn_a1_code":"RU.87","region_sub":"West Siberian","sub_code":null,"gns_level":1,"gns_lang":"fas","gns_adm1":"RS87","gns_region":null,"min_label":5,"max_label":10.2,"min_zoom":4.7,"wikidataid":"Q6407","name_ar":"أوكروغ يامالو-نينيتس الذاتية","name_bn":"ইয়ামালো-নেনেটস স্বায়ত্তশাসিত ওক্রুগ","name_de":"Autonomer Kreis der Jamal-Nenzen","name_en":"Yamalo-Nenets Autonomous Okrug","name_es":"Yamalia-Nenetsia","name_fr":"Iamalie","name_el":"Αυτόνομος θύλακας των Γιαμάλων Νένετς","name_hi":"यामालो-नेनेट ऑटोनॉमस ऑक्रग","name_hu":"Jamali Nyenyecföld","name_id":"Yamalia","name_it":"Jamalo-Nenec","name_ja":"ヤマロ・ネネツ自治管区","name_ko":"야말로네네츠 자치구","name_nl":"Jamalië","name_pl":"Jamalsko-Nieniecki","name_pt":"Iamália","name_ru":"Ямало-Ненецкий автономный округ","name_sv":"Jamalo-Nenetien","name_tr":"Yamalo-Nenets Özerk Okrugu","name_vi":"Yamalo-Nenets","name_zh":"亚马尔-涅涅茨自治区","ne_id":1159313113,"name_he":"ימלו-ננץ","name_uk":"Ямало-Ненецький автономний округ","name_ur":"یامالو-نینیتس خود مختار آکرگ","name_fa":"یامالو-ننتس","name_zht":"亚马尔-涅涅茨自治区","FCLASS_ISO":null,"FCLASS_US":null,"FCLASS_FR":null,"FCLASS_RU":null,"FCLASS_ES":null,"FCLASS_CN":null,"FCLASS_TW":null,"FCLASS_IN":null,"FCLASS_NP":null,"FCLASS_PK":null,"FCLASS_DE":null,"FCLASS_GB":null,"FCLASS_BR":null,"FCLASS_IL":null,"FCLASS_PS":null,"FCLASS_SA":null,"FCLASS_EG":null,"FCLASS_MA":null,"FCLASS_PT":null,"FCLASS_AR":null,"FCLASS_JP":null,"FCLASS_KO":null,"FCLASS_VN":null,"FCLASS_TR":null,"FCLASS_ID":null,"FCLASS_PL":null,"FCLASS_GR":null,"FCLASS_IT":null,"FCLASS_NL":null,"FCLASS_SE":null,"FCLASS_BD":null,"FCLASS_UA":null,"FCLASS_TLC":null}},
{"type":"Feature","geometry":{"type":"MultiPolygon","coordinates":[[[[44.214163,66.408149],[47.110437,65.821176],[49.006032,66.119117],[51.510169,66.783262],[52.245525,67.089135],[53.77246,66.998546],[58.789621,66.999683],[61.431734,66.999683],[62.821313,67.388032],[64.745123,68.404455],[65.480479,68.430449],[65.037914,69.27105],[63.410492,69.671291],[60.770274,69.849107],[60.138845,69.577867],[60.938324,68.963284],[59.773611,68.668199],[58.878754,69.003119],[57.329845,68.564765],[55.392914,68.564276],[54.239757,68.21133],[53.437022,68.918158],[48.255707,67.682685],[47.725597,67.000922],[45.853201,66.88703],[44.951687,67.320717],[45.350434,67.730414],[46.722016,67.844916],[45.943858,68.446234],[44.244395,68.255683],[43.761404,67.221137],[44.499278,66.921454],[44.214163,66.408149]]],[[[50.323009,69.150539],[49.271739,69.507961],[48.30421,69.276801],[48.592052,68.730862],[50.323009,69.150539]]]]},"properties":{"featurecla":"Admin-1 states provinces","scalerank":2,"adm1_code":"RUS-2381","diss_me":2381,"iso_3166_2":"RU-NEN","wikipedia":null,"iso_a2":"RU","adm0_sr":4,"name":"Nenets","name_alt":"Nenetskiy A.Okr.|Nenetskiy AOk","name_local":"Ненецкий АОк","type":"Avtonomnyy Okrug","type_en":"Autonomous Province","code_local":null,"code_hasc":"RU.NN","note":null,"hasc_maybe":null,"region":"Northwestern","region_cod":null,"provnum_ne":20016,"gadm_level":1,"check_me":20,"datarank":2,"abbrev":null,"postal":"NN","area_sqkm":0,"sameascity":-99,"labelrank":2,"name_len":6,"mapcolor9":7,"mapcolor13":7,"fips":"RS50","fips_alt":null,"woe_id":20070509,"woe_label":null,"woe_name":null,"latitude":67.8271,"longitude":56.2877,"sov_a3":"RUS","adm0_a3":"RUS","adm0_label":2,"admin":"Russia","geonunit":"Russia","gu_a3":"RUS","gn_id":522652,"gn_name":"Nenetskiy Avtonomnyy Okrug","gns_id":-2964004,"gns_name":"Nenetskiy Avtonomnyy Okrug","gn_level":1,"gn_region":null,"gn_a1_code":"RU.50","region_sub":"Northern","sub_code":null,"gns_level":1,"gns_lang":"rus","gns_adm1":"RS50","gns_region":null,"min_label":5,"max_label":10.2,"min_zoom":4.7,"wikidataid":"Q2164","name_ar":"أوكروغ نينيتس الذاتية","name_bn":"নেনেটস স্বায়ত্তশাসিত অক্রুগ","name_de":"Autonomer Kreis der Nenzen","name_en":"Nenets Autonomous Okrug","name_es":"Nenetsia","name_fr":"Nénétsie","name_el":"Αυτόνομος θύλακας της Νενετσίας","name_hi":"नेनेट्स औटोनोमस ओक्रुग","name_hu":"Nyenyecföld","name_id":"Nenetsia","name_it":"Nenec","name_ja":"ネネツ自治管区","name_ko":"네네츠 자치구","name_nl":"Nenetsië","name_pl":"Nieniecki","name_pt":"Nenetsia","name_ru":"Ненецкий автономный округ","name_sv":"Nentsien","name_tr":"Nenets Özerk Okrugu","name_vi":"Nenetsia","name_zh":"涅涅茨自治区","ne_id":1159313117,"name_he":"הניינץ","name_uk":"Ненецький автономний округ","name_ur":"نینیتس خود مختار آکرگ","name_fa":"ننتسیا","name_zht":"涅涅茨自治区","FCLASS_ISO":null,"FCLASS_US":null,"FCLASS_FR":null,"FCLASS_RU":null,"FCLASS_ES":null,"FCLASS_CN":null,"FCLASS_TW":null,"FCLASS_IN":null,"FCLASS_NP":null,"FCLASS_PK":null,"FCLASS_DE":null,"FCLASS_GB":null,"FCLASS_BR":null,"FCLASS_IL":null,"FCLASS_PS":null,"FCLASS_SA":null,"FCLASS_EG":null,"FCLASS_MA":null,"FCLASS_PT":null,"FCLASS_AR":null,"FCLASS_JP":null,"FCLASS_KO":null,"FCLASS_VN":null,"FCLASS_TR":null,"FCLASS_ID":null,"FCLASS_PL":null,"FCLASS_GR":null,"FCLASS_IT":null,"FCLASS_NL":null,"FCLASS_SE":null,"FCLASS_BD":null,"FCLASS_UA":null,"FCLASS_TLC":null}},
{"type":"Feature","geometry":{"type":"MultiPolygon","coordinates":[[[[-136.444872,68.909902],[-136.444767,67.725582],[-136.1622,67.003662],[-134.030082,66.986609],[-133.611787,65.961866],[-132.561464,66.029303],[-132.182185,65.583542],[-132.713418,65.228577],[-131.619428,64.368655],[-130.097997,63.782309],[-130.129416,63.316549],[-129.19694,62.507167],[-127.972752,61.68869],[-127.145748,61.465189],[-126.884523,60.781872],[-124.566474,60.938994],[-123.819103,60.000059],[-119.999957,60.000059],[-116.249953,60.000059],[-113.12495,60.000059],[-109.999973,60.000059],[-106.500703,60.000059],[-102.001598,60.000059],[-102.00289,61.220088],[-101.999092,64.227398],[-105.190473,64.48485],[-108.972878,64.778165],[-110.705769,65.50086],[-112.503851,65.501299],[-116.593575,66.7536],[-120.680819,68.015642],[-120.680819,69.556669],[-122.950999,69.838568],[-125.032297,69.74726],[-125.938629,69.414008],[-127.136464,70.252875],[-129.173695,69.832343],[-130.324452,70.140204],[-133.631907,69.399156],[-134.410064,69.656928],[-136.444872,68.909902]]],[[[-116.855838,69.647635],[-117.123672,70.001154],[-112.499975,70.000095],[-109.999973,70.000095],[-110.003693,72.458116],[-113.961985,73.12287],[-114.584299,73.384589],[-117.369252,72.917792],[-118.593414,72.428697],[-119.050893,71.626776],[-117.55134,71.374172],[-118.386464,71.022203],[-117.585439,70.60635],[-113.988393,70.716213],[-112.143951,70.493883],[-112.586252,70.200019],[-114.184722,70.315741],[-116.965077,70.129055],[-117.442047,69.989407],[-116.855838,69.647635]]],[[[-115.323638,73.508694],[-118.065989,74.280707],[-120.156565,74.278998],[-121.5808,74.555854],[-124.755686,74.348578],[-123.773752,73.765611],[-124.490387,72.925116],[-125.752065,72.147691],[-124.064565,71.700385],[-123.099924,71.084621],[-120.635243,71.491441],[-120.196685,72.217027],[-119.163889,72.629828],[-115.323638,73.508694]]],[[[-110.003693,74.852617],[-110.003693,75.544664],[-112.432485,76.170844],[-115.512318,76.456204],[-117.674875,75.293158],[-113.693023,74.444485],[-112.437408,74.41352],[-110.003693,74.852617]]],[[[-119.317494,76.199897],[-115.892812,76.698432],[-117.231109,77.285712],[-118.820546,77.361029],[-122.861724,76.182359],[-119.862945,75.859117],[-119.317494,76.199897]]],[[[-110.003693,77.9314],[-110.003693,78.099311],[-113.241282,77.904975],[-112.109242,77.325751],[-110.235422,77.504218],[-110.003693,77.9314]]]]},"properties":{"featurecla":"Admin-1 states provinces","scalerank":2,"adm1_code":"CAN-635","diss_me":635,"iso_3166_2":"CA-NT","wikipedia":"http://en.wikipedia.org/wiki/Northwest_Territories","iso_a2":"CA","adm0_sr":6,"name":"Northwest Territories","name_alt":"Territoires du Nord-Ouest","name_local":null,"type":"Territoire","type_en":"Territory","code_local":null,"code_hasc":"CA.NT","note":null,"hasc_maybe":null,"region":"Northern Canada","region_cod":"Northern Canada","provnum_ne":5,"gadm_level":1,"check_me":20,"datarank":2,"abbrev":"N.W.T.","postal":"NT","area_sqkm":0,"sameascity":-99,"labelrank":2,"name_len":21,"mapcolor9":2,"mapcolor13":2,"fips":"CA13","fips_alt":null,"woe_id":2344920,"woe_label":"Northwest Territories, CA, Canada","woe_name":"Northwest Territories","latitude":64.0831,"longitude":-119.942,"sov_a3":"CAN","adm0_a3":"CAN","adm0_label":2,"admin":"Canada","geonunit":"Canada","gu_a3":"CAN","gn_id":6091069,"gn_name":"Northwest Territories","gns_id":-570392,"gns_name":"Nord-Ouest, Territoires du","gn_level":1,"gn_region":null,"gn_a1_code":"CA.13","region_sub":null,"sub_code":null,"gns_level":1,"gns_lang":"fra","gns_adm1":"CA13","gns_region":null,"min_label":3.5,"max_label":7.5,"min_zoom":2,"wikidataid":"Q2007","name_ar":"الأقاليم الشمالية الغربية","name_bn":"উত্তরপশ্চিম অধীনস্থ অঞ্চলসমূহ","name_de":"Nordwest-Territorien","name_en":"Northwest Territories","name_es":"Territorios del Noroeste","name_fr":"Territoires du Nord-Ouest","name_el":"Βορειοδυτικά Εδάφη","name_hi":"नॉर्थवेस्ट टेरीटरीज़","name_hu":"Északnyugati területek","name_id":"Wilayah Barat Laut","name_it":"Territori del Nord-Ovest","name_ja":"ノースウエスト準州","name_ko":"노스웨스트 준","name_nl":"Northwest Territories","name_pl":"Terytoria Północno-Zachodnie","name_pt":"Territórios do Noroeste","name_ru":"Северо-Западные территории","name_sv":"Northwest Territories","name_tr":"Kuzeybatı Toprakları","name_vi":"Các Lãnh thổ Tây Bắc","name_zh":"西北地区","ne_id":1159308771,"name_he":"הטריטוריות הצפון-מערביות","name_uk":"Північно-Західні території","name_ur":"شمال مغربی علاقہ جات، کینیڈا","name_fa":"نواحی شمال غرب","name_zht":"西北地區","FCLASS_ISO":null,"FCLASS_US":null,"FCLASS_FR":null,"FCLASS_RU":null,"FCLASS_ES":null,"FCLASS_CN":null,"FCLASS_TW":null,"FCLASS_IN":null,"FCLASS_NP":null,"FCLASS_PK":null,"FCLASS_DE":null,"FCLASS_GB":null,"FCLASS_BR":null,"FCLASS_IL":null,"FCLASS_PS":null,"FCLASS_SA":null,"FCLASS_EG":null,"FCLASS_MA":null,"FCLASS_PT":null,"FCLASS_AR":null,"FCLASS_JP":null,"FCLASS_KO":null,"FCLASS_VN":null,"FCLASS_TR":null,"FCLASS_ID":null,"FCLASS_PL":null,"FCLASS_GR":null,"FCLASS_IT":null,"FCLASS_NL":null,"FCLASS_SE":null,"FCLASS_BD":null,"FCLASS_UA":null,"FCLASS_TLC":null}},
{"type":"Feature","geometry":{"type":"MultiPolygon","coordinates":[[[[111.295177,73.869127],[110.877731,73.767852],[110.907189,73.691852],[110.701698,72.65045],[111.996089,72.132729],[112.276692,71.01272],[110.539434,70.80064],[109.277392,70.206516],[109.236981,69.775896],[106.152932,69.391139],[106.885497,68.865461],[106.802401,67.348241],[106.054747,67.167167],[106.439529,65.661729],[105.802876,64.530118],[108.026512,64.223522],[108.735203,63.977129],[109.614426,62.873734],[109.305918,62.483628],[109.7924,61.325198],[110.48135,61.159213],[109.269434,59.449085],[109.63644,59.065956],[110.470911,59.033555],[113.435175,59.402266],[115.686303,60.526228],[116.95434,60.168576],[117.597505,59.472313],[118.733869,59.419784],[119.10811,58.2227],[119.047028,57.727639],[119.898449,56.889396],[121.406884,56.975515],[122.589241,56.489576],[123.915362,56.377334],[124.448042,55.904598],[126.434174,55.555007],[127.486927,55.555007],[129.652996,55.744996],[130.922996,55.678566],[131.184375,56.467949],[131.797155,56.717365],[131.179311,57.137288],[132.034763,57.690949],[131.476864,58.167509],[133.125756,59.204397],[135.209143,59.122335],[135.791019,59.534299],[136.758712,59.354646],[137.615714,59.739765],[138.252988,59.712531],[138.383316,61.099527],[139.548206,61.481674],[140.704725,62.572718],[142.437539,61.869712],[143.126489,62.101068],[143.926957,61.766256],[144.745098,62.046885],[145.176906,62.285811],[145.252147,63.179555],[146.498686,64.20882],[147.955135,63.944288],[148.630546,64.418652],[149.816416,64.567274],[150.631044,64.331112],[152.331302,64.510068],[152.688179,65.233435],[154.220489,66.068939],[155.752178,66.176891],[157.124394,65.91515],[158.52896,66.359387],[158.905164,66.802744],[157.692008,67.54549],[158.276572,68.076],[161.4062,68.411845],[162.535433,68.362778],[162.846939,68.869285],[162.431769,69.677135],[161.435802,69.379869],[159.688975,69.890774],[159.689464,70.670966],[158.523611,70.968817],[155.936371,71.099351],[152.613048,70.834621],[151.492442,71.333157],[149.968028,71.534735],[150.066905,71.921942],[148.402029,72.31094],[141.550629,72.774319],[138.756033,71.643012],[137.355642,71.374172],[135.985118,71.634833],[134.167654,71.370795],[132.264171,71.682034],[131.546153,70.887112],[130.300629,70.940131],[128.192149,72.228339],[127.987559,73.470852],[125.651866,73.525458],[124.336192,73.804836],[123.553477,73.217597],[121.054698,72.931789],[118.917654,73.119534],[118.450206,73.588772],[113.395518,73.685777],[111.295177,73.869127]]],[[[143.474946,73.320624],[142.045177,73.916571],[140.493302,73.485044],[143.474946,73.320624]]],[[[150.827647,75.163398],[146.389171,75.58515],[146.071788,75.240302],[148.17213,74.803534],[150.609223,74.8935],[150.827647,75.163398]]],[[[145.366222,75.540229],[141.702159,76.120998],[140.150401,75.800523],[138.138031,76.118842],[137.067638,75.725775],[137.149099,75.134223],[139.343435,74.687405],[141.843761,74.998969],[144.331228,75.04678],[145.366222,75.540229]]]]},"properties":{"featurecla":"Admin-1 states provinces","scalerank":2,"adm1_code":"RUS-2612","diss_me":2612,"iso_3166_2":"RU-SA","wikipedia":null,"iso_a2":"RU","adm0_sr":5,"name":"Sakha (Yakutia)","name_alt":"Chukotka|Chukotskiy AOk","name_local":"Чукотский АОк","type":"Avtonomnyy Okrug","type_en":"Autonomous Province","code_local":null,"code_hasc":"RU.CK","note":null,"hasc_maybe":"RU.SK|RUS-YAK","region":"Far Eastern","region_cod":null,"provnum_ne":20019,"gadm_level":1,"check_me":20,"datarank":2,"abbrev":null,"postal":"CK","area_sqkm":0,"sameascity":-99,"labelrank":2,"name_len":15,"mapcolor9":7,"mapcolor13":7,"fips":"RS15","fips_alt":null,"woe_id":2346881,"woe_label":"Sakha, RU, Russia","woe_name":"Chukot","latitude":65.5964,"longitude":130.989,"sov_a3":"RUS","adm0_a3":"RUS","adm0_label":2,"admin":"Russia","geonunit":"Russia","gu_a3":"RUS","gn_id":2013162,"gn_name":"Respublika Sakha (Yakutiya)","gns_id":-3038508,"gns_name":"Sakha (Yakutiya), Respublika","gn_level":1,"gn_region":null,"gn_a1_code":"RU.63","region_sub":"Far Eastern","sub_code":null,"gns_level":1,"gns_lang":"fas","gns_adm1":"RS63","gns_region":null,"min_label":5,"max_label":10.2,"min_zoom":4.7,"wikidataid":"Q6605","name_ar":"ياقوتيا","name_bn":"সাখা","name_de":"Sacha","name_en":"Sakha Republic","name_es":"Sajá","name_fr":"république Sakha","name_el":"Δημοκρατία των Σαχά","name_hi":"साख़ा गणतंत्र","name_hu":"Jakutföld","name_id":"Sakha","name_it":"Sacha-Jacuzia","name_ja":"サハ共和国","name_ko":"사하 공화국","name_nl":"Jakoetië","name_pl":"Jakucja","name_pt":"Iacútia","name_ru":"Якутия","name_sv":"Sacha","name_tr":"Yakutistan","name_vi":"Cộng hòa Sakha","name_zh":"萨哈共和国","ne_id":1159313601,"name_he":"רפובליקת סאחה-יקוטיה","name_uk":"Республіка Саха","name_ur":"سخا جمہوریہ","name_fa":"یاقوتستان","name_zht":"萨哈共和国","FCLASS_ISO":null,"FCLASS_US":null,"FCLASS_FR":null,"FCLASS_RU":null,"FCLASS_ES":null,"FCLASS_CN":null,"FCLASS_TW":null,"FCLASS_IN":null,"FCLASS_NP":null,"FCLASS_PK":null,"FCLASS_DE":null,"FCLASS_GB":null,"FCLASS_BR":null,"FCLASS_IL":null,"FCLASS_PS":null,"FCLASS_SA":null,"FCLASS_EG":null,"FCLASS_MA":null,"FCLASS_PT":null,"FCLASS_AR":null,"FCLASS_JP":null,"FCLASS_KO":null,"FCLASS_VN":null,"FCLASS_TR":null,"FCLASS_ID":null,"FCLASS_PL":null,"FCLASS_GR":null,"FCLASS_IT":null,"FCLASS_NL":null,"FCLASS_SE":null,"FCLASS_BD":null,"FCLASS_UA":null,"FCLASS_TLC":null}},
{"type":"Feature","geometry":null,"properties":{"featurecla":"Admin-1 states provinces","scalerank":2,"adm1_code":"RUS-2337","diss_me":2337,"iso_3166_2":"RU-SPE","wikipedia":null,"iso_a2":"RU","adm0_sr":4,"name":"City of St. Petersburg","name_alt":"Sankt-Peterburg gorsovet","name_local":"Санкт-Петербург (горсовет)","type":"Gorod Federalnogo Znacheniya","type_en":"Federal City","code_local":null,"code_hasc":"RU.SP","note":null,"hasc_maybe":null,"region":"Northwestern","region_cod":null,"provnum_ne":20002,"gadm_level":1,"check_me":20,"datarank":2,"abbrev":null,"postal":"SP","area_sqkm":0,"sameascity":7,"labelrank":7,"name_len":22,"mapcolor9":7,"mapcolor13":7,"fips":"RS66","fips_alt":"RS66","woe_id":20070507,"woe_label":"St. Peterburg, RU, Russia","woe_name":"City of St. Petersburg","latitude":59.8064,"longitude":30.2901,"sov_a3":"RUS","adm0_a3":"RUS","adm0_label":2,"admin":"Russia","geonunit":"Russia","gu_a3":"RUS","gn_id":536203,"gn_name":"Sankt-Peterburg","gns_id":-2945108,"gns_name":"Sankt-Peterburg, Gorod","gn_level":1,"gn_region":null,"gn_a1_code":"RU.66","region_sub":"Northwestern","sub_code":null,"gns_level":1,"gns_lang":"rus","gns_adm1":"RS66","gns_region":null,"min_label":5,"max_label":9,"min_zoom":4.7,"wikidataid":"Q656","name_ar":"سانت بطرسبرغ","name_bn":"সেন্ট পিটার্সবার্গ","name_de":"Sankt Petersburg","name_en":"Saint Petersburg","name_es":"San Petersburgo","name_fr":"Saint-Pétersbourg","name_el":"Αγία Πετρούπολη","name_hi":"सेंट पीटर्सबर्ग","name_hu":"Szentpétervár","name_id":"St. Petersburg","name_it":"San Pietroburgo","name_ja":"サンクトペテルブルク","name_ko":"상트페테르부르크","name_nl":"Sint-Petersburg","name_pl":"Petersburg","name_pt":"São Petersburgo","name_ru":"Санкт-Петербург","name_sv":"Sankt Petersburg","name_tr":"Sankt Petersburg","name_vi":"Sankt-Peterburg","name_zh":"圣彼得堡","ne_id":1159313099,"name_he":"סנקט פטרבורג","name_uk":"Санкт-Петербург","name_ur":"سینٹ پیٹرز برگ","name_fa":"سن پترزبورگ","name_zht":"聖彼得堡","FCLASS_ISO":null,"FCLASS_US":null,"FCLASS_FR":null,"FCLASS_RU":null,"FCLASS_ES":null,"FCLASS_CN":null,"FCLASS_TW":null,"FCLASS_IN":null,"FCLASS_NP":null,"FCLASS_PK":null,"FCLASS_DE":null,"FCLASS_GB":null,"FCLASS_BR":null,"FCLASS_IL":null,"FCLASS_PS":null,"FCLASS_SA":null,"FCLASS_EG":null,"FCLASS_MA":null,"FCLASS_PT":null,"FCLASS_AR":null,"FCLASS_JP":null,"FCLASS_KO":null,"FCLASS_VN":null,"FCLASS_TR":null,"FCLASS_ID":null,"FCLASS_PL":null,"FCLASS_GR":null,"FCLASS_IT":null,"FCLASS_NL":null,"FCLASS_SE":null,"FCLASS_BD":null,"FCLASS_UA":null,"FCLASS_TLC":null}},
{"type":"Feature","geometry":{"type":"MultiPolygon","coordinates":[[[[36.523406,63.971429],[36.219836,63.416491],[36.500542,62.826036],[37.504926,62.645324],[37.926605,61.968259],[37.77292,61.522137],[38.632712,60.723219],[41.339937,60.675987],[41.800891,60.89897],[43.510864,60.767454],[43.775964,61.020772],[45.229105,60.90388],[45.332355,61.18934],[47.042948,60.853805],[48.418988,60.853805],[49.302242,61.176163],[49.051611,61.690963],[49.608993,62.770226],[48.366071,62.729298],[48.290831,62.321623],[47.234874,62.351492],[46.819189,63.746962],[45.824521,64.283622],[48.840151,64.357312],[50.063022,64.8902],[48.989393,65.268523],[49.006032,66.119117],[47.110437,65.821176],[44.214163,66.408149],[42.200938,66.532172],[39.712087,65.401842],[40.528494,64.577948],[39.566524,64.545268],[37.007677,65.172977],[36.568604,64.902452],[37.121501,64.39474],[36.523406,63.971429]]],[[[51.409516,71.806138],[53.25172,71.456041],[54.006521,70.757799],[55.817556,70.613349],[57.063243,70.862454],[56.105724,71.258979],[55.342784,72.065579],[56.435232,73.230129],[54.934825,73.42536],[53.15561,73.15058],[52.332286,72.070624],[51.409516,71.806138]]],[[[56.98699,74.690497],[53.868663,73.778713],[56.578787,73.26081],[58.570486,74.388861],[59.874766,74.628485],[62.048188,75.450344],[68.287934,76.281317],[68.930675,76.719387],[66.943533,76.948961],[65.168956,76.475287],[62.956798,76.206936],[61.636974,76.311957],[55.80836,75.156643],[56.98699,74.690497]]]]},"properties":{"featurecla":"Admin-1 states provinces","scalerank":2,"adm1_code":"RUS-2354","diss_me":2354,"iso_3166_2":"RU-ARK","wikipedia":null,"iso_a2":"RU","adm0_sr":4,"name":"Arkhangel'sk","name_alt":"Vologodskaya Oblast","name_local":"Вологодская область","type":"Oblast","type_en":"Region","code_local":null,"code_hasc":"RU.AR","note":null,"hasc_maybe":"RU.AR|RUS-ARK","region":"Northwestern","region_cod":null,"provnum_ne":20013,"gadm_level":1,"check_me":20,"datarank":2,"abbrev":null,"postal":"VO","area_sqkm":0,"sameascity":6,"labelrank":6,"name_len":12,"mapcolor9":7,"mapcolor13":7,"fips":"RS06","fips_alt":null,"woe_id":20070508,"woe_label":"Arkhangelrskaya Oblast, RU, Russia","woe_name":"Arkhangel'sk","latitude":63.3132,"longitude":41.9939,"sov_a3":"RUS","adm0_a3":"RUS","adm0_label":2,"admin":"Russia","geonunit":"Russia","gu_a3":"RUS","gn_id":581043,"gn_name":"Arkhangel'skaya Oblast'","gns_id":-2879197,"gns_name":"Arkhangel'skaya Oblast'","gn_level":1,"gn_region":null,"gn_a1_code":"RU.06","region_sub":"Northern","sub_code":null,"gns_level":1,"gns_lang":"rus","gns_adm1":"RS06","gns_region":null,"min_label":5,"max_label":10.2,"min_zoom":4.7,"wikidataid":"Q1875","name_ar":"أوبلاست أرخانغلسك","name_bn":"আরখানগেলস্ক ওব্লাস্ট","name_de":"Archangelsk","name_en":"Arkhangelsk","name_es":"Arjánguelsk","name_fr":"d'Arkhangelsk","name_el":"Όμπλαστ του Αρχάνγκελσκ","name_hi":"अर्खांगेल्स्क ओब्लास्ट","name_hu":"Arhangelszki terület","name_id":"Arkhangelsk","name_it":"Arcangelo","name_ja":"アルハンゲリスク州","name_ko":"아르한겔스크","name_nl":"Archangelsk","name_pl":"archangielski","name_pt":"Arkhangelsk","name_ru":"Архангельская область","name_sv":"Archangelsk","name_tr":"Arhangelsk Oblastı","name_vi":"Arkhangelsk","name_zh":"阿尔汉格尔斯克州","ne_id":1159313111,"name_he":"מחוז ארכנגלסק","name_uk":"Архангельська область","name_ur":"آرخانگلسک اوبلاست","name_fa":"استان آرخانگلسک","name_zht":"阿尔汉格尔斯克州","FCLASS_ISO":null,"FCLASS_US":null,"FCLASS_FR":null,"FCLASS_RU":null,"FCLASS_ES":null,"FCLASS_CN":null,"FCLASS_TW":null,"FCLASS_IN":null,"FCLASS_NP":null,"FCLASS_PK":null,"FCLASS_DE":null,"FCLASS_GB":null,"FCLASS_BR":null,"FCLASS_IL":null,"FCLASS_PS":null,"FCLASS_SA":null,"FCLASS_EG":null,"FCLASS_MA":null,"FCLASS_PT":null,"FCLASS_AR":null,"FCLASS_JP":null,"FCLASS_KO":null,"FCLASS_VN":null,"FCLASS_TR":null,"FCLASS_ID":null,"FCLASS_PL":null,"FCLASS_GR":null,"FCLASS_IT":null,"FCLASS_NL":null,"FCLASS_SE":null,"FCLASS_BD":null,"FCLASS_UA":null,"FCLASS_TLC":null}},
{"type":"Feature","geometry":{"type":"MultiPolygon","coordinates":[[[[78.502764,72.381907],[80.339107,71.889798],[79.244703,71.316732],[80.55005,71.044449],[80.569067,70.460816],[78.912941,69.860904],[79.854279,69.354527],[82.256923,69.156709],[82.680566,68.282757],[82.117293,67.243803],[84.550219,65.433422],[84.312818,65.098456],[86.028062,64.279798],[85.096749,63.534158],[85.518326,62.932567],[84.435704,62.177962],[85.671185,61.289231],[84.259591,60.855511],[84.781213,60.355954],[84.531306,59.974996],[87.084122,59.882753],[87.936266,59.26615],[88.155684,58.106531],[89.328429,57.950003],[88.623976,56.832965],[88.592453,56.443635],[89.362845,55.772539],[88.608774,55.44559],[89.200788,54.990391],[90.129207,55.105216],[90.915309,54.791075],[91.841247,53.288272],[90.476589,52.183401],[90.839448,51.912439],[92.844287,51.832444],[93.678034,52.223841],[94.603663,53.055263],[94.739882,53.382737],[96.048329,53.45374],[96.684052,53.638535],[95.678222,54.234158],[96.49502,54.510523],[96.752782,55.650712],[97.840674,56.393147],[97.354916,57.060548],[97.934002,57.811304],[99.410914,57.795542],[100.017286,58.081468],[100.801424,57.673017],[101.297621,58.219289],[102.519665,58.727888],[102.998809,59.315398],[103.948725,58.773881],[105.353497,59.107917],[104.798803,59.690879],[105.484755,60.021918],[104.676226,60.399879],[104.459702,60.838767],[104.904016,61.367546],[105.941368,61.685382],[106.725713,62.587705],[106.125647,63.048245],[106.793409,63.842383],[108.026512,64.223522],[105.802876,64.530118],[106.439529,65.661729],[106.054747,67.167167],[106.802401,67.348241],[106.885497,68.865461],[106.152932,69.391139],[109.236981,69.775896],[109.277392,70.206516],[110.539434,70.80064],[112.276692,71.01272],[111.996089,72.132729],[110.701698,72.65045],[110.907189,73.691852],[107.722341,73.168524],[109.999522,74.373725],[111.743826,74.663153],[113.605235,75.28498],[113.890147,75.85399],[111.555431,76.684149],[107.250499,77.007025],[104.023285,77.7331],[99.508556,76.468736],[96.830577,75.915432],[95.389822,76.164008],[93.549815,75.853013],[89.132335,75.452826],[87.354259,75.043891],[86.02003,74.262519],[86.783214,73.902248],[83.483653,73.655463],[80.832205,73.571763],[80.272716,73.30976],[80.704112,72.545356],[83.360525,71.840644],[81.736664,71.699897],[79.391449,72.385565],[78.502764,72.381907]]],[[[105.415538,78.583441],[102.302908,79.432807],[100.254649,78.665351],[101.209809,78.193508],[104.787364,78.336371],[105.415538,78.583441]]],[[[99.885997,79.04149],[100.022472,79.823554],[97.592133,80.174872],[94.935557,80.071275],[93.748871,79.54385],[95.01824,79.03852],[97.760753,78.808783],[99.885997,79.04149]]],[[[97.747081,80.741604],[95.776622,81.288804],[93.052745,80.995429],[92.504893,80.15766],[97.187999,80.233588],[97.747081,80.741604]]]]},"properties":{"featurecla":"Admin-1 states provinces","scalerank":2,"adm1_code":"RUS-2603","diss_me":2603,"iso_3166_2":"RU-KYA","wikipedia":null,"iso_a2":"RU","adm0_sr":1,"name":"Krasnoyarsk","name_alt":"Krasnoyarskiy Kray|Yeniseisk|Yeniseyskaya G.","name_local":"Красноярский край","type":"Kray","type_en":"Territory","code_local":null,"code_hasc":"RU.KX","note":"expected merging of Taymyr, Evenk with Krasnoyarsk - 20070101","hasc_maybe":"RU.KX|RUS-KRA","region":"Siberian","region_cod":null,"provnum_ne":20003,"gadm_level":1,"check_me":20,"datarank":2,"abbrev":null,"postal":"KY","area_sqkm":0,"sameascity":6,"labelrank":6,"name_len":11,"mapcolor9":7,"mapcolor13":7,"fips":"RS91","fips_alt":null,"woe_id":20070524,"woe_label":null,"woe_name":null,"latitude":65.5602,"longitude":95.2029,"sov_a3":"RUS","adm0_a3":"RUS","adm0_label":2,"admin":"Russia","geonunit":"Russia","gu_a3":"RUS","gn_id":1502020,"gn_name":"Krasnoyarskiy Kray","gns_id":-2936683,"gns_name":"Krasnoyarskiy Kray","gn_level":1,"gn_region":null,"gn_a1_code":"RU.91","region_sub":"East Siberian","sub_code":null,"gns_level":1,"gns_lang":"rus","gns_adm1":"RS91","gns_region":null,"min_label":5,"max_label":10.2,"min_zoom":4.7,"wikidataid":"Q6563","name_ar":"كراسنويارسك كراي","name_bn":"ক্রাসনোয়ারস্ক ক্রাই","name_de":"Krasnojarsk","name_en":"Krasnoyarsk Krai","name_es":"Krasnoyarsk","name_fr":"Krasnoïarsk","name_el":"Κράι Κρασνογιάρσκ","name_hi":"क्रस्नोयार्स्क क्राय","name_hu":"Krasznojarszki határterület","name_id":"Krai Krasnoyarsk","name_it":"Territorio di Krasnojarsk","name_ja":"クラスノヤルスク地方","name_ko":"크라스노야르스크 지방","name_nl":"Kraj Krasnojarsk","name_pl":"Kraj Krasnojarski","name_pt":"Krai de Krasnoiarsk","name_ru":"Красноярский край","name_sv":"Krasnojarsk kraj","name_tr":"Krasnoyarsk Krayı","name_vi":"Krasnoyarsk","name_zh":"克拉斯诺亚尔斯克边疆区","ne_id":1159313611,"name_he":"מחוז קרסנויארסק","name_uk":"Красноярський край","name_ur":"کراسنویارسک کرائی","name_fa":"سرزمین کراسنویارسک","name_zht":"克拉斯諾亞爾斯克邊疆區","FCLASS_ISO":null,"FCLASS_US":null,"FCLASS_FR":null,"FCLASS_RU":null,"FCLASS_ES":null,"FCLASS_CN":null,"FCLASS_TW":null,"FCLASS_IN":null,"FCLASS_NP":null,"FCLASS_PK":null,"FCLASS_DE":null,"FCLASS_GB":null,"FCLASS_BR":null,"FCLASS_IL":null,"FCLASS_PS":null,"FCLASS_SA":null,"FCLASS_EG":null,"FCLASS_MA":null,"FCLASS_PT":null,"FCLASS_AR":null,"FCLASS_JP":null,"FCLASS_KO":null,"FCLASS_VN":null,"FCLASS_TR":null,"FCLASS_ID":null,"FCLASS_PL":null,"FCLASS_GR":null,"FCLASS_IT":null,"FCLASS_NL":null,"FCLASS_SE":null,"FCLASS_BD":null,"FCLASS_UA":null,"FCLASS_TLC":null}},
{"type":"Feature","geometry":null,"properties":{"featurecla":"Admin-1 states provinces","scalerank":3,"adm1_code":"DEU-1575","diss_me":1575,"iso_3166_2":"DE-HB","wikipedia":null,"iso_a2":"DE","adm0_sr":1,"name":"Bremen","name_alt":null,"name_local":null,"type":"Land","type_en":"State","code_local":null,"code_hasc":"DE.HB","note":null,"hasc_maybe":null,"region":null,"region_cod":null,"provnum_ne":5,"gadm_level":1,"check_me":20,"datarank":3,"abbrev":null,"postal":"HB","area_sqkm":0,"sameascity":9,"labelrank":9,"name_len":6,"mapcolor9":5,"mapcolor13":1,"fips":"GM03","fips_alt":null,"woe_id":2345483,"woe_label":"Bremen, DE, Germany","woe_name":"Bremen","latitude":53.1211,"longitude":8.74299,"sov_a3":"DEU","adm0_a3":"DEU","adm0_label":2,"admin":"Germany","geonunit":"Germany","gu_a3":"DEU","gn_id":2944387,"gn_name":"Bremen","gns_id":-1752235,"gns_name":"Bremen","gn_level":1,"gn_region":null,"gn_a1_code":"DE.03","region_sub":null,"sub_code":null,"gns_level":1,"gns_lang":"zho","gns_adm1":"GM03","gns_region":null,"min_label":6.6,"max_label":11,"min_zoom":6.6,"wikidataid":"Q1209","name_ar":"ولاية بريمن","name_bn":"ব্রেমেনের ফ্রি হেনসিয়াটিক শহর","name_de":"Freie Hansestadt Bremen","name_en":"Free Hanseatic Bremen","name_es":"Bremen","name_fr":"Brême","name_el":"Βρέμη","name_hi":"ब्रेमेन","name_hu":"Bréma","name_id":"Bremen","name_it":"Brema","name_ja":"ブレーメン州","name_ko":"브레멘","name_nl":"Bremen","name_pl":"Brema","name_pt":"Bremen","name_ru":"Бремен","name_sv":"Bremen","name_tr":"Bremen","name_vi":"Bremen","name_zh":"不来梅","ne_id":1159310981,"name_he":"ברמן","name_uk":"Бремен","name_ur":"برمن","name_fa":"برمن","name_zht":"不來梅","FCLASS_ISO":null,"FCLASS_US":null,"FCLASS_FR":null,"FCLASS_RU":null,"FCLASS_ES":null,"FCLASS_CN":null,"FCLASS_TW":null,"FCLASS_IN":null,"FCLASS_NP":null,"FCLASS_PK":null,"FCLASS_DE":null,"FCLASS_GB":null,"FCLASS_BR":null,"FCLASS_IL":null,"FCLASS_PS":null,"FCLASS_SA":null,"FCLASS_EG":null,"FCLASS_MA":null,"FCLASS_PT":null,"FCLASS_AR":null,"FCLASS_JP":null,"FCLASS_KO":null,"FCLASS_VN":null,"FCLASS_TR":null,"FCLASS_ID":null,"FCLASS_PL":null,"FCLASS_GR":null,"FCLASS_IT":null,"FCLASS_NL":null,"FCLASS_SE":null,"FCLASS_BD":null,"FCLASS_UA":null,"FCLASS_TLC":null}},
{"type":"Feature","geometry":{"type":"Polygon","coordinates":[[[9.763972,53.54768],[10.32798,53.432656],[9.74081,53.572575],[9.763972,53.54768]]]},"properties":{"featurecla":"Admin-1 states provinces","scalerank":3,"adm1_code":"DEU-1578","diss_me":1578,"iso_3166_2":"DE-HH","wikipedia":null,"iso_a2":"DE","adm0_sr":1,"name":"Hamburg","name_alt":null,"name_local":null,"type":"Land","type_en":"State","code_local":null,"code_hasc":"DE.HH","note":null,"hasc_maybe":null,"region":null,"region_cod":null,"provnum_ne":21,"gadm_level":1,"check_me":20,"datarank":3,"abbrev":null,"postal":"HH","area_sqkm":0,"sameascity":9,"labelrank":9,"name_len":7,"mapcolor9":5,"mapcolor13":1,"fips":"GM04","fips_alt":null,"woe_id":2345484,"woe_label":"Hamburg, DE, Germany","woe_name":"Hamburg","latitude":53.559,"longitude":10.0344,"sov_a3":"DEU","adm0_a3":"DEU","adm0_label":2,"admin":"Germany","geonunit":"Germany","gu_a3":"DEU","gn_id":2911297,"gn_name":"Freie und Hansestadt Hamburg","gns_id":-1785435,"gns_name":"Hamburg","gn_level":1,"gn_region":null,"gn_a1_code":"DE.04","region_sub":null,"sub_code":null,"gns_level":1,"gns_lang":"zho","gns_adm1":"GM04","gns_region":null,"min_label":6.6,"max_label":11,"min_zoom":6.6,"wikidataid":"Q1055","name_ar":"هامبورغ","name_bn":"হামবুর্গ","name_de":"Hamburg","name_en":"Hamburg","name_es":"Hamburgo","name_fr":"Hambourg","name_el":"Αμβούργο","name_hi":"हैम्बर्ग","name_hu":"Hamburg","name_id":"Hamburg","name_it":"Amburgo","name_ja":"ハンブルク","name_ko":"함부르크","name_nl":"Hamburg","name_pl":"Hamburg","name_pt":"Hamburgo","name_ru":"Гамбург","name_sv":"Hamburg","name_tr":"Hamburg","name_vi":"Hamburg","name_zh":"汉堡","ne_id":1159310985,"name_he":"המבורג","name_uk":"Гамбург","name_ur":"ہامبرگ","name_fa":"هامبورگ","name_zht":"漢堡","FCLASS_ISO":null,"FCLASS_US":null,"FCLASS_FR":null,"FCLASS_RU":null,"FCLASS_ES":null,"FCLASS_CN":null,"FCLASS_TW":null,"FCLASS_IN":null,"FCLASS_NP":null,"FCLASS_PK":null,"FCLASS_DE":null,"FCLASS_GB":null,"FCLASS_BR":null,"FCLASS_IL":null,"FCLASS_PS":null,"FCLASS_SA":null,"FCLASS_EG":null,"FCLASS_MA":null,"FCLASS_PT":null,"FCLASS_AR":null,"FCLASS_JP":null,"FCLASS_KO":null,"FCLASS_VN":null,"FCLASS_TR":null,"FCLASS_ID":null,"FCLASS_PL":null,"FCLASS_GR":null,"FCLASS_IT":null,"FCLASS_NL":null,"FCLASS_SE":null,"FCLASS_BD":null,"FCLASS_UA":null,"FCLASS_TLC":null}},
{"type":"Feature","geometry":null,"properties":{"featurecla":"Admin-1 states provinces","scalerank":2,"adm1_code":"IND-2443","diss_me":2443,"iso_3166_2":"IN-LD","wikipedia":null,"iso_a2":"IN","adm0_sr":4,"name":"Lakshadweep","name_alt":"Íles Laquedives|Laccadive|Minicoy and Amindivi Islands|Laccadives|Lackadiverna|Lakkadiven|Lakkadi","name_local":null,"type":"Union Territor","type_en":"Union Territory","code_local":null,"code_hasc":"IN.LD","note":null,"hasc_maybe":"IN.KL|IND-KER","region":"South","region_cod":null,"provnum_ne":20012,"gadm_level":1,"check_me":20,"datarank":1,"abbrev":null,"postal":"LD","area_sqkm":0,"sameascity":-99,"labelrank":2,"name_len":11,"mapcolor9":2,"mapcolor13":2,"fips":"IN14","fips_alt":"IN13","woe_id":2345748,"woe_label":"Lakshadweep, IN, India","woe_name":"Lakshadweep","latitude":11.2249,"longitude":72.7811,"sov_a3":"IND","adm0_a3":"IND","adm0_label":4,"admin":"India","geonunit":"India","gu_a3":"IND","gn_id":1265206,"gn_name":"Union Territory of Lakshadweep","gns_id":-2102360,"gns_name":"Lakshadweep, Union Territory of","gn_level":1,"gn_region":null,"gn_a1_code":"IN.14","region_sub":null,"sub_code":null,"gns_level":1,"gns_lang":"nld","gns_adm1":"IN14","gns_region":null,"min_label":4.6,"max_label":10.1,"min_zoom":4.6,"wikidataid":"Q26927","name_ar":"لكشديب","name_bn":"লক্ষদ্বীপ","name_de":"Lakshadweep","name_en":"Lakshadweep","name_es":"Laquedivas","name_fr":"Lakshadweep","name_el":"Λακσαντγουίπ","name_hi":"लक्षद्वीप","name_hu":"Laksadíva","name_id":"Lakshadweep","name_it":"Laccadive","name_ja":"ラクシャディープ諸島","name_ko":"락샤드위프 제도","name_nl":"Laccadiven","name_pl":"Lakszadiwy","name_pt":"Laquedivas","name_ru":"Лакшадвип","name_sv":"Lakshadweep","name_tr":"Lakşadvip Adaları","name_vi":"Lakshadweep","name_zh":"拉克沙群岛","ne_id":1159311385,"name_he":"לקשאדוויפ","name_uk":"Лакшадвіп","name_ur":"لکشادیپ","name_fa":"لاکشادویپ","name_zht":"拉克沙群島","FCLASS_ISO":null,"FCLASS_US":null,"FCLASS_FR":null,"FCLASS_RU":null,"FCLASS_ES":null,"FCLASS_CN":null,"FCLASS_TW":null,"FCLASS_IN":null,"FCLASS_NP":null,"FCLASS_PK":null,"FCLASS_DE":null,"FCLASS_GB":null,"FCLASS_BR":null,"FCLASS_IL":null,"FCLASS_PS":null,"FCLASS_SA":null,"FCLASS_EG":null,"FCLASS_MA":null,"FCLASS_PT":null,"FCLASS_AR":null,"FCLASS_JP":null,"FCLASS_KO":null,"FCLASS_VN":null,"FCLASS_TR":null,"FCLASS_ID":null,"FCLASS_PL":null,"FCLASS_GR":null,"FCLASS_IT":null,"FCLASS_NL":null,"FCLASS_SE":null,"FCLASS_BD":null,"FCLASS_UA":null,"FCLASS_TLC":null}},
{"type":"Feature","geometry":null,"properties":{"featurecla":"Admin-1 states provinces","scalerank":2,"adm1_code":"IND-2474","diss_me":2474,"iso_3166_2":"IN-AN","wikipedia":null,"iso_a2":"IN","adm0_sr":3,"name":"Andaman and Nicobar","name_alt":"Andaman & Nicobar Islands|Andaman et Nicobar|Iihas de Andama e Nicobar|Inseln Andamanen und Nikobare","name_local":null,"type":"Union Territor","type_en":"Union Territory","code_local":null,"code_hasc":"IN.AN","note":null,"hasc_maybe":null,"region":null,"region_cod":null,"provnum_ne":20031,"gadm_level":1,"check_me":20,"datarank":1,"abbrev":null,"postal":"AN","area_sqkm":0,"sameascity":-99,"labelrank":2,"name_len":19,"mapcolor9":2,"mapcolor13":2,"fips":"IN01","fips_alt":null,"woe_id":2345739,"woe_label":"Andaman and Nicobar Islands, IN, India","woe_name":"Andaman and Nicobar","latitude":6.83654,"longitude":93.7895,"sov_a3":"IND","adm0_a3":"IND","adm0_label":3,"admin":"India","geonunit":"India","gu_a3":"IND","gn_id":1278647,"gn_name":"Union Territory of Andaman and Nicobar Islands","gns_id":-2088857,"gns_name":"Andaman and Nicobar Islands, Union Territory of","gn_level":1,"gn_region":null,"gn_a1_code":"IN.01","region_sub":null,"sub_code":null,"gns_level":1,"gns_lang":"nld","gns_adm1":"IN01","gns_region":null,"min_label":4.6,"max_label":10.1,"min_zoom":4.6,"wikidataid":"Q40888","name_ar":"جزر أندمان ونيكوبار","name_bn":"আন্দামান ও নিকোবর দ্বীপপুঞ্জ","name_de":"Andamanen und Nikobaren","name_en":"Andaman and Nicobar Islands","name_es":"Islas Andamán y Nicobar","name_fr":"Îles Andaman-et-Nicobar","name_el":"Νησιά Άνταμαν και Νίκομπαρ","name_hi":"अण्डमान और निकोबार द्वीपसमूह","name_hu":"Andamán- és Nikobár-szigetek","name_id":"Kepulauan Andaman dan Nikobar","name_it":"Andamane e Nicobare","name_ja":"アンダマン・ニコバル諸島","name_ko":"안다만 니코바르 제도","name_nl":"Andamanen en Nicobaren","name_pl":"Andamany i Nikobary","name_pt":"Andamão e Nicobar","name_ru":"Андаманские и Никобарские острова","name_sv":"Andamanerna och Nikobarerna","name_tr":"Andaman ve Nikobar adaları","name_vi":"Quần đảo Andaman và Nicobar","name_zh":"安达曼-尼科巴群岛","ne_id":1159311381,"name_he":"איי אנדמן וניקובר","name_uk":"Андаманські і Нікобарські острови","name_ur":"جزائر انڈمان و نکوبار","name_fa":"جزایر آندامان و نیکوبار","name_zht":"安達曼-尼科巴群島","FCLASS_ISO":null,"FCLASS_US":null,"FCLASS_FR":null,"FCLASS_RU":null,"FCLASS_ES":null,"FCLASS_CN":null,"FCLASS_TW":null,"FCLASS_IN":null,"FCLASS_NP":null,"FCLASS_PK":null,"FCLASS_DE":null,"FCLASS_GB":null,"FCLASS_BR":null,"FCLASS_IL":null,"FCLASS_PS":null,"FCLASS_SA":null,"FCLASS_EG":null,"FCLASS_MA":null,"FCLASS_PT":null,"FCLASS_AR":null,"FCLASS_JP":null,"FCLASS_KO":null,"FCLASS_VN":null,"FCLASS_TR":null,"FCLASS_ID":null,"FCLASS_PL":null,"FCLASS_GR":null,"FCLASS_IT":null,"FCLASS_NL":null,"FCLASS_SE":null,"FCLASS_BD":null,"FCLASS_UA":null,"FCLASS_TLC":null}},
{"type":"Feature","geometry":{"type":"Polygon","coordinates":[[[47.49643,45.565253],[46.663643,46.429001],[47.21348,46.742315],[46.511301,47.406435],[45.300625,48.097685],[44.546666,48.063061],[43.731522,47.476611],[44.333966,47.475242],[44.262446,46.900135],[43.646049,46.215732],[42.180919,46.577881],[41.712627,45.996004],[42.991412,46.179559],[43.87756,45.94549],[44.148241,45.652511],[45.586189,45.158303],[45.705975,44.975782],[46.88814,44.751868],[47.49643,45.565253]]]},"properties":{"featurecla":"Admin-1 states provinces","scalerank":2,"adm1_code":"RUS-2390","diss_me":2390,"iso_3166_2":"RU-KL","wikipedia":null,"iso_a2":"RU","adm0_sr":1,"name":"Kalmyk","name_alt":"Kalmykiya|Khalmg Tangch|Republic of Kalmykia|Kalmytskaya A.S.S.R.|Respublika Kalmykiya","name_local":"Республика Калмыкия","type":"Respublika","type_en":"Republic","code_local":null,"code_hasc":"RU.KL","note":null,"hasc_maybe":null,"region":"Volga","region_cod":null,"provnum_ne":20041,"gadm_level":1,"check_me":20,"datarank":2,"abbrev":null,"postal":"KL","area_sqkm":0,"sameascity":-99,"labelrank":2,"name_len":6,"mapcolor9":7,"mapcolor13":7,"fips":"RS24","fips_alt":null,"woe_id":2346872,"woe_label":"Kalmykiya, RU, Russia","woe_name":"Kalmyk","latitude":46.5191,"longitude":45.4681,"sov_a3":"RUS","adm0_a3":"RUS","adm0_label":2,"admin":"Russia","geonunit":"Russia","gu_a3":"RUS","gn_id":553972,"gn_name":"Respublika Kalmykiya","gns_id":-2919206,"gns_name":"Kalmykiya, Respublika","gn_level":1,"gn_region":null,"gn_a1_code":"RU.24","region_sub":"Volga","sub_code":null,"gns_level":1,"gns_lang":"rus","gns_adm1":"RS24","gns_region":null,"min_label":5,"max_label":10.2,"min_zoom":4.7,"wikidataid":"Q3953","name_ar":"قلميقيا","name_bn":"কালমিকিয়া","name_de":"Kalmückien","name_en":"Republic of Kalmykia","name_es":"Kalmukia","name_fr":"Kalmoukie","name_el":"Δημοκρατία της Καλμίκια","name_hi":"कालमिकिया","name_hu":"Kalmükföld","name_id":"Kalmykia","name_it":"Calmucchia","name_ja":"カルムイク共和国","name_ko":"칼미크 공화국","name_nl":"Kalmukkië","name_pl":"Kałmucja","name_pt":"Calmúquia","name_ru":"Калмыкия","name_sv":"Kalmuckien","name_tr":"Kalmukya","name_vi":"Kalmykia","name_zh":"卡尔梅克共和国","ne_id":1159313207,"name_he":"קלמיקיה","name_uk":"Калмикія","name_ur":"کلمیکیا","name_fa":"قالموقستان","name_zht":"卡尔梅克共和国","FCLASS_ISO":null,"FCLASS_US":null,"FCLASS_FR":null,"FCLASS_RU":null,"FCLASS_ES":null,"FCLASS_CN":null,"FCLASS_TW":null,"FCLASS_IN":null,"FCLASS_NP":null,"FCLASS_PK":null,"FCLASS_DE":null,"FCLASS_GB":null,"FCLASS_BR":null,"FCLASS_IL":null,"FCLASS_PS":null,"FCLASS_SA":null,"FCLASS_EG":null,"FCLASS_MA":null,"FCLASS_PT":null,"FCLASS_AR":null,"FCLASS_JP":null,"FCLASS_KO":null,"FCLASS_VN":null,"FCLASS_TR":null,"FCLASS_ID":null,"FCLASS_PL":null,"FCLASS_GR":null,"FCLASS_IT":null,"FCLASS_NL":null,"FCLASS_SE":null,"FCLASS_BD":null,"FCLASS_UA":null,"FCLASS_TLC":null}},
{"type":"Feature","geometry":{"type":"Polygon","coordinates":[[[147.998546,-43.230401],[147.888682,-42.819513],[148.260997,-41.800388],[148.331391,-41.002211],[147.984223,-40.736505],[147.444835,-41.008396],[146.423676,-41.166192],[144.68922,-40.704522],[144.605805,-40.996515],[145.206554,-41.966567],[145.264171,-42.59531],[146.030772,-43.48268],[146.710704,-43.629002],[147.585623,-42.821222],[147.998546,-43.230401]]]},"properties":{"featurecla":"Admin-1 states provinces","scalerank":2,"adm1_code":"AUS-2660","diss_me":2660,"iso_3166_2":"AU-TAS","wikipedia":null,"iso_a2":"AU","adm0_sr":5,"name":"Tasmania","name_alt":null,"name_local":null,"type":"State","type_en":"State","code_local":null,"code_hasc":"AU.TS","note":null,"hasc_maybe":null,"region":null,"region_cod":null,"provnum_ne":4,"gadm_level":1,"check_me":20,"datarank":3,"abbrev":"Tas.","postal":"TS","area_sqkm":0,"sameascity":-99,"labelrank":2,"name_len":8,"mapcolor9":2,"mapcolor13":7,"fips":"AS06","fips_alt":null,"woe_id":2344704,"woe_label":null,"woe_name":null,"latitude":-42.1383,"longitude":146.603,"sov_a3":"AU1","adm0_a3":"AUS","adm0_label":2,"admin":"Australia","geonunit":"Australia","gu_a3":"AUS","gn_id":2147291,"gn_name":"State of Tasmania","gns_id":-1603760,"gns_name":"Tasmania","gn_level":1,"gn_region":null,"gn_a1_code":"AU.06","region_sub":null,"sub_code":null,"gns_level":1,"gns_lang":"zho","gns_adm1":"AS06","gns_region":null,"min_label":3.5,"max_label":7.5,"min_zoom":2,"wikidataid":"Q34366","name_ar":"تاسمانيا","name_bn":"তাসমানিয়া","name_de":"Tasmanien","name_en":"Tasmania","name_es":"Tasmania","name_fr":"Tasmanie","name_el":"Τασμανία","name_hi":"टासमानिया","name_hu":"Tasmania","name_id":"Tasmania","name_it":"Tasmania","name_ja":"タスマニア州","name_ko":"태즈메이니아","name_nl":"Tasmanië","name_pl":"Tasmania","name_pt":"Tasmânia","name_ru":"Тасмания","name_sv":"Tasmanien","name_tr":"Tasmanya","name_vi":"Tasmania","name_zh":"塔斯马尼亚州","ne_id":1159313261,"name_he":"טסמניה","name_uk":"Тасманія","name_ur":"تسمانیا","name_fa":"تاسمانی","name_zht":"塔斯馬尼亞州","FCLASS_ISO":null,"FCLASS_US":null,"FCLASS_FR":null,"FCLASS_RU":null,"FCLASS_ES":null,"FCLASS_CN":null,"FCLASS_TW":null,"FCLASS_IN":null,"FCLASS_NP":null,"FCLASS_PK":null,"FCLASS_DE":null,"FCLASS_GB":null,"FCLASS_BR":null,"FCLASS_IL":null,"FCLASS_PS":null,"FCLASS_SA":null,"FCLASS_EG":null,"FCLASS_MA":null,"FCLASS_PT":null,"FCLASS_AR":null,"FCLASS_JP":null,"FCLASS_KO":null,"FCLASS_VN":null,"FCLASS_TR":null,"FCLASS_ID":null,"FCLASS_PL":null,"FCLASS_GR":null,"FCLASS_IT":null,"FCLASS_NL":null,"FCLASS_SE":null,"FCLASS_BD":null,"FCLASS_UA":null,"FCLASS_TLC":null}},
{"type":"Feature","geometry":{"type":"Polygon","coordinates":[[[174.45357,61.814806],[174.079845,62.447041],[172.85253,62.331493],[170.159361,62.341828],[168.79562,63.303087],[169.582238,63.643402],[168.498687,64.317366],[167.714135,64.340724],[165.262709,64.850616],[163.136947,64.770207],[162.794229,64.148023],[162.95701,63.491112],[162.379887,63.118938],[162.767874,62.50311],[162.510459,61.65836],[163.26705,62.521995],[164.127194,62.262379],[164.028819,61.346625],[163.345659,60.799292],[161.938555,60.416788],[160.804942,59.605373],[159.864431,59.14057],[159.023774,58.414781],[156.930675,57.658433],[156.831616,57.213451],[156.125255,56.832017],[155.686209,56.03913],[155.551177,55.284205],[156.111196,52.93542],[156.372775,52.404624],[156.719698,50.886454],[157.759192,51.543983],[158.547699,52.296047],[158.515636,52.746324],[159.922374,53.283637],[160.052989,54.175727],[160.741222,54.535224],[161.753184,54.519761],[162.153168,54.849921],[161.777081,55.608327],[162.1421,56.129055],[163.366069,56.180659],[162.7835,56.763029],[162.833119,57.383312],[163.32951,57.708945],[161.993228,58.087392],[163.651541,60.051663],[165.129649,60.084174],[166.249685,60.383531],[167.048106,60.328437],[168.096365,60.571479],[169.166515,60.567328],[170.400645,59.965644],[170.58074,60.433905],[172.006847,60.855211],[172.931326,61.351549],[174.45357,61.814806]]]},"properties":{"featurecla":"Admin-1 states provinces","scalerank":2,"adm1_code":"RUS-3468","diss_me":3468,"iso_3166_2":"RU-KAM","wikipedia":null,"iso_a2":"RU","adm0_sr":4,"name":"Kamchatka","name_alt":"Kamçatka|Kamchatskaya Oblast","name_local":null,"type":"Oblast","type_en":"Region","code_local":null,"code_hasc":"RU.KQ","note":null,"hasc_maybe":null,"region":"Far Eastern","region_cod":null,"provnum_ne":0,"gadm_level":1,"check_me":20,"datarank":2,"abbrev":null,"postal":"KA","area_sqkm":0,"sameascity":-99,"labelrank":2,"name_len":9,"mapcolor9":7,"mapcolor13":7,"fips":"RS92","fips_alt":null,"woe_id":20070514,"woe_label":"Kamchatskaya Oblast, RU, Russia","woe_name":"Kamchatka","latitude":56.5325,"longitude":160.187,"sov_a3":"RUS","adm0_a3":"RUS","adm0_label":2,"admin":"Russia","geonunit":"Russia","gu_a3":"RUS","gn_id":2125072,"gn_name":"Kamtchatski Kray","gns_id":11585057,"gns_name":"Kamchatskiy Kray","gn_level":1,"gn_region":null,"gn_a1_code":"RU.92","region_sub":"Far Eastern","sub_code":null,"gns_level":1,"gns_lang":"rus","gns_adm1":"RS92","gns_region":null,"min_label":5,"max_label":10.2,"min_zoom":4.7,"wikidataid":"Q7948","name_ar":"كراي كامشاتكا","name_bn":"কামচাটকাক্রাই","name_de":"Kamtschatka","name_en":"Kamchatka Krai","name_es":"Kamchatka","name_fr":"du Kamtchatka","name_el":"Κράι Καμτσάτκα","name_hi":"कमचातका क्राय","name_hu":"Kamcsatkai határterület","name_id":"Krai Kamchatka","name_it":"territorio della Kamčatka","name_ja":"カムチャツカ地方","name_ko":"캄차카 지방","name_nl":"Kraj Kamtsjatka","name_pl":"Kraj Kamczacki","name_pt":"Krai de Kamtchatka","name_ru":"Камчатский край","name_sv":"Kamtjatka kraj","name_tr":"Kamçatka Krayı","name_vi":"Kamchatka","name_zh":"堪察加邊疆區","ne_id":1159315449,"name_he":"מחוז קמצ'טקה","name_uk":"Камчатський край","name_ur":"کامچاٹکا کرائی","name_fa":"سرزمین کامچاتکا","name_zht":"堪察加邊疆區","FCLASS_ISO":null,"FCLASS_US":null,"FCLASS_FR":null,"FCLASS_RU":null,"FCLASS_ES":null,"FCLASS_CN":null,"FCLASS_TW":null,"FCLASS_IN":null,"FCLASS_NP":null,"FCLASS_PK":null,"FCLASS_DE":null,"FCLASS_GB":null,"FCLASS_BR":null,"FCLASS_IL":null,"FCLASS_PS":null,"FCLASS_SA":null,"FCLASS_EG":null,"FCLASS_MA":null,"FCLASS_PT":null,"FCLASS_AR":null,"FCLASS_JP":null,"FCLASS_KO":null,"FCLASS_VN":null,"FCLASS_TR":null,"FCLASS_ID":null,"FCLASS_PL":null,"FCLASS_GR":null,"FCLASS_IT":null,"FCLASS_NL":null,"FCLASS_SE":null,"FCLASS_BD":null,"FCLASS_UA":null,"FCLASS_TLC":null}},
{"type":"Feature","geometry":null,"properties":{"featurecla":"Admin-1 states provinces","scalerank":10,"adm1_code":"AUS+00?","diss_me":10015,"iso_3166_2":"AU-X03~","wikipedia":null,"iso_a2":"AU","adm0_sr":5,"name":"Macquarie Island","name_alt":null,"name_local":null,"type":null,"type_en":null,"code_local":null,"code_hasc":"AU.X03~","note":null,"hasc_maybe":null,"region":null,"region_cod":null,"provnum_ne":0,"gadm_level":0,"check_me":20,"datarank":10,"abbrev":null,"postal":null,"area_sqkm":0,"sameascity":-99,"labelrank":20,"name_len":16,"mapcolor9":2,"mapcolor13":7,"fips":null,"fips_alt":null,"woe_id":22528478,"woe_label":null,"woe_name":"Macquarie Island","latitude":-54.5929,"longitude":158.898,"sov_a3":"AU1","adm0_a3":"AUS","adm0_label":5,"admin":"Australia","geonunit":"Australia","gu_a3":"AUS","gn_id":0,"gn_name":null,"gns_id":0,"gns_name":null,"gn_level":0,"gn_region":null,"gn_a1_code":"AU.","region_sub":null,"sub_code":null,"gns_level":0,"gns_lang":null,"gns_adm1":null,"gns_region":null,"min_label":3.5,"max_label":7.5,"min_zoom":2,"wikidataid":"Q46650","name_ar":"جزيرة ماكواري","name_bn":"ম্যাককুয়ারি আইল্যান্ড","name_de":"Macquarieinsel","name_en":"Macquarie Island","name_es":"Isla Macquarie","name_fr":"île Macquarie","name_el":"Νήσος Μακουάρι","name_hi":"मैक्वेरी द्वीप","name_hu":"Macquarie-sziget","name_id":"Pulau Macquarie","name_it":"isola Macquarie","name_ja":"マッコーリー島","name_ko":"맥쿼리 섬","name_nl":"Macquarie-eiland","name_pl":"Macquarie","name_pt":"Ilha Macquarie","name_ru":"Маккуори","name_sv":"Macquarieön","name_tr":"Macquarie Adası","name_vi":"Đảo Macquarie","name_zh":"麦夸里岛","ne_id":1159315603,"name_he":"מקווארי","name_uk":"Маккуорі","name_ur":"جزیره مکواری","name_fa":"جزیره مککواری","name_zht":"麥覺理島","FCLASS_ISO":null,"FCLASS_US":null,"FCLASS_FR":null,"FCLASS_RU":null,"FCLASS_ES":null,"FCLASS_CN":null,"FCLASS_TW":null,"FCLASS_IN":null,"FCLASS_NP":null,"FCLASS_PK":null,"FCLASS_DE":null,"FCLASS_GB":null,"FCLASS_BR":null,"FCLASS_IL":null,"FCLASS_PS":null,"FCLASS_SA":null,"FCLASS_EG":null,"FCLASS_MA":null,"FCLASS_PT":null,"FCLASS_AR":null,"FCLASS_JP":null,"FCLASS_KO":null,"FCLASS_VN":null,"FCLASS_TR":null,"FCLASS_ID":null,"FCLASS_PL":null,"FCLASS_GR":null,"FCLASS_IT":null,"FCLASS_NL":null,"FCLASS_SE":null,"FCLASS_BD":null,"FCLASS_UA":null,"FCLASS_TLC":null}},
{"type":"Feature","geometry":null,"properties":{"featurecla":"Admin-1 states provinces","scalerank":2,"adm1_code":"AUS-2659","diss_me":2659,"iso_3166_2":"AU-NSW","wikipedia":null,"iso_a2":"AU","adm0_sr":5,"name":"Lord Howe Island","name_alt":null,"name_local":null,"type":"Territory","type_en":"Territory","code_local":null,"code_hasc":"AU.NS","note":"Part of New South Wales; offset +10:30 from UTC, and advances only 30 minutes in the summer","hasc_maybe":null,"region":null,"region_cod":null,"provnum_ne":10,"gadm_level":2,"check_me":20,"datarank":8,"abbrev":null,"postal":"NS","area_sqkm":0,"sameascity":-99,"labelrank":3,"name_len":14,"mapcolor9":2,"mapcolor13":7,"fips":"AS02","fips_alt":null,"woe_id":2344700,"woe_label":"New South Wales, AU, Australia","woe_name":"New South Wales","latitude":-31.586,"longitude":159.076,"sov_a3":"AU1","adm0_a3":"AUS","adm0_label":2,"admin":"Australia","geonunit":"Australia","gu_a3":"AUS","gn_id":0,"gn_name":null,"gns_id":0,"gns_name":null,"gn_level":0,"gn_region":null,"gn_a1_code":"AU.02","region_sub":null,"sub_code":null,"gns_level":1,"gns_lang":null,"gns_adm1":"AS02","gns_region":null,"min_label":9,"max_label":11,"min_zoom":2,"wikidataid":null,"name_ar":"جزيرة لورد هاو","name_bn":"লর্ড হোয়ে আইল্যান্ড","name_de":"Lord-Howe-Insel","name_en":"Lord Howe Island","name_es":"Isla de Lord Howe","name_fr":"Île Lord Howe","name_el":"Νήσος Λόρδου Χάου","name_hi":"लॉर्ड होवे द्वीप","name_hu":"Lord Howe-sziget","name_id":"Pulau Lord Howe","name_it":"Isola di Lord Howe","name_ja":"ロード・ハウ島","name_ko":"로드 하우 아일랜드","name_nl":"Lord Howe-eiland","name_pl":"Wyspa Lord Howe","name_pt":"Ilha de Lord Howe","name_ru":"остров Лорд-Хау","name_sv":"Lord Howeön","name_tr":"Lord Howe Adası","name_vi":"Đảo Lord Howe","name_zh":"豪勋爵岛","ne_id":1159313269,"name_he":"לורטו","name_uk":"острів Лорд-Хоуе","name_ur":"لارڈ ہوئے جزیرہ","name_fa":"جزیره لرد هووی","name_zht":"豪爵島","FCLASS_ISO":null,"FCLASS_US":null,"FCLASS_FR":null,"FCLASS_RU":null,"FCLASS_ES":null,"FCLASS_CN":null,"FCLASS_TW":null,"FCLASS_IN":null,"FCLASS_NP":null,"FCLASS_PK":null,"FCLASS_DE":null,"FCLASS_GB":null,"FCLASS_BR":null,"FCLASS_IL":null,"FCLASS_PS":null,"FCLASS_SA":null,"FCLASS_EG":null,"FCLASS_MA":null,"FCLASS_PT":null,"FCLASS_AR":null,"FCLASS_JP":null,"FCLASS_KO":null,"FCLASS_VN":null,"FCLASS_TR":null,"FCLASS_ID":null,"FCLASS_PL":null,"FCLASS_GR":null,"FCLASS_IT":null,"FCLASS_NL":null,"FCLASS_SE":null,"FCLASS_BD":null,"FCLASS_UA":null,"FCLASS_TLC":null}},
{"type":"Feature","geometry":null,"properties":{"featurecla":"Admin-1 states provinces","scalerank":10,"adm1_code":"PFA+00?","diss_me":10136,"iso_3166_2":"CN-X01~","wikipedia":null,"iso_a2":"CN","adm0_sr":6,"name":"Paracel Islands","name_alt":null,"name_local":null,"type":null,"type_en":null,"code_local":null,"code_hasc":"CN.X01~","note":null,"hasc_maybe":null,"region":null,"region_cod":null,"provnum_ne":0,"gadm_level":0,"check_me":20,"datarank":10,"abbrev":null,"postal":null,"area_sqkm":0,"sameascity":-99,"labelrank":20,"name_len":15,"mapcolor9":4,"mapcolor13":3,"fips":"PF","fips_alt":null,"woe_id":12497556,"woe_label":null,"woe_name":"Paracel Islands","latitude":15.7833,"longitude":111.201,"sov_a3":"CH1","adm0_a3":"CHN","adm0_label":6,"admin":"China","geonunit":"Paracel Islands","gu_a3":"PFA","gn_id":0,"gn_name":null,"gns_id":0,"gns_name":null,"gn_level":0,"gn_region":null,"gn_a1_code":"CN.","region_sub":null,"sub_code":null,"gns_level":0,"gns_lang":null,"gns_adm1":null,"gns_region":null,"min_label":18,"max_label":18,"min_zoom":4.6,"wikidataid":null,"name_ar":"جزر باراسيل","name_bn":"পারাসেল আইল্যান্ডস","name_de":"Paracel-Inseln","name_en":"Paracel Islands","name_es":"Islas Paracelso","name_fr":"Îles Paracels","name_el":"Νήσοι Παράσελ","name_hi":"पार्सल द्वीप","name_hu":"Paracel-szigetek","name_id":"Kepulauan Paracel","name_it":"Isole Paracelso","name_ja":"パラセル諸島","name_ko":"파라셀 아일랜즈","name_nl":"Paraceleilanden","name_pl":"Wyspy Paracelskie","name_pt":"Ilhas Paracel","name_ru":"Парасе́льские острова́","name_sv":"Paracelöarna","name_tr":"Paracel Adaları","name_vi":"Quần đảo Paracel","name_zh":"西沙群岛","ne_id":1159315645,"name_he":"איי פאראסל","name_uk":"Парасельські острови","name_ur":"پیراسیل جزائر","name_fa":"جزایر پارسل","name_zht":"西沙群島","FCLASS_ISO":null,"FCLASS_US":null,"FCLASS_FR":null,"FCLASS_RU":null,"FCLASS_ES":null,"FCLASS_CN":null,"FCLASS_TW":null,"FCLASS_IN":null,"FCLASS_NP":null,"FCLASS_PK":null,"FCLASS_DE":null,"FCLASS_GB":null,"FCLASS_BR":null,"FCLASS_IL":null,"FCLASS_PS":null,"FCLASS_SA":null,"FCLASS_EG":null,"FCLASS_MA":null,"FCLASS_PT":null,"FCLASS_AR":null,"FCLASS_JP":null,"FCLASS_KO":null,"FCLASS_VN":null,"FCLASS_TR":null,"FCLASS_ID":null,"FCLASS_PL":null,"FCLASS_GR":null,"FCLASS_IT":null,"FCLASS_NL":null,"FCLASS_SE":null,"FCLASS_BD":null,"FCLASS_UA":null,"FCLASS_TLC":null}},
{"type":"Feature","geometry":null,"properties":{"featurecla":"Admin-1 states provinces","scalerank":2,"adm1_code":"CAN-687","diss_me":687,"iso_3166_2":"CA-PE","wikipedia":"http://en.wikipedia.org/wiki/Prince_Edward_Island","iso_a2":"CA","adm0_sr":3,"name":"Prince Edward Island","name_alt":"Île de Saint-Jean|Île du Prince-Édouard","name_local":null,"type":"Province","type_en":"Province","code_local":null,"code_hasc":"CA.PE","note":null,"hasc_maybe":null,"region":"Eastern Canada","region_cod":null,"provnum_ne":9,"gadm_level":1,"check_me":20,"datarank":2,"abbrev":"P.E.I.","postal":"PE","area_sqkm":0,"sameascity":-99,"labelrank":2,"name_len":20,"mapcolor9":2,"mapcolor13":2,"fips":"CA09","fips_alt":null,"woe_id":2344923,"woe_label":"Prince Edward Island, CA, Canada","woe_name":"Prince Edward Island","latitude":46.3417,"longitude":-63.3862,"sov_a3":"CAN","adm0_a3":"CAN","adm0_label":2,"admin":"Canada","geonunit":"Canada","gu_a3":"CAN","gn_id":6113358,"gn_name":"Prince Edward Island","gns_id":-571729,"gns_name":"Ile-du-Prince-Edouard, Province d'","gn_level":1,"gn_region":null,"gn_a1_code":"CA.09","region_sub":"Atlantic Canada","sub_code":null,"gns_level":1,"gns_lang":"fra","gns_adm1":"CA09","gns_region":null,"min_label":3.5,"max_label":7.5,"min_zoom":2,"wikidataid":"Q1979","name_ar":"جزيرة الأمير إدوارد","name_bn":"প্রিন্স এডওয়ার্ড দ্বীপ","name_de":"Prince Edward Island","name_en":"Prince Edward Island","name_es":"Isla del Príncipe Eduardo","name_fr":"Île-du-Prince-Édouard","name_el":"Νήσος του Πρίγκηπα Εδουάρδου","name_hi":"प्रिंस एडवर्ड द्वीप","name_hu":"Prince Edward-sziget","name_id":"Pulau Pangeran Edward","name_it":"Isola del Principe Edoardo","name_ja":"プリンスエドワードアイランド州","name_ko":"프린스에드워드아일랜드","name_nl":"Prins Edwardeiland","name_pl":"Wyspa Księcia Edwarda","name_pt":"Ilha do Príncipe Eduardo","name_ru":"Остров Принца Эдуарда","name_sv":"Prince Edward Island","name_tr":"Prens Edward Adası","name_vi":"Đảo Hoàng tử Edward","name_zh":"爱德华王子岛","ne_id":1159310911,"name_he":"אי הנסיך אדוארד","name_uk":"Острів Принца Едварда","name_ur":"پرنس ایڈورڈ آئی لینڈ","name_fa":"جزیره پرنس ادوارد","name_zht":"愛德華王子島省","FCLASS_ISO":null,"FCLASS_US":null,"FCLASS_FR":null,"FCLASS_RU":null,"FCLASS_ES":null,"FCLASS_CN":null,"FCLASS_TW":null,"FCLASS_IN":null,"FCLASS_NP":null,"FCLASS_PK":null,"FCLASS_DE":null,"FCLASS_GB":null,"FCLASS_BR":null,"FCLASS_IL":null,"FCLASS_PS":null,"FCLASS_SA":null,"FCLASS_EG":null,"FCLASS_MA":null,"FCLASS_PT":null,"FCLASS_AR":null,"FCLASS_JP":null,"FCLASS_KO":null,"FCLASS_VN":null,"FCLASS_TR":null,"FCLASS_ID":null,"FCLASS_PL":null,"FCLASS_GR":null,"FCLASS_IT":null,"FCLASS_NL":null,"FCLASS_SE":null,"FCLASS_BD":null,"FCLASS_UA":null,"FCLASS_TLC":null}},
{"type":"Feature","geometry":null,"properties":{"featurecla":"Admin-1 states provinces","scalerank":11,"adm1_code":"RUS+99?","diss_me":10149,"iso_3166_2":"RU-X01~","wikipedia":null,"iso_a2":"RU","adm0_sr":6,"name":null,"name_alt":null,"name_local":null,"type":null,"type_en":null,"code_local":null,"code_hasc":"RU.X01~","note":"RUS-99 (Russia minor island)","hasc_maybe":null,"region":"Urals","region_cod":null,"provnum_ne":0,"gadm_level":0,"check_me":20,"datarank":11,"abbrev":null,"postal":null,"area_sqkm":0,"sameascity":-99,"labelrank":20,"name_len":0,"mapcolor9":7,"mapcolor13":7,"fips":null,"fips_alt":null,"woe_id":-99,"woe_label":null,"woe_name":null,"latitude":68.7999,"longitude":67.2613,"sov_a3":"RUS","adm0_a3":"RUS","adm0_label":2,"admin":"Russia","geonunit":"Russia","gu_a3":"RUS","gn_id":0,"gn_name":null,"gns_id":0,"gns_name":null,"gn_level":0,"gn_region":null,"gn_a1_code":"RU.","region_sub":"West Siberian","sub_code":null,"gns_level":0,"gns_lang":null,"gns_adm1":null,"gns_region":null,"min_label":5,"max_label":10.2,"min_zoom":4.7,"wikidataid":null,"name_ar":null,"name_bn":null,"name_de":null,"name_en":null,"name_es":null,"name_fr":null,"name_el":null,"name_hi":null,"name_hu":null,"name_id":null,"name_it":null,"name_ja":null,"name_ko":null,"name_nl":null,"name_pl":null,"name_pt":null,"name_ru":null,"name_sv":null,"name_tr":null,"name_vi":null,"name_zh":null,"ne_id":1159315597,"name_he":null,"name_uk":null,"name_ur":null,"name_fa":null,"name_zht":null,"FCLASS_ISO":null,"FCLASS_US":null,"FCLASS_FR":null,"FCLASS_RU":null,"FCLASS_ES":null,"FCLASS_CN":null,"FCLASS_TW":null,"FCLASS_IN":null,"FCLASS_NP":null,"FCLASS_PK":null,"FCLASS_DE":null,"FCLASS_GB":null,"FCLASS_BR":null,"FCLASS_IL":null,"FCLASS_PS":null,"FCLASS_SA":null,"FCLASS_EG":null,"FCLASS_MA":null,"FCLASS_PT":null,"FCLASS_AR":null,"FCLASS_JP":null,"FCLASS_KO":null,"FCLASS_VN":null,"FCLASS_TR":null,"FCLASS_ID":null,"FCLASS_PL":null,"FCLASS_GR":null,"FCLASS_IT":null,"FCLASS_NL":null,"FCLASS_SE":null,"FCLASS_BD":null,"FCLASS_UA":null,"FCLASS_TLC":null}},
{"type":"Feature","geometry":{"type":"Polygon","coordinates":[[[83.337063,24.140232],[83.521755,24.065896],[84.115,22.998855],[83.970203,22.539348],[84.908337,22.421965],[85.974112,22.104594],[86.039844,22.556737],[86.686523,22.218024],[86.749362,22.5448],[85.829831,23.260803],[87.079677,23.815213],[87.661554,24.186198],[87.895442,24.670303],[87.783717,25.214094],[87.117298,24.970879],[87.050015,24.597026],[86.097722,24.690483],[84.471981,24.307354],[83.523099,24.529666],[83.337063,24.140232]]]},"properties":{"featurecla":"Admin-1 states provinces","scalerank":2,"adm1_code":"IND-3256","diss_me":3256,"iso_3166_2":"IN-JH","wikipedia":null,"iso_a2":"IN","adm0_sr":1,"name":"Jharkhand","name_alt":"Vananchal","name_local":null,"type":"State","type_en":"State","code_local":null,"code_hasc":"IN.JH","note":null,"hasc_maybe":null,"region":"East","region_cod":null,"provnum_ne":20061,"gadm_level":1,"check_me":20,"datarank":1,"abbrev":null,"postal":"JH","area_sqkm":0,"sameascity":-99,"labelrank":2,"name_len":9,"mapcolor9":2,"mapcolor13":2,"fips":"IN38","fips_alt":"IN04|IN34","woe_id":20070463,"woe_label":"Jharkhand, IN, India","woe_name":"Jharkhand","latitude":23.5221,"longitude":85.0584,"sov_a3":"IND","adm0_a3":"IND","adm0_label":2,"admin":"India","geonunit":"India","gu_a3":"IND","gn_id":1444365,"gn_name":"State of Jharkhand","gns_id":6240778,"gns_name":"Jharkhand, State of","gn_level":1,"gn_region":null,"gn_a1_code":"IN.38","region_sub":null,"sub_code":null,"gns_level":1,"gns_lang":"eng","gns_adm1":"IN38","gns_region":null,"min_label":4.6,"max_label":10.1,"min_zoom":4.6,"wikidataid":"Q1184","name_ar":"جهارخاند","name_bn":"ঝাড়খণ্ড","name_de":"Jharkhand","name_en":"Jharkhand","name_es":"Jharkhand","name_fr":"Jharkhand","name_el":"Τζαρχάντ","name_hi":"झारखण्ड","name_hu":"Dzshárkhand","name_id":"Jharkhand","name_it":"Jharkhand","name_ja":"ジャールカンド州","name_ko":"자르칸드","name_nl":"Jharkhand","name_pl":"Jharkhand","name_pt":"Jharkhand","name_ru":"Джаркханд","name_sv":"Jharkhand","name_tr":"Jharkhand","name_vi":"Jharkhand","name_zh":"贾坎德邦","ne_id":1159314163,"name_he":"ג'הרקאנד","name_uk":"Джхаркханд","name_ur":"جھاڑکھنڈ","name_fa":"جارکند","name_zht":"賈坎德邦","FCLASS_ISO":null,"FCLASS_US":null,"FCLASS_FR":null,"FCLASS_RU":null,"FCLASS_ES":null,"FCLASS_CN":null,"FCLASS_TW":null,"FCLASS_IN":null,"FCLASS_NP":null,"FCLASS_PK":null,"FCLASS_DE":null,"FCLASS_GB":null,"FCLASS_BR":null,"FCLASS_IL":null,"FCLASS_PS":null,"FCLASS_SA":null,"FCLASS_EG":null,"FCLASS_MA":null,"FCLASS_PT":null,"FCLASS_AR":null,"FCLASS_JP":null,"FCLASS_KO":null,"FCLASS_VN":null,"FCLASS_TR":null,"FCLASS_ID":null,"FCLASS_PL":null,"FCLASS_GR":null,"FCLASS_IT":null,"FCLASS_NL":null,"FCLASS_SE":null,"FCLASS_BD":null,"FCLASS_UA":null,"FCLASS_TLC":null}},
{"type":"Feature","geometry":null,"properties":{"featurecla":"Admin-1 states provinces","scalerank":2,"adm1_code":"IND-2428","diss_me":2428,"iso_3166_2":"IN-DL","wikipedia":null,"iso_a2":"IN","adm0_sr":1,"name":"Delhi","name_alt":null,"name_local":null,"type":"Union Territor","type_en":"Union Territory","code_local":null,"code_hasc":"IN.DL","note":null,"hasc_maybe":null,"region":"Central","region_cod":null,"provnum_ne":20060,"gadm_level":1,"check_me":20,"datarank":1,"abbrev":null,"postal":"DL","area_sqkm":0,"sameascity":9,"labelrank":9,"name_len":5,"mapcolor9":2,"mapcolor13":2,"fips":"IN07","fips_alt":null,"woe_id":20070458,"woe_label":"Delhi, IN, India","woe_name":"Delhi","latitude":28.69,"longitude":77.0856,"sov_a3":"IND","adm0_a3":"IND","adm0_label":2,"admin":"India","geonunit":"India","gu_a3":"IND","gn_id":1273293,"gn_name":"National Capital Territory of Delhi","gns_id":-2094231,"gns_name":"Delhi, National Capital Territory of","gn_level":1,"gn_region":null,"gn_a1_code":"IN.07","region_sub":null,"sub_code":null,"gns_level":1,"gns_lang":"nld","gns_adm1":"IN07","gns_region":null,"min_label":4.6,"max_label":10.1,"min_zoom":4.6,"wikidataid":"Q1353","name_ar":"دلهي","name_bn":"দিল্লি","name_de":"Delhi","name_en":"Delhi","name_es":"Delhi","name_fr":"Delhi","name_el":"Δελχί","name_hi":"दिल्ली","name_hu":"Delhi","name_id":"Delhi","name_it":"Delhi","name_ja":"デリー","name_ko":"델리","name_nl":"Delhi","name_pl":"Delhi","name_pt":"Deli","name_ru":"Дели","name_sv":"Delhi","name_tr":"Delhi","name_vi":"Delhi","name_zh":"德里","ne_id":1159311875,"name_he":"דלהי","name_uk":"Делі","name_ur":"دہلی","name_fa":"دهلی","name_zht":"德里","FCLASS_ISO":null,"FCLASS_US":null,"FCLASS_FR":null,"FCLASS_RU":null,"FCLASS_ES":null,"FCLASS_CN":null,"FCLASS_TW":null,"FCLASS_IN":null,"FCLASS_NP":null,"FCLASS_PK":null,"FCLASS_DE":null,"FCLASS_GB":null,"FCLASS_BR":null,"FCLASS_IL":null,"FCLASS_PS":null,"FCLASS_SA":null,"FCLASS_EG":null,"FCLASS_MA":null,"FCLASS_PT":null,"FCLASS_AR":null,"FCLASS_JP":null,"FCLASS_KO":null,"FCLASS_VN":null,"FCLASS_TR":null,"FCLASS_ID":null,"FCLASS_PL":null,"FCLASS_GR":null,"FCLASS_IT":null,"FCLASS_NL":null,"FCLASS_SE":null,"FCLASS_BD":null,"FCLASS_UA":null,"FCLASS_TLC":null}},
{"type":"Feature","geometry":null,"properties":{"featurecla":"Admin-1 states provinces","scalerank":2,"adm1_code":"IND-2427","diss_me":2427,"iso_3166_2":"IN-CH","wikipedia":null,"iso_a2":"IN","adm0_sr":1,"name":"Chandigarh","name_alt":null,"name_local":null,"type":"Union Territor","type_en":"Union Territory","code_local":null,"code_hasc":"IN.CH","note":null,"hasc_maybe":null,"region":"North","region_cod":null,"provnum_ne":20057,"gadm_level":1,"check_me":20,"datarank":1,"abbrev":null,"postal":"CH","area_sqkm":0,"sameascity":9,"labelrank":9,"name_len":10,"mapcolor9":2,"mapcolor13":2,"fips":"IN05","fips_alt":null,"woe_id":20070456,"woe_label":"Chandigarh, IN, India","woe_name":"Chandigarh","latitude":30.7452,"longitude":76.7605,"sov_a3":"IND","adm0_a3":"IND","adm0_label":2,"admin":"India","geonunit":"India","gu_a3":"IND","gn_id":1274744,"gn_name":"Union Territory of Chandigarh","gns_id":-2092772,"gns_name":"Chandigarh, Union Territory of","gn_level":1,"gn_region":null,"gn_a1_code":"IN.05","region_sub":null,"sub_code":null,"gns_level":1,"gns_lang":"nld","gns_adm1":"IN05","gns_region":null,"min_label":4.6,"max_label":10.1,"min_zoom":4.6,"wikidataid":"Q43433","name_ar":"شانديغار","name_bn":"চণ্ডীগড়","name_de":"Chandigarh","name_en":"Chandigarh","name_es":"Chandigarh","name_fr":"Chandigarh","name_el":"Τσαντιγκάρ","name_hi":"चण्डीगढ़","name_hu":"Csandígarh","name_id":"Chandigarh","name_it":"Chandigarh","name_ja":"チャンディーガル","name_ko":"찬디가르","name_nl":"Chandigarh","name_pl":"Czandigarh","name_pt":"Chandigarh","name_ru":"Чандигарх","name_sv":"Chandigarh","name_tr":"Çhandigarh","name_vi":"Chandigarh","name_zh":"昌迪加尔","ne_id":1159311873,"name_he":"צ'אנדיגאר","name_uk":"Чандігарх","name_ur":"چندی گڑھ","name_fa":"چندیگر","name_zht":"昌迪加爾","FCLASS_ISO":null,"FCLASS_US":null,"FCLASS_FR":null,"FCLASS_RU":null,"FCLASS_ES":null,"FCLASS_CN":null,"FCLASS_TW":null,"FCLASS_IN":null,"FCLASS_NP":null,"FCLASS_PK":null,"FCLASS_DE":null,"FCLASS_GB":null,"FCLASS_BR":null,"FCLASS_IL":null,"FCLASS_PS":null,"FCLASS_SA":null,"FCLASS_EG":null,"FCLASS_MA":null,"FCLASS_PT":null,"FCLASS_AR":null,"FCLASS_JP":null,"FCLASS_KO":null,"FCLASS_VN":null,"FCLASS_TR":null,"FCLASS_ID":null,"FCLASS_PL":null,"FCLASS_GR":null,"FCLASS_IT":null,"FCLASS_NL":null,"FCLASS_SE":null,"FCLASS_BD":null,"FCLASS_UA":null,"FCLASS_TLC":null}},
{"type":"Feature","geometry":{"type":"Polygon","coordinates":[[[82.800869,23.998716],[82.772137,24.668314],[82.423631,24.647514],[81.585232,25.079632],[80.778667,24.971499],[80.283606,25.41447],[79.468152,25.103843],[78.515859,25.26621],[78.955005,24.392542],[78.228848,24.532741],[78.370545,25.552678],[78.714503,25.62593],[79.060839,26.355084],[78.935782,26.694443],[78.200116,26.823583],[76.907998,26.098588],[76.478361,25.7198],[76.913476,25.309308],[76.766612,24.160334],[75.805017,24.119122],[75.758818,24.777377],[74.806525,24.735777],[74.939023,23.687366],[74.323453,23.036062],[74.05639,22.294169],[74.12884,21.951761],[75.31192,21.38146],[76.614063,21.202479],[76.79369,21.577004],[77.332985,21.774459],[77.578035,21.384457],[78.413333,21.606304],[78.696003,21.474762],[79.413065,21.689813],[80.186661,21.63948],[80.679034,21.351152],[81.122522,22.400519],[81.76641,22.663992],[82.800869,23.998716]]]},"properties":{"featurecla":"Admin-1 states provinces","scalerank":2,"adm1_code":"IND-3261","diss_me":3261,"iso_3166_2":"IN-MP","wikipedia":null,"iso_a2":"IN","adm0_sr":1,"name":"Madhya Pradesh","name_alt":null,"name_local":null,"type":"State","type_en":"State","code_local":null,"code_hasc":"IN.MP","note":null,"hasc_maybe":null,"region":"Central","region_cod":null,"provnum_ne":20056,"gadm_level":1,"check_me":20,"datarank":1,"abbrev":null,"postal":"MP","area_sqkm":0,"sameascity":-99,"labelrank":2,"name_len":14,"mapcolor9":2,"mapcolor13":2,"fips":"IN35","fips_alt":"IN15","woe_id":2345749,"woe_label":"Madhya Pradesh, IN, India","woe_name":"Madhya Pradesh","latitude":22.9404,"longitude":78.4214,"sov_a3":"IND","adm0_a3":"IND","adm0_label":2,"admin":"India","geonunit":"India","gu_a3":"IND","gn_id":1264542,"gn_name":"State of Madhya Pradesh","gns_id":-2103026,"gns_name":"Madhya Pradesh, State of","gn_level":1,"gn_region":null,"gn_a1_code":"IN.35","region_sub":null,"sub_code":null,"gns_level":1,"gns_lang":"nld","gns_adm1":"IN35","gns_region":null,"min_label":4.6,"max_label":10.1,"min_zoom":4.6,"wikidataid":"Q1188","name_ar":"ماديا براديش","name_bn":"মধ্যপ্রদেশ","name_de":"Madhya Pradesh","name_en":"Madhya Pradesh","name_es":"Madhya Pradesh","name_fr":"Madhya Pradesh","name_el":"Μαντία Πραντές","name_hi":"मध्य प्रदेश","name_hu":"Madhja Prades","name_id":"Madhya Pradesh","name_it":"Madhya Pradesh","name_ja":"マディヤ・プラデーシュ州","name_ko":"마디아프라데시","name_nl":"Madhya Pradesh","name_pl":"Madhya Pradesh","name_pt":"Madhya Pradesh","name_ru":"Мадхья-Прадеш","name_sv":"Madhya Pradesh","name_tr":"Madhya Pradeş","name_vi":"Madhya Pradesh","name_zh":"中央邦","ne_id":1159314173,"name_he":"מאדהיה פרדש","name_uk":"Мадх'я-Прадеш","name_ur":"مدھیہ پردیش","name_fa":"مادایا پرادش","name_zht":"中央邦","FCLASS_ISO":null,"FCLASS_US":null,"FCLASS_FR":null,"FCLASS_RU":null,"FCLASS_ES":null,"FCLASS_CN":null,"FCLASS_TW":null,"FCLASS_IN":null,"FCLASS_NP":null,"FCLASS_PK":null,"FCLASS_DE":null,"FCLASS_GB":null,"FCLASS_BR":null,"FCLASS_IL":null,"FCLASS_PS":null,"FCLASS_SA":null,"FCLASS_EG":null,"FCLASS_MA":null,"FCLASS_PT":null,"FCLASS_AR":null,"FCLASS_JP":null,"FCLASS_KO":null,"FCLASS_VN":null,"FCLASS_TR":null,"FCLASS_ID":null,"FCLASS_PL":null,"FCLASS_GR":null,"FCLASS_IT":null,"FCLASS_NL":null,"FCLASS_SE":null,"FCLASS_BD":null,"FCLASS_UA":null,"FCLASS_TLC":null}},
{"type":"Feature","geometry":{"type":"Polygon","coordinates":[[[9.949243,51.381799],[9.440075,51.649044],[8.13447,50.684038],[8.41683,49.579455],[9.11069,49.575114],[10.055025,50.516503],[10.23026,51.184318],[9.949243,51.381799]]]},"properties":{"featurecla":"Admin-1 states provinces","scalerank":3,"adm1_code":"DEU-1574","diss_me":1574,"iso_3166_2":"DE-HE","wikipedia":null,"iso_a2":"DE","adm0_sr":1,"name":"Hessen","name_alt":"Hesse","name_local":null,"type":"Land","type_en":"State","code_local":null,"code_hasc":"DE.HE","note":null,"hasc_maybe":null,"region":null,"region_cod":null,"provnum_ne":19,"gadm_level":1,"check_me":20,"datarank":3,"abbrev":null,"postal":"HE","area_sqkm":0,"sameascity":-99,"labelrank":3,"name_len":6,"mapcolor9":5,"mapcolor13":1,"fips":"GM05","fips_alt":null,"woe_id":2345485,"woe_label":"Hesse, DE, Germany","woe_name":"Hessen","latitude":50.6098,"longitude":8.95873,"sov_a3":"DEU","adm0_a3":"DEU","adm0_label":2,"admin":"Germany","geonunit":"Germany","gu_a3":"DEU","gn_id":2905330,"gn_name":"Land Hessen","gns_id":-1791414,"gns_name":"Hessen","gn_level":1,"gn_region":null,"gn_a1_code":"DE.05","region_sub":null,"sub_code":null,"gns_level":1,"gns_lang":"zho","gns_adm1":"GM05","gns_region":null,"min_label":6.6,"max_label":11,"min_zoom":6.6,"wikidataid":"Q1199","name_ar":"هسن","name_bn":"হেসেন","name_de":"Hessen","name_en":"Hesse","name_es":"Hesse","name_fr":"Hesse","name_el":"Έσση","name_hi":"हेसे","name_hu":"Hessen","name_id":"Hessen","name_it":"Assia","name_ja":"ヘッセン州","name_ko":"헤센","name_nl":"Hessen","name_pl":"Hesja","name_pt":"Hesse","name_ru":"Гессен","name_sv":"Hessen","name_tr":"Hessen","name_vi":"Hessen","name_zh":"黑森","ne_id":1159310977,"name_he":"הסן","name_uk":"Гессен","name_ur":"ہیسے","name_fa":"هسن","name_zht":"黑森","FCLASS_ISO":null,"FCLASS_US":null,"FCLASS_FR":null,"FCLASS_RU":null,"FCLASS_ES":null,"FCLASS_CN":null,"FCLASS_TW":null,"FCLASS_IN":null,"FCLASS_NP":null,"FCLASS_PK":null,"FCLASS_DE":null,"FCLASS_GB":null,"FCLASS_BR":null,"FCLASS_IL":null,"FCLASS_PS":null,"FCLASS_SA":null,"FCLASS_EG":null,"FCLASS_MA":null,"FCLASS_PT":null,"FCLASS_AR":null,"FCLASS_JP":null,"FCLASS_KO":null,"FCLASS_VN":null,"FCLASS_TR":null,"FCLASS_ID":null,"FCLASS_PL":null,"FCLASS_GR":null,"FCLASS_IT":null,"FCLASS_NL":null,"FCLASS_SE":null,"FCLASS_BD":null,"FCLASS_UA":null,"FCLASS_TLC":null}},
{"type":"Feature","geometry":{"type":"Polygon","coordinates":[[[9.949243,51.381799],[10.23026,51.184318],[10.055025,50.516503],[10.592408,50.322872],[11.9053,50.415166],[12.264554,51.083756],[11.427396,51.098793],[10.697621,51.637365],[9.949243,51.381799]]]},"properties":{"featurecla":"Admin-1 states provinces","scalerank":3,"adm1_code":"DEU-1577","diss_me":1577,"iso_3166_2":"DE-TH","wikipedia":null,"iso_a2":"DE","adm0_sr":1,"name":"Thüringen","name_alt":"Thuringia","name_local":null,"type":"Land","type_en":"State","code_local":null,"code_hasc":"DE.TH","note":null,"hasc_maybe":null,"region":null,"region_cod":null,"provnum_ne":20,"gadm_level":1,"check_me":20,"datarank":3,"abbrev":null,"postal":"TH","area_sqkm":0,"sameascity":-99,"labelrank":3,"name_len":9,"mapcolor9":5,"mapcolor13":1,"fips":"GM15","fips_alt":null,"woe_id":2345495,"woe_label":"Thuringia, DE, Germany","woe_name":"Thüringen","latitude":50.9052,"longitude":11.0976,"sov_a3":"DEU","adm0_a3":"DEU","adm0_label":2,"admin":"Germany","geonunit":"Germany","gu_a3":"DEU","gn_id":2822542,"gn_name":"Freistaat Thuringen","gns_id":-1874498,"gns_name":"Thuringen","gn_level":1,"gn_region":null,"gn_a1_code":"DE.15","region_sub":null,"sub_code":null,"gns_level":1,"gns_lang":"zho","gns_adm1":"GM15","gns_region":null,"min_label":6.6,"max_label":11,"min_zoom":6.6,"wikidataid":"Q1205","name_ar":"تورينغن","name_bn":"টুরিঙেন","name_de":"Thüringen","name_en":"Thuringia","name_es":"Turingia","name_fr":"Thuringe","name_el":"Θουριγγία","name_hi":"ठुरुंगिया","name_hu":"Türingia","name_id":"Thüringen","name_it":"Turingia","name_ja":"テューリンゲン州","name_ko":"튀링겐","name_nl":"Thüringen","name_pl":"Turyngia","name_pt":"Turíngia","name_ru":"Тюрингия","name_sv":"Thüringen","name_tr":"Türingiya","name_vi":"Thüringen","name_zh":"图林根","ne_id":1159310983,"name_he":"תורינגיה","name_uk":"Тюрингія","name_ur":"تورینگن","name_fa":"تورینگن","name_zht":"圖林根","FCLASS_ISO":null,"FCLASS_US":null,"FCLASS_FR":null,"FCLASS_RU":null,"FCLASS_ES":null,"FCLASS_CN":null,"FCLASS_TW":null,"FCLASS_IN":null,"FCLASS_NP":null,"FCLASS_PK":null,"FCLASS_DE":null,"FCLASS_GB":null,"FCLASS_BR":null,"FCLASS_IL":null,"FCLASS_PS":null,"FCLASS_SA":null,"FCLASS_EG":null,"FCLASS_MA":null,"FCLASS_PT":null,"FCLASS_AR":null,"FCLASS_JP":null,"FCLASS_KO":null,"FCLASS_VN":null,"FCLASS_TR":null,"FCLASS_ID":null,"FCLASS_PL":null,"FCLASS_GR":null,"FCLASS_IT":null,"FCLASS_NL":null,"FCLASS_SE":null,"FCLASS_BD":null,"FCLASS_UA":null,"FCLASS_TLC":null}},
{"type":"Feature","geometry":{"type":"Polygon","coordinates":[[[10.697621,51.637365],[11.427396,51.098793],[12.264554,51.083756],[12.235357,51.56215],[13.061663,51.615093],[12.19908,52.19392],[12.203266,52.865921],[11.58134,53.042861],[10.756894,52.786494],[11.082921,52.225133],[10.697621,51.637365]]]},"properties":{"featurecla":"Admin-1 states provinces","scalerank":3,"adm1_code":"DEU-1600","diss_me":1600,"iso_3166_2":"DE-ST","wikipedia":null,"iso_a2":"DE","adm0_sr":1,"name":"Sachsen-Anhalt","name_alt":"Saxony-Anhalt","name_local":null,"type":"Land","type_en":"State","code_local":null,"code_hasc":"DE.ST","note":null,"hasc_maybe":null,"region":null,"region_cod":null,"provnum_ne":18,"gadm_level":1,"check_me":20,"datarank":3,"abbrev":null,"postal":"ST","area_sqkm":0,"sameascity":-99,"labelrank":3,"name_len":14,"mapcolor9":5,"mapcolor13":1,"fips":"GM14","fips_alt":null,"woe_id":2345494,"woe_label":"Saxony-Anhalt, DE, Germany","woe_name":"Sachsen-Anhalt","latitude":51.9338,"longitude":11.6796,"sov_a3":"DEU","adm0_a3":"DEU","adm0_label":2,"admin":"Germany","geonunit":"Germany","gu_a3":"DEU","gn_id":2842565,"gn_name":"Land Sachsen-Anhalt","gns_id":-1854403,"gns_name":"Sachsen-Anhalt","gn_level":1,"gn_region":null,"gn_a1_code":"DE.14","region_sub":null,"sub_code":null,"gns_level":1,"gns_lang":"zho","gns_adm1":"GM14","gns_region":null,"min_label":6.6,"max_label":11,"min_zoom":6.6,"wikidataid":"Q1206","name_ar":"سكسونيا أنهالت","name_bn":"জাখসেন-আনহাল্ট","name_de":"Sachsen-Anhalt","name_en":"Saxony-Anhalt","name_es":"Sajonia-Anhalt","name_fr":"Saxe-Anhalt","name_el":"Σαξονία-Άνχαλτ","name_hi":"सैक्सोनी-एन्हाल्ट","name_hu":"Szász-Anhalt","name_id":"Sachsen-Anhalt","name_it":"Sassonia-Anhalt","name_ja":"ザクセン＝アンハルト州","name_ko":"작센안할트","name_nl":"Saksen-Anhalt","name_pl":"Saksonia-Anhalt","name_pt":"Saxônia-Anhalt","name_ru":"Саксония-Анхальт","name_sv":"Sachsen-Anhalt","name_tr":"Saksonya-Anhalt","name_vi":"Sachsen-Anhalt","name_zh":"萨克森－安哈尔特","ne_id":1159312771,"name_he":"סקסוניה-אנהלט","name_uk":"Саксонія-Ангальт","name_ur":"زاکسن-آنہالت","name_fa":"زاکسن-آنهالت","name_zht":"薩克森－安哈爾特","FCLASS_ISO":null,"FCLASS_US":null,"FCLASS_FR":null,"FCLASS_RU":null,"FCLASS_ES":null,"FCLASS_CN":null,"FCLASS_TW":null,"FCLASS_IN":null,"FCLASS_NP":null,"FCLASS_PK":null,"FCLASS_DE":null,"FCLASS_GB":null,"FCLASS_BR":null,"FCLASS_IL":null,"FCLASS_PS":null,"FCLASS_SA":null,"FCLASS_EG":null,"FCLASS_MA":null,"FCLASS_PT":null,"FCLASS_AR":null,"FCLASS_JP":null,"FCLASS_KO":null,"FCLASS_VN":null,"FCLASS_TR":null,"FCLASS_ID":null,"FCLASS_PL":null,"FCLASS_GR":null,"FCLASS_IT":null,"FCLASS_NL":null,"FCLASS_SE":null,"FCLASS_BD":null,"FCLASS_UA":null,"FCLASS_TLC":null}},
{"type":"Feature","geometry":null,"properties":{"featurecla":"Admin-1 states provinces","scalerank":3,"adm1_code":"DEU-1599","diss_me":1599,"iso_3166_2":"DE-BE","wikipedia":null,"iso_a2":"DE","adm0_sr":1,"name":"Berlin","name_alt":null,"name_local":null,"type":"Land","type_en":"State","code_local":null,"code_hasc":"DE.BE","note":null,"hasc_maybe":null,"region":null,"region_cod":null,"provnum_ne":7,"gadm_level":1,"check_me":20,"datarank":3,"abbrev":null,"postal":"BE","area_sqkm":0,"sameascity":9,"labelrank":9,"name_len":6,"mapcolor9":5,"mapcolor13":1,"fips":"GM16","fips_alt":null,"woe_id":2345496,"woe_label":"Berlin, DE, Germany","woe_name":"Berlin","latitude":52.5131,"longitude":13.4213,"sov_a3":"DEU","adm0_a3":"DEU","adm0_label":2,"admin":"Germany","geonunit":"Germany","gu_a3":"DEU","gn_id":2950157,"gn_name":"Land Berlin","gns_id":-1746445,"gns_name":"Berlin","gn_level":1,"gn_region":null,"gn_a1_code":"DE.16","region_sub":null,"sub_code":null,"gns_level":1,"gns_lang":"zho","gns_adm1":"GM16","gns_region":null,"min_label":6.6,"max_label":11,"min_zoom":6.6,"wikidataid":"Q64","name_ar":"برلين","name_bn":"বার্লিন","name_de":"Berlin","name_en":"Berlin","name_es":"Berlín","name_fr":"Berlin","name_el":"Βερολίνο","name_hi":"बर्लिन","name_hu":"Berlin","name_id":"Berlin","name_it":"Berlino","name_ja":"ベルリン","name_ko":"베를린","name_nl":"Berlijn","name_pl":"Berlin","name_pt":"Berlim","name_ru":"Берлин","name_sv":"Berlin","name_tr":"Berlin","name_vi":"Berlin","name_zh":"柏林","ne_id":1159312769,"name_he":"ברלין","name_uk":"Берлін","name_ur":"برلن","name_fa":"برلین","name_zht":"柏林","FCLASS_ISO":null,"FCLASS_US":null,"FCLASS_FR":null,"FCLASS_RU":null,"FCLASS_ES":null,"FCLASS_CN":null,"FCLASS_TW":null,"FCLASS_IN":null,"FCLASS_NP":null,"FCLASS_PK":null,"FCLASS_DE":null,"FCLASS_GB":null,"FCLASS_BR":null,"FCLASS_IL":null,"FCLASS_PS":null,"FCLASS_SA":null,"FCLASS_EG":null,"FCLASS_MA":null,"FCLASS_PT":null,"FCLASS_AR":null,"FCLASS_JP":null,"FCLASS_KO":null,"FCLASS_VN":null,"FCLASS_TR":null,"FCLASS_ID":null,"FCLASS_PL":null,"FCLASS_GR":null,"FCLASS_IT":null,"FCLASS_NL":null,"FCLASS_SE":null,"FCLASS_BD":null,"FCLASS_UA":null,"FCLASS_TLC":null}},
{"type":"Feature","geometry":{"type":"Polygon","coordinates":[[[117.356796,40.257026],[116.675804,40.940137],[115.728161,40.539593],[115.463423,39.643214],[116.793419,39.602312],[116.875636,39.686467],[117.239077,40.092618],[117.356796,40.257026]]]},"properties":{"featurecla":"Admin-1 states provinces","scalerank":2,"adm1_code":"CHN-1155","diss_me":1155,"iso_3166_2":"CN-BJ","wikipedia":null,"iso_a2":"CN","adm0_sr":1,"name":"Beijing","name_alt":"Běijīng","name_local":"北京|北京","type":"Zhíxiáshì","type_en":"Municipality","code_local":null,"code_hasc":"CN.BJ","note":null,"hasc_maybe":null,"region":"North China","region_cod":"1","provnum_ne":45,"gadm_level":1,"check_me":20,"datarank":1,"abbrev":null,"postal":"BJ","area_sqkm":0,"sameascity":7,"labelrank":7,"name_len":7,"mapcolor9":4,"mapcolor13":3,"fips":"CH22","fips_alt":null,"woe_id":12578011,"woe_label":"Beijing, CN, China","woe_name":"Beijing","latitude":39.9488,"longitude":116.389,"sov_a3":"CH1","adm0_a3":"CHN","adm0_label":2,"admin":"China","geonunit":"China","gu_a3":"CHN","gn_id":2038349,"gn_name":"Beijing Shi","gns_id":-1898545,"gns_name":"Beijing Shi","gn_level":1,"gn_region":null,"gn_a1_code":"CN.22","region_sub":null,"sub_code":null,"gns_level":1,"gns_lang":"zho","gns_adm1":"CH22","gns_region":null,"min_label":4.6,"max_label":10.1,"min_zoom":4.6,"wikidataid":"Q956","name_ar":"بكين","name_bn":"বেইজিং","name_de":"Peking","name_en":"Beijing","name_es":"Pekín","name_fr":"Pékin","name_el":"Πεκίνο","name_hi":"बीजिंग","name_hu":"Peking","name_id":"Beijing","name_it":"Pechino","name_ja":"北京市","name_ko":"베이징시","name_nl":"Peking","name_pl":"Pekin","name_pt":"Pequim","name_ru":"Пекин","name_sv":"Peking","name_tr":"Pekin","name_vi":"Bắc Kinh","name_zh":"北京市","ne_id":1159310969,"name_he":"בייג'ינג","name_uk":"Пекін","name_ur":"بیجنگ","name_fa":"پکن","name_zht":"北京市","FCLASS_ISO":null,"FCLASS_US":null,"FCLASS_FR":null,"FCLASS_RU":null,"FCLASS_ES":null,"FCLASS_CN":null,"FCLASS_TW":null,"FCLASS_IN":null,"FCLASS_NP":null,"FCLASS_PK":null,"FCLASS_DE":null,"FCLASS_GB":null,"FCLASS_BR":null,"FCLASS_IL":null,"FCLASS_PS":null,"FCLASS_SA":null,"FCLASS_EG":null,"FCLASS_MA":null,"FCLASS_PT":null,"FCLASS_AR":null,"FCLASS_JP":null,"FCLASS_KO":null,"FCLASS_VN":null,"FCLASS_TR":null,"FCLASS_ID":null,"FCLASS_PL":null,"FCLASS_GR":null,"FCLASS_IT":null,"FCLASS_NL":null,"FCLASS_SE":null,"FCLASS_BD":null,"FCLASS_UA":null,"FCLASS_TLC":null}},
{"type":"Feature","geometry":{"type":"Polygon","coordinates":[[[108.518369,32.19757],[107.960057,32.158347],[106.712588,32.737821],[106.228948,32.591964],[105.498553,32.907397],[104.898331,32.611834],[104.405855,33.063279],[104.093006,33.66854],[103.184172,33.822096],[102.78182,34.274187],[101.77754,33.530047],[101.164141,33.128082],[101.170807,32.688341],[99.698545,32.744617],[98.852085,33.174875],[98.645845,33.676162],[98.034926,33.959788],[97.383545,33.869871],[97.724299,33.406127],[97.360962,32.897036],[97.715721,32.54419],[98.014152,32.464505],[98.884952,31.354081],[99.108814,29.223772],[100.143066,28.341578],[100.202081,27.898788],[100.660916,27.875095],[101.141455,27.044861],[101.50288,26.766429],[101.579981,26.306922],[102.112558,26.084429],[103.057927,26.557242],[102.889462,27.291487],[103.508545,27.864527],[103.571797,28.243186],[104.268499,28.333801],[104.604758,27.845846],[105.296963,27.721745],[106.345375,27.834942],[105.683193,28.583449],[106.382427,28.572494],[105.745308,28.994768],[105.291072,29.584784],[105.709961,29.867505],[105.791713,30.423363],[107.03293,30.057856],[107.849882,30.809618],[108.500695,31.790825],[108.518369,32.19757]]]},"properties":{"featurecla":"Admin-1 states provinces","scalerank":2,"adm1_code":"CHN-1809","diss_me":1809,"iso_3166_2":"CN-SC","wikipedia":null,"iso_a2":"CN","adm0_sr":1,"name":"Sichuan","name_alt":"Sìchuān","name_local":"四川","type":"Shěng","type_en":"Province","code_local":null,"code_hasc":"CN.SC","note":null,"hasc_maybe":null,"region":"Southwest China","region_cod":"5","provnum_ne":42,"gadm_level":1,"check_me":20,"datarank":1,"abbrev":null,"postal":"SC","area_sqkm":0,"sameascity":-99,"labelrank":2,"name_len":7,"mapcolor9":4,"mapcolor13":3,"fips":"CH32","fips_alt":"CH27","woe_id":12578016,"woe_label":"Sichuan, CN, China","woe_name":"Sichuan","latitude":30.5431,"longitude":102.384,"sov_a3":"CH1","adm0_a3":"CHN","adm0_label":2,"admin":"China","geonunit":"China","gu_a3":"CHN","gn_id":1794299,"gn_name":"Sichuan Sheng","gns_id":-1926775,"gns_name":"Sichuan Sheng","gn_level":1,"gn_region":null,"gn_a1_code":"CN.32","region_sub":"Western","sub_code":null,"gns_level":1,"gns_lang":"zho","gns_adm1":"CH32","gns_region":null,"min_label":4.6,"max_label":10.1,"min_zoom":4.6,"wikidataid":"Q19770","name_ar":"سيتشوان","name_bn":"সিছুয়ান","name_de":"Sichuan","name_en":"Sichuan","name_es":"Sichuan","name_fr":"Sichuan","name_el":"Σιτσουάν","name_hi":"सिचुआन","name_hu":"Szecsuan","name_id":"Sichuan","name_it":"Sichuan","name_ja":"四川省","name_ko":"쓰촨성","name_nl":"Sichuan","name_pl":"Syczuan","name_pt":"Sujuão","name_ru":"Сычуань","name_sv":"Sichuan","name_tr":"Siçuan","name_vi":"Tứ Xuyên","name_zh":"四川省","ne_id":1159312663,"name_he":"סצ'ואן","name_uk":"Сичуань","name_ur":"سیچوان","name_fa":"سیچوآن","name_zht":"四川省","FCLASS_ISO":null,"FCLASS_US":null,"FCLASS_FR":null,"FCLASS_RU":null,"FCLASS_ES":null,"FCLASS_CN":null,"FCLASS_TW":null,"FCLASS_IN":null,"FCLASS_NP":null,"FCLASS_PK":null,"FCLASS_DE":null,"FCLASS_GB":null,"FCLASS_BR":null,"FCLASS_IL":null,"FCLASS_PS":null,"FCLASS_SA":null,"FCLASS_EG":null,"FCLASS_MA":null,"FCLASS_PT":null,"FCLASS_AR":null,"FCLASS_JP":null,"FCLASS_KO":null,"FCLASS_VN":null,"FCLASS_TR":null,"FCLASS_ID":null,"FCLASS_PL":null,"FCLASS_GR":null,"FCLASS_IT":null,"FCLASS_NL":null,"FCLASS_SE":null,"FCLASS_BD":null,"FCLASS_UA":null,"FCLASS_TLC":null}},
{"type":"Feature","geometry":{"type":"Polygon","coordinates":[[[108.518369,32.19757],[108.500695,31.790825],[107.849882,30.809618],[107.03293,30.057856],[105.791713,30.423363],[105.709961,29.867505],[105.291072,29.584784],[105.745308,28.994768],[106.382427,28.572494],[106.750001,28.502162],[107.783478,29.137369],[108.286238,29.077166],[108.728485,28.24223],[109.258375,28.505909],[109.206595,29.104244],[108.538213,29.885463],[108.433206,30.487287],[109.394181,30.583741],[110.127676,30.906408],[110.108246,31.398032],[109.593962,31.737598],[109.335993,31.705249],[108.518369,32.19757]]]},"properties":{"featurecla":"Admin-1 states provinces","scalerank":2,"adm1_code":"CHN-1154","diss_me":1154,"iso_3166_2":"CN-CQ","wikipedia":null,"iso_a2":"CN","adm0_sr":1,"name":"Chongqing","name_alt":"Chóngqìng","name_local":"重慶|重庆","type":"Zhíxiáshì","type_en":"Municipality","code_local":null,"code_hasc":"CN.CQ","note":null,"hasc_maybe":null,"region":"Southwest China","region_cod":"5","provnum_ne":51,"gadm_level":1,"check_me":20,"datarank":1,"abbrev":null,"postal":"CQ","area_sqkm":0,"sameascity":7,"labelrank":2,"name_len":9,"mapcolor9":4,"mapcolor13":3,"fips":"CH33","fips_alt":"CH18|CH32","woe_id":20070171,"woe_label":"Chongqing, CN, China","woe_name":"Chongqing","latitude":30.0173,"longitude":107.73,"sov_a3":"CH1","adm0_a3":"CHN","adm0_label":2,"admin":"China","geonunit":"China","gu_a3":"CHN","gn_id":1814905,"gn_name":"Chongqing Shi","gns_id":-1900775,"gns_name":"Chongqing Shi","gn_level":1,"gn_region":null,"gn_a1_code":"CN.33","region_sub":"Western","sub_code":null,"gns_level":1,"gns_lang":"zho","gns_adm1":"CH33","gns_region":null,"min_label":4.6,"max_label":10.1,"min_zoom":4.6,"wikidataid":"Q11725","name_ar":"تشونغتشينغ","name_bn":"ছুংছিং","name_de":"Chongqing","name_en":"Chongqing","name_es":"Chongqing","name_fr":"Chongqing","name_el":"Τσονγκίνγκ","name_hi":"चोंग्किंग","name_hu":"Csungking","name_id":"Chongqing","name_it":"Chongqing","name_ja":"重慶市","name_ko":"충칭시","name_nl":"Chongqing","name_pl":"Chongqing","name_pt":"Chongqing","name_ru":"Чунцин","name_sv":"Chongqing","name_tr":"Çongçing","name_vi":"Trùng Khánh","name_zh":"重庆市","ne_id":1159310931,"name_he":"צ'ונגצ'ינג","name_uk":"Чунцін","name_ur":"چونگ کینگ","name_fa":"چونگکینگ","name_zht":"重慶市","FCLASS_ISO":null,"FCLASS_US":null,"FCLASS_FR":null,"FCLASS_RU":null,"FCLASS_ES":null,"FCLASS_CN":null,"FCLASS_TW":null,"FCLASS_IN":null,"FCLASS_NP":null,"FCLASS_PK":null,"FCLASS_DE":null,"FCLASS_GB":null,"FCLASS_BR":null,"FCLASS_IL":null,"FCLASS_PS":null,"FCLASS_SA":null,"FCLASS_EG":null,"FCLASS_MA":null,"FCLASS_PT":null,"FCLASS_AR":null,"FCLASS_JP":null,"FCLASS_KO":null,"FCLASS_VN":null,"FCLASS_TR":null,"FCLASS_ID":null,"FCLASS_PL":null,"FCLASS_GR":null,"FCLASS_IT":null,"FCLASS_NL":null,"FCLASS_SE":null,"FCLASS_BD":null,"FCLASS_UA":null,"FCLASS_TLC":null}},
{"type":"Feature","geometry":{"type":"Polygon","coordinates":[[[109.258375,28.505909],[108.728485,28.24223],[108.286238,29.077166],[107.783478,29.137369],[106.750001,28.502162],[106.382427,28.572494],[105.683193,28.583449],[106.345375,27.834942],[105.296963,27.721745],[105.197383,27.398638],[103.695407,27.151702],[103.829249,26.547114],[104.675503,26.379269],[104.306223,25.664765],[104.719738,25.210942],[104.539852,24.741772],[105.100076,24.954317],[106.001158,24.64847],[106.306566,24.981473],[106.995516,25.255384],[107.861871,25.145959],[109.30044,25.743054],[109.456709,26.03885],[109.418366,27.559507],[109.258375,28.505909]]]},"properties":{"featurecla":"Admin-1 states provinces","scalerank":2,"adm1_code":"CHN-1153","diss_me":1153,"iso_3166_2":"CN-GZ","wikipedia":null,"iso_a2":"CN","adm0_sr":1,"name":"Guizhou","name_alt":"Gùizhōu","name_local":"貴州|贵州","type":"Shěng","type_en":"Province","code_local":null,"code_hasc":"CN.GZ","note":null,"hasc_maybe":null,"region":"Southwest China","region_cod":"5","provnum_ne":41,"gadm_level":1,"check_me":20,"datarank":1,"abbrev":null,"postal":"GZ","area_sqkm":0,"sameascity":-99,"labelrank":2,"name_len":7,"mapcolor9":4,"mapcolor13":3,"fips":"CH18","fips_alt":null,"woe_id":12578007,"woe_label":"Guizhou, CN, China","woe_name":"Guizhou","latitude":26.8033,"longitude":106.559,"sov_a3":"CH1","adm0_a3":"CHN","adm0_label":2,"admin":"China","geonunit":"China","gu_a3":"CHN","gn_id":1809445,"gn_name":"Guizhou Sheng","gns_id":-1907620,"gns_name":"Guizhou Sheng","gn_level":1,"gn_region":null,"gn_a1_code":"CN.18","region_sub":"Western","sub_code":null,"gns_level":1,"gns_lang":"zho","gns_adm1":"CH18","gns_region":null,"min_label":4.6,"max_label":10.1,"min_zoom":4.6,"wikidataid":"Q47097","name_ar":"قويتشو","name_bn":"কুয়েইচৌ","name_de":"Guizhou","name_en":"Guizhou","name_es":"Guizhou","name_fr":"Guizhou","name_el":"Κουεϊτσόου","name_hi":"गुइझोऊ","name_hu":"Kujcsou","name_id":"Guizhou","name_it":"Guizhou","name_ja":"貴州省","name_ko":"구이저우성","name_nl":"Guizhou","name_pl":"Kuejczou","name_pt":"Guizhou","name_ru":"Гуйчжоу","name_sv":"Guizhou","name_tr":"Guizhou","name_vi":"Quý Châu","name_zh":"贵州省","ne_id":1159310929,"name_he":"גוויג'ואו","name_uk":"Ґуйчжоу","name_ur":"گوئیژو","name_fa":"گوئیژو","name_zht":"貴州省","FCLASS_ISO":null,"FCLASS_US":null,"FCLASS_FR":null,"FCLASS_RU":null,"FCLASS_ES":null,"FCLASS_CN":null,"FCLASS_TW":null,"FCLASS_IN":null,"FCLASS_NP":null,"FCLASS_PK":null,"FCLASS_DE":null,"FCLASS_GB":null,"FCLASS_BR":null,"FCLASS_IL":null,"FCLASS_PS":null,"FCLASS_SA":null,"FCLASS_EG":null,"FCLASS_MA":null,"FCLASS_PT":null,"FCLASS_AR":null,"FCLASS_JP":null,"FCLASS_KO":null,"FCLASS_VN":null,"FCLASS_TR":null,"FCLASS_ID":null,"FCLASS_PL":null,"FCLASS_GR":null,"FCLASS_IT":null,"FCLASS_NL":null,"FCLASS_SE":null,"FCLASS_BD":null,"FCLASS_UA":null,"FCLASS_TLC":null}},
{"type":"Feature","geometry":{"type":"Polygon","coordinates":[[[109.258375,28.505909],[109.418366,27.559507],[109.456709,26.03885],[110.246997,25.978208],[110.577054,26.350795],[111.251897,26.279714],[111.315821,25.503198],[111.667117,24.779676],[111.996554,24.735674],[112.213957,25.200374],[112.663335,25.113144],[113.217462,25.505575],[113.927548,25.448111],[114.085057,26.577499],[113.600126,27.368226],[113.73681,27.981574],[114.226858,28.408964],[113.902381,29.06634],[113.415848,29.764566],[112.363095,29.572175],[111.76861,29.919595],[110.741851,30.096174],[109.432318,29.533908],[109.206595,29.104244],[109.258375,28.505909]]]},"properties":{"featurecla":"Admin-1 states provinces","scalerank":2,"adm1_code":"CHN-1808","diss_me":1808,"iso_3166_2":"CN-HN","wikipedia":null,"iso_a2":"CN","adm0_sr":1,"name":"Hunan","name_alt":"Húnán","name_local":"湖南","type":"Shěng","type_en":"Province","code_local":null,"code_hasc":"CN.HN","note":null,"hasc_maybe":null,"region":"South Central China","region_cod":"4","provnum_ne":40,"gadm_level":1,"check_me":20,"datarank":1,"abbrev":null,"postal":"HN","area_sqkm":0,"sameascity":-99,"labelrank":2,"name_len":5,"mapcolor9":4,"mapcolor13":3,"fips":"CH11","fips_alt":null,"woe_id":12578001,"woe_label":"Hunan, CN, China","woe_name":"Hunan","latitude":27.6667,"longitude":111.712,"sov_a3":"CH1","adm0_a3":"CHN","adm0_label":2,"admin":"China","geonunit":"China","gu_a3":"CHN","gn_id":1806691,"gn_name":"Hunan Sheng","gns_id":-1911104,"gns_name":"Hunan Sheng","gn_level":1,"gn_region":null,"gn_a1_code":"CN.11","region_sub":"Central","sub_code":null,"gns_level":1,"gns_lang":"zho","gns_adm1":"CH11","gns_region":null,"min_label":4.6,"max_label":10.1,"min_zoom":4.6,"wikidataid":"Q45761","name_ar":"خونان","name_bn":"হুনান","name_de":"Hunan","name_en":"Hunan","name_es":"Hunan","name_fr":"Hunan","name_el":"Χουνάν","name_hi":"हूनान","name_hu":"Hunan","name_id":"Hunan","name_it":"Hunan","name_ja":"湖南省","name_ko":"후난성","name_nl":"Hunan","name_pl":"Hunan","name_pt":"Hunan","name_ru":"Хунань","name_sv":"Hunan","name_tr":"Hunan","name_vi":"Hồ Nam","name_zh":"湖南省","ne_id":1159312745,"name_he":"חונאן","name_uk":"Хунань","name_ur":"ہونان","name_fa":"هونان","name_zht":"湖南省","FCLASS_ISO":null,"FCLASS_US":null,"FCLASS_FR":null,"FCLASS_RU":null,"FCLASS_ES":null,"FCLASS_CN":null,"FCLASS_TW":null,"FCLASS_IN":null,"FCLASS_NP":null,"FCLASS_PK":null,"FCLASS_DE":null,"FCLASS_GB":null,"FCLASS_BR":null,"FCLASS_IL":null,"FCLASS_PS":null,"FCLASS_SA":null,"FCLASS_EG":null,"FCLASS_MA":null,"FCLASS_PT":null,"FCLASS_AR":null,"FCLASS_JP":null,"FCLASS_KO":null,"FCLASS_VN":null,"FCLASS_TR":null,"FCLASS_ID":null,"FCLASS_PL":null,"FCLASS_GR":null,"FCLASS_IT":null,"FCLASS_NL":null,"FCLASS_SE":null,"FCLASS_BD":null,"FCLASS_UA":null,"FCLASS_TLC":null}},
{"type":"Feature","geometry":{"type":"Polygon","coordinates":[[[107.657646,37.852935],[106.470122,38.290686],[106.977843,39.035602],[106.275663,39.269154],[105.84122,38.571289],[105.788096,37.805057],[104.358519,37.401232],[105.180175,36.972136],[105.431839,35.756422],[106.464851,35.332366],[106.644065,37.181658],[107.285472,37.068461],[107.317202,37.590186],[107.657646,37.852935]]]},"properties":{"featurecla":"Admin-1 states provinces","scalerank":2,"adm1_code":"CHN-1803","diss_me":1803,"iso_3166_2":"CN-NX","wikipedia":null,"iso_a2":"CN","adm0_sr":1,"name":"Ningxia","name_alt":"Ningxia Hui|Níngxià Húizú","name_local":"寧夏回族自治區|宁夏回族自治区","type":"Zìzhìqu","type_en":"Autonomous Region","code_local":null,"code_hasc":"CN.NX","note":null,"hasc_maybe":null,"region":"Northwest China","region_cod":"6","provnum_ne":38,"gadm_level":1,"check_me":20,"datarank":1,"abbrev":null,"postal":"NX","area_sqkm":0,"sameascity":-99,"labelrank":2,"name_len":7,"mapcolor9":4,"mapcolor13":3,"fips":"CH21","fips_alt":null,"woe_id":12578010,"woe_label":"Ningxia, CN, China","woe_name":"Ningxia","latitude":37.1762,"longitude":106.038,"sov_a3":"CH1","adm0_a3":"CHN","adm0_label":2,"admin":"China","geonunit":"China","gu_a3":"CHN","gn_id":1799355,"gn_name":"Ningxia Huizu Zizhiqu","gns_id":-1920281,"gns_name":"Ningxia Huizu Zizhiqu","gn_level":1,"gn_region":null,"gn_a1_code":"CN.21","region_sub":"Western","sub_code":null,"gns_level":1,"gns_lang":"zho","gns_adm1":"CH21","gns_region":null,"min_label":4.6,"max_label":10.1,"min_zoom":4.6,"wikidataid":"Q57448","name_ar":"نينغشيا","name_bn":"নিংশিয়া","name_de":"Ningxia","name_en":"Ningxia","name_es":"Ningxia","name_fr":"Níngxià","name_el":"Νινγκσιά","name_hi":"निंगशिया","name_hu":"Ninghszia-Huj Autonóm Terület","name_id":"Ningxia","name_it":"Ningsia","name_ja":"寧夏回族自治区","name_ko":"닝샤 후이족 자치구","name_nl":"Ningxia","name_pl":"Ningxia","name_pt":"Ningxia","name_ru":"Нинся-Хуэйский автономный район","name_sv":"Ningxia","name_tr":"Ningxia Huizu Özerk Bölgesi","name_vi":"Ninh Hạ","name_zh":"宁夏回族自治区","ne_id":1159312659,"name_he":"נינגשיה","name_uk":"Нінся-Хуейський автономний район","name_ur":"نینگشیا","name_fa":"نینگشیا","name_zht":"寧夏回族自治區","FCLASS_ISO":null,"FCLASS_US":null,"FCLASS_FR":null,"FCLASS_RU":null,"FCLASS_ES":null,"FCLASS_CN":null,"FCLASS_TW":null,"FCLASS_IN":null,"FCLASS_NP":null,"FCLASS_PK":null,"FCLASS_DE":null,"FCLASS_GB":null,"FCLASS_BR":null,"FCLASS_IL":null,"FCLASS_PS":null,"FCLASS_SA":null,"FCLASS_EG":null,"FCLASS_MA":null,"FCLASS_PT":null,"FCLASS_AR":null,"FCLASS_JP":null,"FCLASS_KO":null,"FCLASS_VN":null,"FCLASS_TR":null,"FCLASS_ID":null,"FCLASS_PL":null,"FCLASS_GR":null,"FCLASS_IT":null,"FCLASS_NL":null,"FCLASS_SE":null,"FCLASS_BD":null,"FCLASS_UA":null,"FCLASS_TLC":null}},
{"type":"Feature","geometry":{"type":"Polygon","coordinates":[[[108.518369,32.19757],[109.335993,31.705249],[109.593962,31.737598],[109.487405,32.335934],[109.739586,32.930006],[110.974601,33.266471],[110.336036,34.615846],[110.335415,35.198007],[110.619843,35.597259],[110.389469,37.021952],[110.753064,37.745758],[110.511219,38.20219],[110.899412,38.545451],[111.110045,39.385193],[110.494165,39.374315],[109.674267,39.011211],[108.986351,38.335206],[108.764349,37.681886],[108.038708,37.632509],[107.657646,37.852935],[107.317202,37.590186],[107.285472,37.068461],[108.70368,36.35897],[108.492634,35.272498],[107.670462,35.227979],[107.210852,34.891772],[106.564586,35.079616],[106.317728,34.583342],[106.673623,34.384672],[106.481749,33.700889],[105.832435,33.497542],[105.498553,32.907397],[106.228948,32.591964],[106.712588,32.737821],[107.960057,32.158347],[108.518369,32.19757]]]},"properties":{"featurecla":"Admin-1 states provinces","scalerank":2,"adm1_code":"CHN-1804","diss_me":1804,"iso_3166_2":"CN-SN","wikipedia":null,"iso_a2":"CN","adm0_sr":1,"name":"Shaanxi","name_alt":"Shǎnxī","name_local":"陝西|陕西","type":"Shěng","type_en":"Province","code_local":null,"code_hasc":"CN.SA","note":null,"hasc_maybe":null,"region":"Northwest China","region_cod":"6","provnum_ne":37,"gadm_level":1,"check_me":20,"datarank":1,"abbrev":null,"postal":"SA","area_sqkm":0,"sameascity":-99,"labelrank":2,"name_len":7,"mapcolor9":4,"mapcolor13":3,"fips":"CH26","fips_alt":null,"woe_id":12578015,"woe_label":"Shaanxi, CN, China","woe_name":"Shaanxi","latitude":33.7713,"longitude":108.363,"sov_a3":"CH1","adm0_a3":"CHN","adm0_label":2,"admin":"China","geonunit":"China","gu_a3":"CHN","gn_id":1796480,"gn_name":"Shaanxi","gns_id":-1924159,"gns_name":"Shaanxi Sheng","gn_level":1,"gn_region":null,"gn_a1_code":"CN.26","region_sub":"Western","sub_code":null,"gns_level":1,"gns_lang":"zho","gns_adm1":"CH26","gns_region":null,"min_label":4.6,"max_label":10.1,"min_zoom":4.6,"wikidataid":"Q47974","name_ar":"شنشي","name_bn":"শাআনশি","name_de":"Shaanxi","name_en":"Shaanxi","name_es":"Shaanxi","name_fr":"Shaanxi","name_el":"Σαανσί","name_hi":"शान्शी","name_hu":"Senhszi","name_id":"Shaanxi","name_it":"Shaanxi","name_ja":"陝西省","name_ko":"산시성","name_nl":"Shaanxi","name_pl":"Shaanxi","name_pt":"Shaanxi","name_ru":"Шэньси","name_sv":"Shaanxi","name_tr":"Şensi","name_vi":"Thiểm Tây","name_zh":"陕西省","ne_id":1159312661,"name_he":"שאאנשי","name_uk":"Шеньсі","name_ur":"شانسی","name_fa":"شاآنشی","name_zht":"陝西省","FCLASS_ISO":null,"FCLASS_US":null,"FCLASS_FR":null,"FCLASS_RU":null,"FCLASS_ES":null,"FCLASS_CN":null,"FCLASS_TW":null,"FCLASS_IN":null,"FCLASS_NP":null,"FCLASS_PK":null,"FCLASS_DE":null,"FCLASS_GB":null,"FCLASS_BR":null,"FCLASS_IL":null,"FCLASS_PS":null,"FCLASS_SA":null,"FCLASS_EG":null,"FCLASS_MA":null,"FCLASS_PT":null,"FCLASS_AR":null,"FCLASS_JP":null,"FCLASS_KO":null,"FCLASS_VN":null,"FCLASS_TR":null,"FCLASS_ID":null,"FCLASS_PL":null,"FCLASS_GR":null,"FCLASS_IT":null,"FCLASS_NL":null,"FCLASS_SE":null,"FCLASS_BD":null,"FCLASS_UA":null,"FCLASS_TLC":null}},
{"type":"Feature","geometry":{"type":"Polygon","coordinates":[[[92.935961,39.152856],[91.294407,38.745129],[90.653516,38.674074],[90.193492,38.325671],[90.436475,37.778573],[91.073749,37.487945],[90.80777,36.910564],[91.135761,36.140637],[89.677813,36.081958],[89.45483,35.212838],[89.840284,34.383328],[89.636731,34.093371],[90.205688,33.401502],[90.80405,33.140536],[91.189194,33.336958],[92.221379,32.744978],[93.005931,32.734617],[94.110773,32.478225],[94.582217,32.672192],[96.094218,31.700546],[97.25487,32.075794],[97.715721,32.54419],[97.360962,32.897036],[97.724299,33.406127],[97.383545,33.869871],[98.034926,33.959788],[98.645845,33.676162],[98.852085,33.174875],[99.698545,32.744617],[101.170807,32.688341],[101.164141,33.128082],[101.77754,33.530047],[101.160265,33.664147],[101.035828,34.338938],[101.780382,34.067507],[101.793353,34.631892],[102.702186,35.524034],[102.933283,36.086066],[102.460134,36.955652],[101.765603,37.524971],[100.554307,38.252084],[99.799883,38.365721],[98.962105,38.981755],[98.068619,38.801844],[97.02646,39.196212],[96.945483,38.358227],[96.054788,38.678828],[95.305325,39.182777],[94.479329,39.317833],[92.935961,39.152856]]]},"properties":{"featurecla":"Admin-1 states provinces","scalerank":2,"adm1_code":"CHN-1151","diss_me":1151,"iso_3166_2":"CN-QH","wikipedia":null,"iso_a2":"CN","adm0_sr":1,"name":"Qinghai","name_alt":null,"name_local":null,"type":"Shěng","type_en":"Province","code_local":null,"code_hasc":"CN.QH","note":null,"hasc_maybe":null,"region":"Northwest China","region_cod":"6","provnum_ne":36,"gadm_level":1,"check_me":20,"datarank":1,"abbrev":null,"postal":"QH","area_sqkm":0,"sameascity":-99,"labelrank":2,"name_len":7,"mapcolor9":4,"mapcolor13":3,"fips":null,"fips_alt":null,"woe_id":12577996,"woe_label":"Qinghai, CN, China","woe_name":"Qinghai","latitude":35.2652,"longitude":96.2377,"sov_a3":"CH1","adm0_a3":"CHN","adm0_label":2,"admin":"China","geonunit":"China","gu_a3":"CHN","gn_id":1280239,"gn_name":"Qinghai Sheng","gns_id":-1922240,"gns_name":"Qinghai Sheng","gn_level":1,"gn_region":null,"gn_a1_code":"CN.06","region_sub":"Western","sub_code":null,"gns_level":1,"gns_lang":"zho","gns_adm1":"CH06","gns_region":null,"min_label":4.6,"max_label":10.1,"min_zoom":4.6,"wikidataid":"Q45833","name_ar":"تشينغهاي","name_bn":"ছিংহাই","name_de":"Qinghai","name_en":"Qinghai","name_es":"Qinghai","name_fr":"Qinghai","name_el":"Τσινγκχάι","name_hi":"चिंगहई","name_hu":"Csinghaj","name_id":"Qinghai","name_it":"Qinghai","name_ja":"青海省","name_ko":"칭하이성","name_nl":"Qinghai","name_pl":"Qinghai","name_pt":"Qinghai","name_ru":"Цинхай","name_sv":"Qinghai","name_tr":"Çinghay","name_vi":"Thanh Hải","name_zh":"青海省","ne_id":1159310927,"name_he":"צ'ינגהאי","name_uk":"Цінхай","name_ur":"چنگھائی","name_fa":"چینگهای","name_zht":"青海省","FCLASS_ISO":null,"FCLASS_US":null,"FCLASS_FR":null,"FCLASS_RU":null,"FCLASS_ES":null,"FCLASS_CN":null,"FCLASS_TW":null,"FCLASS_IN":null,"FCLASS_NP":null,"FCLASS_PK":null,"FCLASS_DE":null,"FCLASS_GB":null,"FCLASS_BR":null,"FCLASS_IL":null,"FCLASS_PS":null,"FCLASS_SA":null,"FCLASS_EG":null,"FCLASS_MA":null,"FCLASS_PT":null,"FCLASS_AR":null,"FCLASS_JP":null,"FCLASS_KO":null,"FCLASS_VN":null,"FCLASS_TR":null,"FCLASS_ID":null,"FCLASS_PL":null,"FCLASS_GR":null,"FCLASS_IT":null,"FCLASS_NL":null,"FCLASS_SE":null,"FCLASS_BD":null,"FCLASS_UA":null,"FCLASS_TLC":null}},
{"type":"Feature","geometry":{"type":"Polygon","coordinates":[[[114.154097,40.742578],[113.334147,40.318728],[112.399217,40.288342],[111.921469,39.688844],[111.110045,39.385193],[110.899412,38.545451],[110.511219,38.20219],[110.753064,37.745758],[110.389469,37.021952],[110.619843,35.597259],[110.335415,35.198007],[110.336036,34.615846],[111.557666,34.863402],[112.058463,35.23449],[112.902752,35.240588],[113.491295,35.52548],[113.721049,36.355869],[113.453933,36.736621],[114.100405,37.69819],[113.534497,38.537286],[113.85334,39.072292],[114.393979,39.169341],[114.154097,40.742578]]]},"properties":{"featurecla":"Admin-1 states provinces","scalerank":2,"adm1_code":"CHN-1805","diss_me":1805,"iso_3166_2":"CN-SX","wikipedia":null,"iso_a2":"CN","adm0_sr":1,"name":"Shanxi","name_alt":"Shānxī","name_local":"山西","type":"Shěng","type_en":"Province","code_local":null,"code_hasc":"CN.SX","note":null,"hasc_maybe":null,"region":"North China","region_cod":"1","provnum_ne":35,"gadm_level":1,"check_me":20,"datarank":1,"abbrev":null,"postal":"SX","area_sqkm":0,"sameascity":-99,"labelrank":2,"name_len":6,"mapcolor9":4,"mapcolor13":3,"fips":"CH24","fips_alt":null,"woe_id":12578013,"woe_label":"Shanxi, CN, China","woe_name":"Shanxi","latitude":37.7586,"longitude":112.389,"sov_a3":"CH1","adm0_a3":"CHN","adm0_label":2,"admin":"China","geonunit":"China","gu_a3":"CHN","gn_id":1795912,"gn_name":"Shanxi Sheng","gns_id":-1924845,"gns_name":"Shanxi Sheng","gn_level":1,"gn_region":null,"gn_a1_code":"CN.24","region_sub":"Central","sub_code":null,"gns_level":1,"gns_lang":"zho","gns_adm1":"CH24","gns_region":null,"min_label":4.6,"max_label":10.1,"min_zoom":4.6,"wikidataid":"Q46913","name_ar":"شانشي","name_bn":"শানশি","name_de":"Shanxi","name_en":"Shanxi","name_es":"Shanxi","name_fr":"Shanxi","name_el":"Σανσί","name_hi":"शन्शी","name_hu":"Sanhszi","name_id":"Shanxi","name_it":"Shanxi","name_ja":"山西省","name_ko":"산시성","name_nl":"Shanxi","name_pl":"Shanxi","name_pt":"Shanxi","name_ru":"Шаньси","name_sv":"Shanxi","name_tr":"Şansi","name_vi":"Sơn Tây","name_zh":"山西省","ne_id":1159312739,"name_he":"שאנשי","name_uk":"Шаньсі","name_ur":"شنسی","name_fa":"شانشی","name_zht":"山西省","FCLASS_ISO":null,"FCLASS_US":null,"FCLASS_FR":null,"FCLASS_RU":null,"FCLASS_ES":null,"FCLASS_CN":null,"FCLASS_TW":null,"FCLASS_IN":null,"FCLASS_NP":null,"FCLASS_PK":null,"FCLASS_DE":null,"FCLASS_GB":null,"FCLASS_BR":null,"FCLASS_IL":null,"FCLASS_PS":null,"FCLASS_SA":null,"FCLASS_EG":null,"FCLASS_MA":null,"FCLASS_PT":null,"FCLASS_AR":null,"FCLASS_JP":null,"FCLASS_KO":null,"FCLASS_VN":null,"FCLASS_TR":null,"FCLASS_ID":null,"FCLASS_PL":null,"FCLASS_GR":null,"FCLASS_IT":null,"FCLASS_NL":null,"FCLASS_SE":null,"FCLASS_BD":null,"FCLASS_UA":null,"FCLASS_TLC":null}},
{"type":"Feature","geometry":{"type":"Polygon","coordinates":[[[113.927548,25.448111],[114.729307,25.118881],[114.424882,24.49959],[115.887531,24.916774],[116.135165,25.866328],[116.619476,26.492078],[116.669706,26.986906],[117.153811,27.276397],[117.284242,27.857034],[118.367793,28.099706],[118.446445,28.288687],[118.425516,28.6952],[118.000787,29.143932],[118.17473,29.407869],[117.225538,29.906676],[116.147257,29.788776],[115.486212,29.864276],[114.818243,29.393865],[113.902381,29.06634],[114.226858,28.408964],[113.73681,27.981574],[113.600126,27.368226],[114.085057,26.577499],[113.927548,25.448111]]]},"properties":{"featurecla":"Admin-1 states provinces","scalerank":2,"adm1_code":"CHN-1817","diss_me":1817,"iso_3166_2":"CN-JX","wikipedia":null,"iso_a2":"CN","adm0_sr":1,"name":"Jiangxi","name_alt":"Jiāngxī","name_local":"江西","type":"Shěng","type_en":"Province","code_local":null,"code_hasc":"CN.JX","note":null,"hasc_maybe":null,"region":"East China","region_cod":"3","provnum_ne":34,"gadm_level":1,"check_me":20,"datarank":1,"abbrev":null,"postal":"JX","area_sqkm":0,"sameascity":-99,"labelrank":2,"name_len":7,"mapcolor9":4,"mapcolor13":3,"fips":"CH03","fips_alt":null,"woe_id":12577993,"woe_label":"Jiangxi, CN, China","woe_name":"Jiangxi","latitude":27.6397,"longitude":116.017,"sov_a3":"CH1","adm0_a3":"CHN","adm0_label":2,"admin":"China","geonunit":"China","gu_a3":"CHN","gn_id":1806222,"gn_name":"Jiangxi Sheng","gns_id":-1911731,"gns_name":"Jiangxi Sheng","gn_level":1,"gn_region":null,"gn_a1_code":"CN.03","region_sub":"Central","sub_code":null,"gns_level":1,"gns_lang":"zho","gns_adm1":"CH03","gns_region":null,"min_label":4.6,"max_label":10.1,"min_zoom":4.6,"wikidataid":"Q57052","name_ar":"جيانغشي","name_bn":"চিয়াংশি","name_de":"Jiangxi","name_en":"Jiangxi","name_es":"Jiangxi","name_fr":"Jiangxi","name_el":"Τσιανγκσί","name_hi":"जिआंगशी","name_hu":"Csianghszi","name_id":"Jiangxi","name_it":"Jiangxi","name_ja":"江西省","name_ko":"장시성","name_nl":"Jiangxi","name_pl":"Jiangxi","name_pt":"Jiangxi","name_ru":"Цзянси","name_sv":"Jiangxi","name_tr":"Jiangxi","name_vi":"Giang Tây","name_zh":"江西省","ne_id":1159312753,"name_he":"ג'יאנגשי","name_uk":"Цзянсі","name_ur":"جیانگشی","name_fa":"جیانگشی","name_zht":"江西省","FCLASS_ISO":null,"FCLASS_US":null,"FCLASS_FR":null,"FCLASS_RU":null,"FCLASS_ES":null,"FCLASS_CN":null,"FCLASS_TW":null,"FCLASS_IN":null,"FCLASS_NP":null,"FCLASS_PK":null,"FCLASS_DE":null,"FCLASS_GB":null,"FCLASS_BR":null,"FCLASS_IL":null,"FCLASS_PS":null,"FCLASS_SA":null,"FCLASS_EG":null,"FCLASS_MA":null,"FCLASS_PT":null,"FCLASS_AR":null,"FCLASS_JP":null,"FCLASS_KO":null,"FCLASS_VN":null,"FCLASS_TR":null,"FCLASS_ID":null,"FCLASS_PL":null,"FCLASS_GR":null,"FCLASS_IT":null,"FCLASS_NL":null,"FCLASS_SE":null,"FCLASS_BD":null,"FCLASS_UA":null,"FCLASS_TLC":null}},
{"type":"Feature","geometry":{"type":"Polygon","coordinates":[[[115.460322,36.157871],[114.548388,36.139035],[113.721049,36.355869],[113.491295,35.52548],[112.902752,35.240588],[112.058463,35.23449],[111.557666,34.863402],[110.336036,34.615846],[110.974601,33.266471],[111.531622,32.611085],[112.285787,32.350635],[113.78275,32.359369],[113.794377,31.972519],[114.766566,31.490481],[115.374023,31.41754],[115.901329,31.794494],[115.888462,32.393863],[115.199305,32.591473],[115.56135,33.898138],[116.182035,33.71833],[116.64118,33.953225],[116.151288,34.566728],[115.541713,34.577528],[115.1745,34.944172],[115.460322,36.157871]]]},"properties":{"featurecla":"Admin-1 states provinces","scalerank":2,"adm1_code":"CHN-1812","diss_me":1812,"iso_3166_2":"CN-HA","wikipedia":null,"iso_a2":"CN","adm0_sr":1,"name":"Henan","name_alt":"Hénán","name_local":"河南","type":"Shěng","type_en":"Province","code_local":null,"code_hasc":"CN.HE","note":null,"hasc_maybe":null,"region":"South Central China","region_cod":"4","provnum_ne":33,"gadm_level":1,"check_me":20,"datarank":1,"abbrev":null,"postal":"HE","area_sqkm":0,"sameascity":-99,"labelrank":2,"name_len":5,"mapcolor9":4,"mapcolor13":3,"fips":"CH09","fips_alt":null,"woe_id":12577999,"woe_label":"Henan, CN, China","woe_name":"Henan","latitude":33.9055,"longitude":113.484,"sov_a3":"CH1","adm0_a3":"CHN","adm0_label":2,"admin":"China","geonunit":"China","gu_a3":"CHN","gn_id":1808520,"gn_name":"Henan Sheng","gns_id":-1908908,"gns_name":"Henan Sheng","gn_level":1,"gn_region":null,"gn_a1_code":"CN.09","region_sub":"Central","sub_code":null,"gns_level":1,"gns_lang":"zho","gns_adm1":"CH09","gns_region":null,"min_label":4.6,"max_label":10.1,"min_zoom":4.6,"wikidataid":"Q43684","name_ar":"خنان","name_bn":"হনান","name_de":"Henan","name_en":"Henan","name_es":"Henan","name_fr":"Henan","name_el":"Χενάν","name_hi":"हेनान","name_hu":"Honan","name_id":"Henan","name_it":"Henan","name_ja":"河南省","name_ko":"허난성","name_nl":"Henan","name_pl":"Henan","name_pt":"Henan","name_ru":"Хэнань","name_sv":"Henan","name_tr":"Henan","name_vi":"Hà Nam","name_zh":"河南省","ne_id":1159312749,"name_he":"חנאן","name_uk":"Хенань","name_ur":"ہینان","name_fa":"استان هنان","name_zht":"河南省","FCLASS_ISO":null,"FCLASS_US":null,"FCLASS_FR":null,"FCLASS_RU":null,"FCLASS_ES":null,"FCLASS_CN":null,"FCLASS_TW":null,"FCLASS_IN":null,"FCLASS_NP":null,"FCLASS_PK":null,"FCLASS_DE":null,"FCLASS_GB":null,"FCLASS_BR":null,"FCLASS_IL":null,"FCLASS_PS":null,"FCLASS_SA":null,"FCLASS_EG":null,"FCLASS_MA":null,"FCLASS_PT":null,"FCLASS_AR":null,"FCLASS_JP":null,"FCLASS_KO":null,"FCLASS_VN":null,"FCLASS_TR":null,"FCLASS_ID":null,"FCLASS_PL":null,"FCLASS_GR":null,"FCLASS_IT":null,"FCLASS_NL":null,"FCLASS_SE":null,"FCLASS_BD":null,"FCLASS_UA":null,"FCLASS_TLC":null}},
{"type":"Feature","geometry":{"type":"Polygon","coordinates":[[[109.593962,31.737598],[110.108246,31.398032],[110.127676,30.906408],[109.394181,30.583741],[108.433206,30.487287],[108.538213,29.885463],[109.206595,29.104244],[109.432318,29.533908],[110.741851,30.096174],[111.76861,29.919595],[112.363095,29.572175],[113.415848,29.764566],[113.902381,29.06634],[114.818243,29.393865],[115.486212,29.864276],[116.147257,29.788776],[115.946649,30.488294],[116.035998,30.988884],[115.374023,31.41754],[114.766566,31.490481],[113.794377,31.972519],[113.78275,32.359369],[112.285787,32.350635],[111.531622,32.611085],[110.974601,33.266471],[109.739586,32.930006],[109.487405,32.335934],[109.593962,31.737598]]]},"properties":{"featurecla":"Admin-1 states provinces","scalerank":2,"adm1_code":"CHN-1807","diss_me":1807,"iso_3166_2":"CN-HB","wikipedia":null,"iso_a2":"CN","adm0_sr":1,"name":"Hubei","name_alt":"Húběi","name_local":"湖北","type":"Shěng","type_en":"Province","code_local":null,"code_hasc":"CN.HU","note":null,"hasc_maybe":null,"region":"South Central China","region_cod":"4","provnum_ne":32,"gadm_level":1,"check_me":20,"datarank":1,"abbrev":null,"postal":"HU","area_sqkm":0,"sameascity":-99,"labelrank":2,"name_len":5,"mapcolor9":4,"mapcolor13":3,"fips":"CH12","fips_alt":null,"woe_id":12578002,"woe_label":"Hubei, CN, China","woe_name":"Hubei","latitude":30.9857,"longitude":112.264,"sov_a3":"CH1","adm0_a3":"CHN","adm0_label":2,"admin":"China","geonunit":"China","gu_a3":"CHN","gn_id":1806949,"gn_name":"Hubei Sheng","gns_id":-1910798,"gns_name":"Hubei Sheng","gn_level":1,"gn_region":null,"gn_a1_code":"CN.12","region_sub":"Central","sub_code":null,"gns_level":1,"gns_lang":"zho","gns_adm1":"CH12","gns_region":null,"min_label":4.6,"max_label":10.1,"min_zoom":4.6,"wikidataid":"Q46862","name_ar":"خوبي","name_bn":"হুপেই","name_de":"Hubei","name_en":"Hubei","name_es":"Hubei","name_fr":"Hubei","name_el":"Χουπέι","name_hi":"हूबेई","name_hu":"Hupej","name_id":"Hubei","name_it":"Hubei","name_ja":"湖北省","name_ko":"후베이성","name_nl":"Hubei","name_pl":"Hubei","name_pt":"Hubei","name_ru":"Хубэй","name_sv":"Hubei","name_tr":"Hubei","name_vi":"Hồ Bắc","name_zh":"湖北省","ne_id":1159312741,"name_he":"חוביי","name_uk":"Хубей","name_ur":"ہوبئی","name_fa":"هوبئی","name_zht":"湖北省","FCLASS_ISO":null,"FCLASS_US":null,"FCLASS_FR":null,"FCLASS_RU":null,"FCLASS_ES":null,"FCLASS_CN":null,"FCLASS_TW":null,"FCLASS_IN":null,"FCLASS_NP":null,"FCLASS_PK":null,"FCLASS_DE":null,"FCLASS_GB":null,"FCLASS_BR":null,"FCLASS_IL":null,"FCLASS_PS":null,"FCLASS_SA":null,"FCLASS_EG":null,"FCLASS_MA":null,"FCLASS_PT":null,"FCLASS_AR":null,"FCLASS_JP":null,"FCLASS_KO":null,"FCLASS_VN":null,"FCLASS_TR":null,"FCLASS_ID":null,"FCLASS_PL":null,"FCLASS_GR":null,"FCLASS_IT":null,"FCLASS_NL":null,"FCLASS_SE":null,"FCLASS_BD":null,"FCLASS_UA":null,"FCLASS_TLC":null}},
{"type":"Feature","geometry":{"type":"Polygon","coordinates":[[[119.629784,31.13288],[118.816086,31.226337],[118.860477,31.627372],[118.35198,31.946681],[118.667878,32.453213],[118.218035,33.179913],[118.176746,33.692621],[117.033921,34.155538],[116.377217,34.63954],[116.151288,34.566728],[116.64118,33.953225],[116.182035,33.71833],[115.56135,33.898138],[115.199305,32.591473],[115.888462,32.393863],[115.901329,31.794494],[115.374023,31.41754],[116.035998,30.988884],[115.946649,30.488294],[116.147257,29.788776],[117.225538,29.906676],[118.17473,29.407869],[118.723741,29.730201],[119.210688,30.313731],[119.629784,31.13288]]]},"properties":{"featurecla":"Admin-1 states provinces","scalerank":2,"adm1_code":"CHN-1179","diss_me":1179,"iso_3166_2":"CN-AH","wikipedia":null,"iso_a2":"CN","adm0_sr":1,"name":"Anhui","name_alt":"Ānhuī","name_local":"安徽|安徽","type":"Shěng","type_en":"Province","code_local":null,"code_hasc":"CN.AH","note":null,"hasc_maybe":null,"region":"East China","region_cod":"3","provnum_ne":31,"gadm_level":1,"check_me":20,"datarank":1,"abbrev":null,"postal":"AH","area_sqkm":0,"sameascity":-99,"labelrank":2,"name_len":5,"mapcolor9":4,"mapcolor13":3,"fips":"CH01","fips_alt":null,"woe_id":12578022,"woe_label":"Anhui, CN, China","woe_name":"Anhui","latitude":31.9537,"longitude":117.253,"sov_a3":"CH1","adm0_a3":"CHN","adm0_label":2,"admin":"China","geonunit":"China","gu_a3":"CHN","gn_id":1818058,"gn_name":"Anhui Sheng","gns_id":-1896677,"gns_name":"Anhui Sheng","gn_level":1,"gn_region":null,"gn_a1_code":"CN.01","region_sub":"Central","sub_code":null,"gns_level":1,"gns_lang":"zho","gns_adm1":"CH01","gns_region":null,"min_label":4.6,"max_label":10.1,"min_zoom":4.6,"wikidataid":"Q40956","name_ar":"آنهوي","name_bn":"আনহুয়েই","name_de":"Anhui","name_en":"Anhui","name_es":"Anhui","name_fr":"Anhui","name_el":"Ανχουί","name_hi":"अनहुइ","name_hu":"Anhuj","name_id":"Anhui","name_it":"Anhui","name_ja":"安徽省","name_ko":"안후이성","name_nl":"Anhui","name_pl":"Anhui","name_pt":"Anhui","name_ru":"Аньхой","name_sv":"Anhui","name_tr":"Anhui","name_vi":"An Huy","name_zh":"安徽省","ne_id":1159310971,"name_he":"אנחווי","name_uk":"Аньхой","name_ur":"انہوئی","name_fa":"آنهوئی","name_zht":"安徽省","FCLASS_ISO":null,"FCLASS_US":null,"FCLASS_FR":null,"FCLASS_RU":null,"FCLASS_ES":null,"FCLASS_CN":null,"FCLASS_TW":null,"FCLASS_IN":null,"FCLASS_NP":null,"FCLASS_PK":null,"FCLASS_DE":null,"FCLASS_GB":null,"FCLASS_BR":null,"FCLASS_IL":null,"FCLASS_PS":null,"FCLASS_SA":null,"FCLASS_EG":null,"FCLASS_MA":null,"FCLASS_PT":null,"FCLASS_AR":null,"FCLASS_JP":null,"FCLASS_KO":null,"FCLASS_VN":null,"FCLASS_TR":null,"FCLASS_ID":null,"FCLASS_PL":null,"FCLASS_GR":null,"FCLASS_IT":null,"FCLASS_NL":null,"FCLASS_SE":null,"FCLASS_BD":null,"FCLASS_UA":null,"FCLASS_TLC":null}},
{"type":"Feature","geometry":{"type":"Polygon","coordinates":[[[-46.233529,-12.796635],[-47.681348,-13.354223],[-48.656637,-13.177645],[-49.06116,-12.680104],[-49.383543,-13.24808],[-50.484019,-12.844797],[-50.863298,-13.711928],[-51.10026,-14.887876],[-51.513698,-15.06275],[-51.882745,-15.804771],[-52.669519,-16.291305],[-53.243334,-17.563269],[-53.053836,-18.016626],[-52.892864,-18.637828],[-51.138191,-19.284352],[-50.961173,-19.47354],[-50.323486,-18.714568],[-48.952329,-18.326323],[-47.899112,-18.449054],[-47.277703,-18.059931],[-47.151225,-16.977516],[-47.453093,-16.492585],[-47.302482,-16.040054],[-48.182402,-16.039486],[-48.179353,-15.489855],[-47.422965,-15.49833],[-47.302482,-16.040054],[-46.831916,-15.84389],[-46.890905,-15.049469],[-46.022999,-14.868808],[-45.920473,-14.350752],[-46.272441,-13.656892],[-46.233529,-12.796635]]]},"properties":{"featurecla":"Admin-1 states provinces","scalerank":2,"adm1_code":"BRA-1294","diss_me":1294,"iso_3166_2":"BR-GO","wikipedia":null,"iso_a2":"BR","adm0_sr":1,"name":"Goiás","name_alt":"Goiáz|Goyáz","name_local":null,"type":"Estado","type_en":"State","code_local":null,"code_hasc":"BR.GO","note":null,"hasc_maybe":null,"region":null,"region_cod":null,"provnum_ne":19,"gadm_level":1,"check_me":20,"datarank":1,"abbrev":"Goiás","postal":"GO","area_sqkm":0,"sameascity":-99,"labelrank":2,"name_len":5,"mapcolor9":5,"mapcolor13":7,"fips":"BR29","fips_alt":null,"woe_id":2344852,"woe_label":"Goias, BR, Brazil","woe_name":"Goiás","latitude":-15.863,"longitude":-49.5786,"sov_a3":"BRA","adm0_a3":"BRA","adm0_label":2,"admin":"Brazil","geonunit":"Brazil","gu_a3":"BRA","gn_id":3462372,"gn_name":"Estado de Goias","gns_id":-644908,"gns_name":"Goias, Estado de","gn_level":1,"gn_region":null,"gn_a1_code":"BR.29","region_sub":null,"sub_code":null,"gns_level":1,"gns_lang":"por","gns_adm1":"BR29","gns_region":null,"min_label":3.7,"max_label":8.5,"min_zoom":3,"wikidataid":"Q41587","name_ar":"غوياس","name_bn":"গৌয়াস","name_de":"Goiás","name_en":"Goiás","name_es":"Goiás","name_fr":"Goiás","name_el":"Γκοϊάς","name_hi":"गोइयास","name_hu":"Goiás","name_id":"Goiás","name_it":"Goiás","name_ja":"ゴイアス州","name_ko":"고이아스","name_nl":"Goiás","name_pl":"Goiás","name_pt":"Goiás","name_ru":"Гояс","name_sv":"Goiás","name_tr":"Goiás","name_vi":"Goiás","name_zh":"戈亚斯","ne_id":1159309897,"name_he":"גויאס","name_uk":"Гояс","name_ur":"گوئیاس","name_fa":"گوییاس","name_zht":"戈亚斯","FCLASS_ISO":null,"FCLASS_US":null,"FCLASS_FR":null,"FCLASS_RU":null,"FCLASS_ES":null,"FCLASS_CN":null,"FCLASS_TW":null,"FCLASS_IN":null,"FCLASS_NP":null,"FCLASS_PK":null,"FCLASS_DE":null,"FCLASS_GB":null,"FCLASS_BR":null,"FCLASS_IL":null,"FCLASS_PS":null,"FCLASS_SA":null,"FCLASS_EG":null,"FCLASS_MA":null,"FCLASS_PT":null,"FCLASS_AR":null,"FCLASS_JP":null,"FCLASS_KO":null,"FCLASS_VN":null,"FCLASS_TR":null,"FCLASS_ID":null,"FCLASS_PL":null,"FCLASS_GR":null,"FCLASS_IT":null,"FCLASS_NL":null,"FCLASS_SE":null,"FCLASS_BD":null,"FCLASS_UA":null,"FCLASS_TLC":null}},
{"type":"Feature","geometry":{"type":"Polygon","coordinates":[[[-47.302482,-16.040054],[-47.422965,-15.49833],[-48.179353,-15.489855],[-48.182402,-16.039486],[-47.302482,-16.040054]]]},"properties":{"featurecla":"Admin-1 states provinces","scalerank":2,"adm1_code":"BRA-599","diss_me":599,"iso_3166_2":"BR-DF","wikipedia":null,"iso_a2":"BR","adm0_sr":1,"name":"Distrito Federal","name_alt":null,"name_local":null,"type":"Distrito Federal","type_en":"Federal District","code_local":null,"code_hasc":"BR.DF","note":null,"hasc_maybe":null,"region":null,"region_cod":null,"provnum_ne":11,"gadm_level":1,"check_me":20,"datarank":1,"abbrev":"D.F.","postal":"DF","area_sqkm":0,"sameascity":7,"labelrank":7,"name_len":16,"mapcolor9":5,"mapcolor13":7,"fips":"BR07","fips_alt":null,"woe_id":2344850,"woe_label":"Distrito Federal, BR, Brazil","woe_name":"Distrito Federal","latitude":-15.7665,"longitude":-47.7902,"sov_a3":"BRA","adm0_a3":"BRA","adm0_label":2,"admin":"Brazil","geonunit":"Brazil","gu_a3":"BRA","gn_id":3463504,"gn_name":"Distrito Federal","gns_id":-642823,"gns_name":"Federal, Distrito","gn_level":1,"gn_region":null,"gn_a1_code":"BR.07","region_sub":null,"sub_code":null,"gns_level":1,"gns_lang":"por","gns_adm1":"BR07","gns_region":null,"min_label":3.7,"max_label":8.5,"min_zoom":3,"wikidataid":"Q119158","name_ar":"القطاع الفدرالي البرازيلي","name_bn":"ফেডারেল জেলা","name_de":"Bundesdistrikt","name_en":"Federal","name_es":"Federal","name_fr":"fédéral","name_el":"Ομοσπονδιακό Διαμέρισμα","name_hi":"फेडरल डिस्ट्रिक्ट","name_hu":"Szövetségi kerület","name_id":"Federal Brasil","name_it":"Federale","name_ja":"ブラジリア連邦直轄区","name_ko":"연방구","name_nl":"Federaal","name_pl":"Federalny","name_pt":"Federal","name_ru":"Федеральный округ","name_sv":"Brasiliens federala","name_tr":"Federal Bölge","name_vi":"Quận liên bang Brasil","name_zh":"联邦区","ne_id":1159307927,"name_he":"המחוז הפדרלי של ברזיל","name_uk":"Федеральний округ","name_ur":"وفاقی ضلع","name_fa":"ناحیه فدرال","name_zht":"聯邦區","FCLASS_ISO":null,"FCLASS_US":null,"FCLASS_FR":null,"FCLASS_RU":null,"FCLASS_ES":null,"FCLASS_CN":null,"FCLASS_TW":null,"FCLASS_IN":null,"FCLASS_NP":null,"FCLASS_PK":null,"FCLASS_DE":null,"FCLASS_GB":null,"FCLASS_BR":null,"FCLASS_IL":null,"FCLASS_PS":null,"FCLASS_SA":null,"FCLASS_EG":null,"FCLASS_MA":null,"FCLASS_PT":null,"FCLASS_AR":null,"FCLASS_JP":null,"FCLASS_KO":null,"FCLASS_VN":null,"FCLASS_TR":null,"FCLASS_ID":null,"FCLASS_PL":null,"FCLASS_GR":null,"FCLASS_IT":null,"FCLASS_NL":null,"FCLASS_SE":null,"FCLASS_BD":null,"FCLASS_UA":null,"FCLASS_TLC":null}},
{"type":"Feature","geometry":{"type":"Polygon","coordinates":[[[-46.022999,-14.868808],[-46.890905,-15.049469],[-46.831916,-15.84389],[-47.302482,-16.040054],[-47.453093,-16.492585],[-47.151225,-16.977516],[-47.277703,-18.059931],[-47.899112,-18.449054],[-48.952329,-18.326323],[-50.323486,-18.714568],[-50.961173,-19.47354],[-50.993962,-20.101667],[-50.557503,-19.807938],[-49.272982,-19.968393],[-48.843886,-20.16404],[-47.841622,-19.9794],[-47.234631,-20.20595],[-46.994749,-21.344692],[-46.507621,-21.458948],[-46.697997,-22.322513],[-46.359878,-22.844187],[-45.780404,-22.846047],[-44.831341,-22.406074],[-43.813754,-22.064131],[-43.131341,-22.027751],[-42.366582,-21.59372],[-41.86439,-20.776871],[-40.957055,-19.460156],[-41.142987,-18.296919],[-40.911063,-17.971771],[-40.206843,-17.978541],[-40.574107,-17.134458],[-39.865571,-16.110954],[-40.236867,-15.818156],[-41.360596,-15.49523],[-42.953006,-14.679465],[-43.49243,-14.788554],[-43.837706,-14.315818],[-44.320803,-14.245693],[-45.553312,-14.935677],[-46.022999,-14.868808]]]},"properties":{"featurecla":"Admin-1 states provinces","scalerank":2,"adm1_code":"BRA-601","diss_me":601,"iso_3166_2":"BR-MG","wikipedia":null,"iso_a2":"BR","adm0_sr":1,"name":"Minas Gerais","name_alt":"Minas|Minas Geraes","name_local":null,"type":"Estado","type_en":"State","code_local":null,"code_hasc":"BR.MG","note":null,"hasc_maybe":null,"region":null,"region_cod":null,"provnum_ne":22,"gadm_level":1,"check_me":20,"datarank":1,"abbrev":"M.G.S.","postal":"MG","area_sqkm":0,"sameascity":-99,"labelrank":2,"name_len":12,"mapcolor9":5,"mapcolor13":7,"fips":"BR15","fips_alt":null,"woe_id":2344856,"woe_label":"Minas Gerais, BR, Brazil","woe_name":"Minas Gerais","latitude":-18.5895,"longitude":-44.4808,"sov_a3":"BRA","adm0_a3":"BRA","adm0_label":2,"admin":"Brazil","geonunit":"Brazil","gu_a3":"BRA","gn_id":3457153,"gn_name":"Estado de Minas Gerais","gns_id":-655151,"gns_name":"Minas Gerais, Estado de","gn_level":1,"gn_region":null,"gn_a1_code":"BR.15","region_sub":null,"sub_code":null,"gns_level":1,"gns_lang":"por","gns_adm1":"BR15","gns_region":null,"min_label":3.7,"max_label":8.5,"min_zoom":3,"wikidataid":"Q39109","name_ar":"ميناس جرايس","name_bn":"মিনাস জেরাইস","name_de":"Minas Gerais","name_en":"Minas Gerais","name_es":"Minas Gerais","name_fr":"Minas Gerais","name_el":"Μίνας Ζεράις","name_hi":"मिनास जेरायज़","name_hu":"Minas Gerais","name_id":"Minas Gerais","name_it":"Minas Gerais","name_ja":"ミナスジェライス州","name_ko":"미나스제라이스","name_nl":"Minas Gerais","name_pl":"Minas Gerais","name_pt":"Minas Gerais","name_ru":"Минас-Жерайс","name_sv":"Minas Gerais","name_tr":"Minas Gerais","name_vi":"Minas Gerais","name_zh":"米纳斯吉拉斯","ne_id":1159307907,"name_he":"מינאס ז'ראיס","name_uk":"Мінас-Жерайс","name_ur":"میناس گیرائس","name_fa":"میناس گرایس","name_zht":"米納斯吉拉斯","FCLASS_ISO":null,"FCLASS_US":null,"FCLASS_FR":null,"FCLASS_RU":null,"FCLASS_ES":null,"FCLASS_CN":null,"FCLASS_TW":null,"FCLASS_IN":null,"FCLASS_NP":null,"FCLASS_PK":null,"FCLASS_DE":null,"FCLASS_GB":null,"FCLASS_BR":null,"FCLASS_IL":null,"FCLASS_PS":null,"FCLASS_SA":null,"FCLASS_EG":null,"FCLASS_MA":null,"FCLASS_PT":null,"FCLASS_AR":null,"FCLASS_JP":null,"FCLASS_KO":null,"FCLASS_VN":null,"FCLASS_TR":null,"FCLASS_ID":null,"FCLASS_PL":null,"FCLASS_GR":null,"FCLASS_IT":null,"FCLASS_NL":null,"FCLASS_SE":null,"FCLASS_BD":null,"FCLASS_UA":null,"FCLASS_TLC":null}},
{"type":"Feature","geometry":{"type":"Polygon","coordinates":[[[-45.757692,-10.33079],[-45.946053,-10.317716],[-46.347553,-10.16956],[-46.53612,-9.55523],[-47.063918,-8.976816],[-46.57387,-7.906907],[-47.078955,-7.975895],[-47.514924,-7.444713],[-47.37302,-6.233624],[-47.53686,-5.478838],[-48.498094,-5.186505],[-48.723015,-5.355332],[-48.142405,-5.646115],[-48.683405,-6.662745],[-49.198542,-6.902627],[-49.374888,-7.50011],[-49.198645,-8.058578],[-49.581309,-8.830727],[-50.053658,-9.319121],[-50.235719,-9.843983],[-50.742659,-11.501623],[-50.665662,-12.631218],[-50.484019,-12.844797],[-49.383543,-13.24808],[-49.06116,-12.680104],[-48.656637,-13.177645],[-47.681348,-13.354223],[-46.233529,-12.796635],[-46.33913,-12.130164],[-46.076846,-11.928057],[-46.570692,-11.316105],[-46.30244,-10.758258],[-45.757692,-10.33079]]]},"properties":{"featurecla":"Admin-1 states provinces","scalerank":2,"adm1_code":"BRA-596","diss_me":596,"iso_3166_2":"BR-TO","wikipedia":null,"iso_a2":"BR","adm0_sr":1,"name":"Tocantins","name_alt":null,"name_local":null,"type":"Estado","type_en":"State","code_local":null,"code_hasc":"BR.TO","note":null,"hasc_maybe":null,"region":null,"region_cod":null,"provnum_ne":21,"gadm_level":1,"check_me":20,"datarank":1,"abbrev":"Toc.","postal":"TO","area_sqkm":0,"sameascity":-99,"labelrank":2,"name_len":9,"mapcolor9":5,"mapcolor13":7,"fips":"BR31","fips_alt":null,"woe_id":2344870,"woe_label":"Tocantins, BR, Brazil","woe_name":"Tocantins","latitude":-10.223,"longitude":-48.2502,"sov_a3":"BRA","adm0_a3":"BRA","adm0_label":2,"admin":"Brazil","geonunit":"Brazil","gu_a3":"BRA","gn_id":3474575,"gn_name":"Estado de Tocantins","gns_id":418317,"gns_name":"Tocantins, Estado de","gn_level":1,"gn_region":null,"gn_a1_code":"BR.31","region_sub":null,"sub_code":null,"gns_level":1,"gns_lang":"sqi","gns_adm1":"BR31","gns_region":null,"min_label":3.7,"max_label":8.5,"min_zoom":3,"wikidataid":"Q43695","name_ar":"توكانتينس","name_bn":"টোক্যান্টিন","name_de":"Tocantins","name_en":"Tocantins","name_es":"Tocantins","name_fr":"Tocantins","name_el":"Τοκαντίνς","name_hi":"टोकाचिस","name_hu":"Tocatins","name_id":"Tocantins","name_it":"Tocantins","name_ja":"トカンティンス州","name_ko":"토칸칭스","name_nl":"Tocantins","name_pl":"Tocantins","name_pt":"Tocantins","name_ru":"Токантинс","name_sv":"Tocantins","name_tr":"Tocantins","name_vi":"Tocantins","name_zh":"托坎廷斯","ne_id":1159307925,"name_he":"טוקנטינס","name_uk":"Токантінс","name_ur":"توکانتینس","name_fa":"توکانتینس","name_zht":"托坎廷斯","FCLASS_ISO":null,"FCLASS_US":null,"FCLASS_FR":null,"FCLASS_RU":null,"FCLASS_ES":null,"FCLASS_CN":null,"FCLASS_TW":null,"FCLASS_IN":null,"FCLASS_NP":null,"FCLASS_PK":null,"FCLASS_DE":null,"FCLASS_GB":null,"FCLASS_BR":null,"FCLASS_IL":null,"FCLASS_PS":null,"FCLASS_SA":null,"FCLASS_EG":null,"FCLASS_MA":null,"FCLASS_PT":null,"FCLASS_AR":null,"FCLASS_JP":null,"FCLASS_KO":null,"FCLASS_VN":null,"FCLASS_TR":null,"FCLASS_ID":null,"FCLASS_PL":null,"FCLASS_GR":null,"FCLASS_IT":null,"FCLASS_NL":null,"FCLASS_SE":null,"FCLASS_BD":null,"FCLASS_UA":null,"FCLASS_TLC":null}},
{"type":"Feature","geometry":null,"properties":{"featurecla":"Admin-1 states provinces","scalerank":2,"adm1_code":"AUS-2653","diss_me":2653,"iso_3166_2":"AU-ACT","wikipedia":null,"iso_a2":"AU","adm0_sr":1,"name":"Australian Capital Territory","name_alt":null,"name_local":null,"type":"Territory","type_en":"Territory","code_local":null,"code_hasc":"AU.AC","note":null,"hasc_maybe":null,"region":null,"region_cod":null,"provnum_ne":1,"gadm_level":1,"check_me":20,"datarank":3,"abbrev":"A.C.T.","postal":"CT","area_sqkm":0,"sameascity":9,"labelrank":9,"name_len":28,"mapcolor9":2,"mapcolor13":7,"fips":"AS01","fips_alt":null,"woe_id":1100968,"woe_label":null,"woe_name":"Canberra","latitude":-35.4618,"longitude":148.983,"sov_a3":"AU1","adm0_a3":"AUS","adm0_label":2,"admin":"Australia","geonunit":"Australia","gu_a3":"AUS","gn_id":2177478,"gn_name":"Australian Capital Territory","gns_id":-1556567,"gns_name":"Australian Capital Territory","gn_level":1,"gn_region":null,"gn_a1_code":"AU.01","region_sub":null,"sub_code":null,"gns_level":1,"gns_lang":"zho","gns_adm1":"AS01","gns_region":null,"min_label":3.5,"max_label":7.5,"min_zoom":2,"wikidataid":"Q3258","name_ar":"مقاطعة العاصمة الأسترالية","name_bn":"অস্ট্রেলীয় রাজধানী অঞ্চল","name_de":"Australian Capital Territory","name_en":"Australian Capital Territory","name_es":"Territorio de la Capital Australiana","name_fr":"Territoire de la capitale australienne","name_el":"Επικράτεια Αυστραλιανής Πρωτεύουσας","name_hi":"ऑस्ट्रेलियाई राजधानी क्षेत्र","name_hu":"Ausztráliai fővárosi terület","name_id":"Wilayah Ibu Kota Australia","name_it":"Territorio della Capitale Australiana","name_ja":"オーストラリア首都特別地域","name_ko":"오스트레일리아 수도 준","name_nl":"Australian Capital Territory","name_pl":"Australijskie Terytorium Stołeczne","name_pt":"Território da Capital Australiana","name_ru":"Австралийская столичная территория","name_sv":"Australian Capital Territory","name_tr":"Avustralya Başkent Bölgesi","name_vi":"Lãnh thổ Thủ đô Úc","name_zh":"澳大利亚首都特区","ne_id":1159313297,"name_he":"טריטוריית הבירה האוסטרלית","name_uk":"Австралійська столична територія","name_ur":"آسٹریلوی دارالحکومت علاقہ","name_fa":"قلمرو پایتختی استرالیا","name_zht":"澳大利亞首都特區","FCLASS_ISO":null,"FCLASS_US":null,"FCLASS_FR":null,"FCLASS_RU":null,"FCLASS_ES":null,"FCLASS_CN":null,"FCLASS_TW":null,"FCLASS_IN":null,"FCLASS_NP":null,"FCLASS_PK":null,"FCLASS_DE":null,"FCLASS_GB":null,"FCLASS_BR":null,"FCLASS_IL":null,"FCLASS_PS":null,"FCLASS_SA":null,"FCLASS_EG":null,"FCLASS_MA":null,"FCLASS_PT":null,"FCLASS_AR":null,"FCLASS_JP":null,"FCLASS_KO":null,"FCLASS_VN":null,"FCLASS_TR":null,"FCLASS_ID":null,"FCLASS_PL":null,"FCLASS_GR":null,"FCLASS_IT":null,"FCLASS_NL":null,"FCLASS_SE":null,"FCLASS_BD":null,"FCLASS_UA":null,"FCLASS_TLC":null}},
{"type":"Feature","geometry":{"type":"Polygon","coordinates":[[[57.408414,56.32912],[54.352476,56.358524],[53.631693,55.906691],[54.176776,55.707039],[53.421887,54.982174],[53.470463,54.045745],[54.108357,53.416559],[54.926601,53.219543],[55.545581,52.384942],[56.36517,52.523099],[56.780131,51.5922],[57.652636,51.86332],[58.576404,51.793066],[58.827965,52.432717],[58.906203,53.861571],[59.227837,54.611189],[57.971377,54.392804],[57.165121,54.81898],[57.517968,55.334039],[58.619502,54.94967],[59.159211,55.331558],[59.026299,56.169388],[57.408414,56.32912]]]},"properties":{"featurecla":"Admin-1 states provinces","scalerank":2,"adm1_code":"RUS-2378","diss_me":2378,"iso_3166_2":"RU-BA","wikipedia":null,"iso_a2":"RU","adm0_sr":1,"name":"Bashkortostan","name_alt":"Bashkir|Bashkiriya|Bashkirskaya A.S.S.R.|Republic of Bashkortostan|Respublika Bashkortostan","name_local":"Республика Башкортостан","type":"Respublika","type_en":"Republic","code_local":null,"code_hasc":"RU.BK","note":null,"hasc_maybe":null,"region":"Volga","region_cod":null,"provnum_ne":7,"gadm_level":1,"check_me":20,"datarank":2,"abbrev":null,"postal":"BK","area_sqkm":0,"sameascity":-99,"labelrank":2,"name_len":13,"mapcolor9":7,"mapcolor13":7,"fips":"RS08","fips_alt":null,"woe_id":2346866,"woe_label":"Bashkortostan, RU, Russia","woe_name":"Bashkortostan","latitude":54.2086,"longitude":56.5575,"sov_a3":"RUS","adm0_a3":"RUS","adm0_label":2,"admin":"Russia","geonunit":"Russia","gu_a3":"RUS","gn_id":578853,"gn_name":"Respublika Bashkortostan","gns_id":-2882700,"gns_name":"Bashkortostan, Respublika","gn_level":1,"gn_region":null,"gn_a1_code":"RU.08","region_sub":"Urals","sub_code":null,"gns_level":1,"gns_lang":"rus","gns_adm1":"RS08","gns_region":null,"min_label":5,"max_label":10.2,"min_zoom":4.7,"wikidataid":"Q5710","name_ar":"باشقورستان","name_bn":"বাশকোরতোস্তান","name_de":"Baschkortostan","name_en":"Bashkortostan","name_es":"Bashkortostán","name_fr":"Bachkirie","name_el":"Δημοκρατία του Μπασκορτοστάν","name_hi":"बश्कोरतोस्तान","name_hu":"Baskíria","name_id":"Bashkortostan","name_it":"Baschiria","name_ja":"バシコルトスタン共和国","name_ko":"바시키르 공화국","name_nl":"Basjkirostan","name_pl":"Baszkortostan","name_pt":"Bascortostão","name_ru":"Республика Башкортостан","name_sv":"Basjkirien","name_tr":"Başkurdistan","name_vi":"Bashkortostan","name_zh":"巴什科尔托斯坦共和国","ne_id":1159313195,"name_he":"בשקורטוסטן","name_uk":"Башкортостан","name_ur":"باشکورتوستان","name_fa":"باشقیرستان","name_zht":"巴什科尔托斯坦共和国","FCLASS_ISO":null,"FCLASS_US":null,"FCLASS_FR":null,"FCLASS_RU":null,"FCLASS_ES":null,"FCLASS_CN":null,"FCLASS_TW":null,"FCLASS_IN":null,"FCLASS_NP":null,"FCLASS_PK":null,"FCLASS_DE":null,"FCLASS_GB":null,"FCLASS_BR":null,"FCLASS_IL":null,"FCLASS_PS":null,"FCLASS_SA":null,"FCLASS_EG":null,"FCLASS_MA":null,"FCLASS_PT":null,"FCLASS_AR":null,"FCLASS_JP":null,"FCLASS_KO":null,"FCLASS_VN":null,"FCLASS_TR":null,"FCLASS_ID":null,"FCLASS_PL":null,"FCLASS_GR":null,"FCLASS_IT":null,"FCLASS_NL":null,"FCLASS_SE":null,"FCLASS_BD":null,"FCLASS_UA":null,"FCLASS_TLC":null}},
{"type":"Feature","geometry":{"type":"Polygon","coordinates":[[[57.408414,56.32912],[59.026299,56.169388],[61.384915,56.366999],[62.071798,56.133525],[62.332971,56.469163],[64.995444,56.768267],[64.839278,57.64072],[66.196611,58.032505],[65.934508,58.614355],[65.001645,59.33767],[63.825076,59.477042],[62.419684,61.305096],[61.165187,61.682747],[60.056624,61.721194],[59.485393,61.993271],[59.348657,61.682178],[59.467719,60.807865],[58.403081,59.552283],[59.175334,59.146519],[59.45604,58.492761],[58.67831,58.1071],[58.829825,57.726244],[57.995148,57.477319],[58.029874,57.099357],[57.357564,56.681243],[57.408414,56.32912]]]},"properties":{"featurecla":"Admin-1 states provinces","scalerank":2,"adm1_code":"RUS-2386","diss_me":2386,"iso_3166_2":"RU-SVE","wikipedia":null,"iso_a2":"RU","adm0_sr":1,"name":"Sverdlovsk","name_alt":"Yekaterinburg|Sverdlovskaya Oblast","name_local":"Свердловская область","type":"Oblast","type_en":"Region","code_local":null,"code_hasc":"RU.SV","note":null,"hasc_maybe":null,"region":"Urals","region_cod":null,"provnum_ne":7,"gadm_level":1,"check_me":20,"datarank":2,"abbrev":null,"postal":"SV","area_sqkm":0,"sameascity":6,"labelrank":6,"name_len":10,"mapcolor9":7,"mapcolor13":7,"fips":"RS71","fips_alt":null,"woe_id":2346926,"woe_label":"Sverdlovskaya Oblast, RU, Russia","woe_name":"Sverdlovsk","latitude":58.8952,"longitude":61.7078,"sov_a3":"RUS","adm0_a3":"RUS","adm0_label":2,"admin":"Russia","geonunit":"Russia","gu_a3":"RUS","gn_id":1490542,"gn_name":"Sverdlovskaya Oblast'","gns_id":-3014006,"gns_name":"Sverdlovskaya Oblast'","gn_level":1,"gn_region":null,"gn_a1_code":"RU.71","region_sub":"Urals","sub_code":null,"gns_level":1,"gns_lang":"fas","gns_adm1":"RS71","gns_region":null,"min_label":5,"max_label":10.2,"min_zoom":4.7,"wikidataid":"Q5462","name_ar":"أوبلاست سفردلوفسك","name_bn":"ভার্দলোভস্ক ওব্লাস্ট","name_de":"Swerdlowsk","name_en":"Sverdlovsk","name_es":"Sverdlovsk","name_fr":"Sverdlovsk","name_el":"Όμπλαστ του Σβερντλόφσκ","name_hi":"स्वर्दलोव्स्क ओब्लास्ट","name_hu":"Szverdlovszki terület","name_id":"Sverdlovsk","name_it":"Sverdlovsk","name_ja":"スヴェルドロフスク州","name_ko":"스베르들롭스크","name_nl":"Sverdlovsk","name_pl":"swierdłowski","name_pt":"Sverdlovsk","name_ru":"Свердловская область","name_sv":"Sverdlovsk","name_tr":"Sverdlovsk Oblastı","name_vi":"Sverdlovsk","name_zh":"斯维尔德洛夫斯克州","ne_id":1159313225,"name_he":"מחוז סברדלובסק","name_uk":"Свердловська область","name_ur":"سوردلووسک اوبلاست","name_fa":"استان سوردلوفسک","name_zht":"斯維爾德洛夫斯克州","FCLASS_ISO":null,"FCLASS_US":null,"FCLASS_FR":null,"FCLASS_RU":null,"FCLASS_ES":null,"FCLASS_CN":null,"FCLASS_TW":null,"FCLASS_IN":null,"FCLASS_NP":null,"FCLASS_PK":null,"FCLASS_DE":null,"FCLASS_GB":null,"FCLASS_BR":null,"FCLASS_IL":null,"FCLASS_PS":null,"FCLASS_SA":null,"FCLASS_EG":null,"FCLASS_MA":null,"FCLASS_PT":null,"FCLASS_AR":null,"FCLASS_JP":null,"FCLASS_KO":null,"FCLASS_VN":null,"FCLASS_TR":null,"FCLASS_ID":null,"FCLASS_PL":null,"FCLASS_GR":null,"FCLASS_IT":null,"FCLASS_NL":null,"FCLASS_SE":null,"FCLASS_BD":null,"FCLASS_UA":null,"FCLASS_TLC":null}},
{"type":"Feature","geometry":{"type":"Polygon","coordinates":[[[59.485393,61.993271],[60.056624,61.721194],[61.165187,61.682747],[62.419684,61.305096],[63.825076,59.477042],[65.001645,59.33767],[65.934508,58.614355],[66.74066,58.669597],[67.74215,59.211942],[69.615627,59.904871],[71.296455,59.799089],[71.999771,59.565822],[73.032059,58.863126],[75.159475,58.650219],[75.628387,59.23778],[76.645482,59.585097],[76.779634,60.451814],[77.136098,60.856131],[80.165371,60.663584],[82.407404,60.723012],[83.144207,61.028213],[84.259591,60.855511],[85.671185,61.289231],[84.435704,62.177962],[83.798224,62.560264],[81.349174,62.821153],[79.91474,62.792033],[77.966539,62.477996],[77.026234,62.975019],[74.914528,63.032019],[72.655028,63.280169],[71.60796,63.185239],[70.913842,63.692392],[70.768942,64.19355],[69.244074,64.465833],[67.679104,64.079035],[66.936307,64.487046],[65.399657,64.571356],[63.611446,64.268481],[62.69915,64.492188],[62.816662,65.291571],[62.018468,65.717126],[60.676534,64.912317],[59.484152,64.497252],[59.584405,63.938268],[59.278067,62.970239],[59.485393,61.993271]]]},"properties":{"featurecla":"Admin-1 states provinces","scalerank":2,"adm1_code":"RUS-2396","diss_me":2396,"iso_3166_2":"RU-KHM","wikipedia":null,"iso_a2":"RU","adm0_sr":1,"name":"Khanty-Mansiy","name_alt":"Khanty-Mansiysk|Khanty-Mansiyskiy A.Okr.|Khanty-Mansiyskiy A.Okr.-Yugra|Khanty-Mansiyskiy AOk","name_local":"Ханты-Мансийский АОк","type":"Avtonomnyy Okrug","type_en":"Autonomous Province","code_local":null,"code_hasc":"RU.KM","note":null,"hasc_maybe":null,"region":"Urals","region_cod":null,"provnum_ne":7,"gadm_level":1,"check_me":20,"datarank":2,"abbrev":null,"postal":"KM","area_sqkm":0,"sameascity":-99,"labelrank":2,"name_len":13,"mapcolor9":7,"mapcolor13":7,"fips":"RS32","fips_alt":null,"woe_id":20070526,"woe_label":"Khanty-Mansiyskiy Avtonomnyy Okrug, RU, Russia","woe_name":"Khanty-Mansiy","latitude":61.4315,"longitude":71.3806,"sov_a3":"RUS","adm0_a3":"RUS","adm0_label":2,"admin":"Russia","geonunit":"Russia","gu_a3":"RUS","gn_id":1503773,"gn_name":"Khanty-Mansiyskiy Avtonomnyy Okrug","gns_id":-2924568,"gns_name":"Khanty-Mansiyskiy Avtonomnyy Okrug","gn_level":1,"gn_region":null,"gn_a1_code":"RU.32","region_sub":"West Siberian","sub_code":null,"gns_level":1,"gns_lang":"rus","gns_adm1":"RS32","gns_region":null,"min_label":5,"max_label":10.2,"min_zoom":4.7,"wikidataid":"Q6320","name_ar":"أوكروغ خانتي-مانسي ذاتية الحكم","name_bn":"কান্তি-মান্সি স্বায়ত্তশাসিত ওব্লাস্ট","name_de":"Autonomer Kreis der Chanten und Mansen/Jugra","name_en":"Khanty-Mansi Autonomous Okrug","name_es":"Janti-Mansi","name_fr":"Khantys-Mansis","name_el":"Αυτόνομος θύλακας της Χαντίας - Μανσίας","name_hi":"खांति-मानसी स्वायत्त ऑक्रग","name_hu":"Hanti- és Manysiföld","name_id":"Khantia-Mansia","name_it":"degli Chanty-Mansi-Jugra","name_ja":"ハンティ・マンシ自治管区・ユグラ","name_ko":"한티만시 자치구","name_nl":"Chanto-Mansië","name_pl":"Chanty-Mansyjski – Jugra","name_pt":"Khantia-Mansia","name_ru":"Ханты-Мансийский автономный округ — Югра","name_sv":"Chantien-Mansien","name_tr":"Hantı-Mansi Özerk Okrugu","name_vi":"Khantia-Mansia","name_zh":"汉特-曼西自治区","ne_id":1159313235,"name_he":"חנטי ומנסי","name_uk":"Ханти-Мансійський автономний округ — Югра","name_ur":"خانتی-مانسی خود مختار آکرگ","name_fa":"خانتی-مانسی","name_zht":"汉特-曼西自治区","FCLASS_ISO":null,"FCLASS_US":null,"FCLASS_FR":null,"FCLASS_RU":null,"FCLASS_ES":null,"FCLASS_CN":null,"FCLASS_TW":null,"FCLASS_IN":null,"FCLASS_NP":null,"FCLASS_PK":null,"FCLASS_DE":null,"FCLASS_GB":null,"FCLASS_BR":null,"FCLASS_IL":null,"FCLASS_PS":null,"FCLASS_SA":null,"FCLASS_EG":null,"FCLASS_MA":null,"FCLASS_PT":null,"FCLASS_AR":null,"FCLASS_JP":null,"FCLASS_KO":null,"FCLASS_VN":null,"FCLASS_TR":null,"FCLASS_ID":null,"FCLASS_PL":null,"FCLASS_GR":null,"FCLASS_IT":null,"FCLASS_NL":null,"FCLASS_SE":null,"FCLASS_BD":null,"FCLASS_UA":null,"FCLASS_TLC":null}},
{"type":"Feature","geometry":{"type":"Polygon","coordinates":[[[40.160164,53.342171],[38.895435,53.565206],[38.632712,53.123218],[37.841029,53.008548],[37.747081,52.016903],[38.298779,51.961015],[38.697618,52.097751],[40.503812,51.953522],[40.696875,52.269626],[39.953148,52.654357],[40.160164,53.342171]]]},"properties":{"featurecla":"Admin-1 states provinces","scalerank":2,"adm1_code":"RUS-2363","diss_me":2363,"iso_3166_2":"RU-LIP","wikipedia":null,"iso_a2":"RU","adm0_sr":1,"name":"Lipetsk","name_alt":"Lipetskaya Oblast","name_local":"Липецкая область","type":"Oblast","type_en":"Region","code_local":null,"code_hasc":"RU.LP","note":null,"hasc_maybe":null,"region":"Central","region_cod":null,"provnum_ne":7,"gadm_level":1,"check_me":20,"datarank":2,"abbrev":null,"postal":"LP","area_sqkm":0,"sameascity":7,"labelrank":7,"name_len":7,"mapcolor9":7,"mapcolor13":7,"fips":"RS43","fips_alt":null,"woe_id":2346908,"woe_label":"Lipetskaya Oblast, RU, Russia","woe_name":"Lipetsk","latitude":52.7462,"longitude":39.2073,"sov_a3":"RUS","adm0_a3":"RUS","adm0_label":2,"admin":"Russia","geonunit":"Russia","gu_a3":"RUS","gn_id":535120,"gn_name":"Lipetskaya Oblast'","gns_id":-2946569,"gns_name":"Lipetskaya Oblast'","gn_level":1,"gn_region":null,"gn_a1_code":"RU.43","region_sub":"Central Black Earth","sub_code":null,"gns_level":1,"gns_lang":"rus","gns_adm1":"RS43","gns_region":null,"min_label":5,"max_label":10.2,"min_zoom":4.7,"wikidataid":"Q3510","name_ar":"ليبيتسك أوبلاست","name_bn":"লিপেটস্ক ওব্লাস্ট","name_de":"Lipezk","name_en":"Lipetsk","name_es":"Lípetsk","name_fr":"Lipetsk","name_el":"Όμπλαστ του Λίπετσκ","name_hi":"लिपेट्सक ओब्लास्ट","name_hu":"Lipecki terület","name_id":"Lipetsk","name_it":"Lipeck","name_ja":"リペツク州","name_ko":"리페츠크","name_nl":"Lipetsk","name_pl":"lipiecki","name_pt":"Lipetsk","name_ru":"Липецкая область","name_sv":"Lipetsk","name_tr":"Lipetsk Oblastı","name_vi":"Lipetsk","name_zh":"利佩茨克州","ne_id":1159313161,"name_he":"מחוז ליפצק","name_uk":"Липецька область","name_ur":"لیپٹسک اوبلاست","name_fa":"استان لیپتسک","name_zht":"利佩茨克州","FCLASS_ISO":null,"FCLASS_US":null,"FCLASS_FR":null,"FCLASS_RU":null,"FCLASS_ES":null,"FCLASS_CN":null,"FCLASS_TW":null,"FCLASS_IN":null,"FCLASS_NP":null,"FCLASS_PK":null,"FCLASS_DE":null,"FCLASS_GB":null,"FCLASS_BR":null,"FCLASS_IL":null,"FCLASS_PS":null,"FCLASS_SA":null,"FCLASS_EG":null,"FCLASS_MA":null,"FCLASS_PT":null,"FCLASS_AR":null,"FCLASS_JP":null,"FCLASS_KO":null,"FCLASS_VN":null,"FCLASS_TR":null,"FCLASS_ID":null,"FCLASS_PL":null,"FCLASS_GR":null,"FCLASS_IT":null,"FCLASS_NL":null,"FCLASS_SE":null,"FCLASS_BD":null,"FCLASS_UA":null,"FCLASS_TLC":null}},
{"type":"Feature","geometry":{"type":"Polygon","coordinates":[[[40.160164,53.342171],[39.953148,52.654357],[40.696875,52.269626],[40.503812,51.953522],[42.489221,51.607703],[43.079572,52.402745],[43.236565,52.66123],[42.093896,53.539833],[42.13441,53.812168],[41.400088,53.783177],[40.160164,53.342171]]]},"properties":{"featurecla":"Admin-1 states provinces","scalerank":2,"adm1_code":"RUS-2375","diss_me":2375,"iso_3166_2":"RU-TAM","wikipedia":null,"iso_a2":"RU","adm0_sr":1,"name":"Tambov","name_alt":"Tambovskaya Oblast","name_local":"Тамбовская область","type":"Oblast","type_en":"Region","code_local":null,"code_hasc":"RU.TB","note":null,"hasc_maybe":null,"region":"Central","region_cod":null,"provnum_ne":7,"gadm_level":1,"check_me":20,"datarank":2,"abbrev":null,"postal":"TB","area_sqkm":0,"sameascity":7,"labelrank":7,"name_len":6,"mapcolor9":7,"mapcolor13":7,"fips":"RS72","fips_alt":null,"woe_id":2346927,"woe_label":"Tambovskaya Oblast, RU, Russia","woe_name":"Tambov","latitude":52.7808,"longitude":41.5945,"sov_a3":"RUS","adm0_a3":"RUS","adm0_label":2,"admin":"Russia","geonunit":"Russia","gu_a3":"RUS","gn_id":484638,"gn_name":"Tambovskaya Oblast'","gns_id":-3015840,"gns_name":"Tambovskaya Oblast'","gn_level":1,"gn_region":null,"gn_a1_code":"RU.72","region_sub":"Central Black Earth","sub_code":null,"gns_level":1,"gns_lang":"fas","gns_adm1":"RS72","gns_region":null,"min_label":5,"max_label":10.2,"min_zoom":4.7,"wikidataid":"Q3550","name_ar":"تامبوف أوبلاست","name_bn":"তাম্বোভ ওব্লাস্ট","name_de":"Tambow","name_en":"Tambov","name_es":"Tambov","name_fr":"Tambov","name_el":"Όμπλαστ του Ταμπόφ","name_hi":"तांबोव ओब्लास्ट","name_hu":"Tambovi terület","name_id":"Tambov","name_it":"Tambov","name_ja":"タンボフ州","name_ko":"탐보프","name_nl":"Tambov","name_pl":"tambowski","name_pt":"Tambov","name_ru":"Тамбовская область","name_sv":"Tambov","name_tr":"Tambov Oblastı","name_vi":"Tambov","name_zh":"坦波夫州","ne_id":1159313187,"name_he":"מחוז טמבוב","name_uk":"Тамбовська область","name_ur":"تیمبوف اوبلاست","name_fa":"استان تامبوف","name_zht":"坦波夫州","FCLASS_ISO":null,"FCLASS_US":null,"FCLASS_FR":null,"FCLASS_RU":null,"FCLASS_ES":null,"FCLASS_CN":null,"FCLASS_TW":null,"FCLASS_IN":null,"FCLASS_NP":null,"FCLASS_PK":null,"FCLASS_DE":null,"FCLASS_GB":null,"FCLASS_BR":null,"FCLASS_IL":null,"FCLASS_PS":null,"FCLASS_SA":null,"FCLASS_EG":null,"FCLASS_MA":null,"FCLASS_PT":null,"FCLASS_AR":null,"FCLASS_JP":null,"FCLASS_KO":null,"FCLASS_VN":null,"FCLASS_TR":null,"FCLASS_ID":null,"FCLASS_PL":null,"FCLASS_GR":null,"FCLASS_IT":null,"FCLASS_NL":null,"FCLASS_SE":null,"FCLASS_BD":null,"FCLASS_UA":null,"FCLASS_TLC":null}},
{"type":"Feature","geometry":{"type":"Polygon","coordinates":[[[84.259591,60.855511],[83.144207,61.028213],[82.407404,60.723012],[80.165371,60.663584],[77.136098,60.856131],[76.779634,60.451814],[76.645482,59.585097],[75.628387,59.23778],[75.159475,58.650219],[75.105214,58.581024],[75.092915,58.110148],[76.108667,57.250253],[78.444339,57.161317],[79.589799,56.928567],[80.24857,56.45472],[81.122315,56.532622],[81.55743,56.258272],[83.096045,56.549313],[83.56816,55.692699],[84.410383,56.044073],[86.706677,56.631892],[87.77917,56.54797],[88.623976,56.832965],[89.328429,57.950003],[88.155684,58.106531],[87.936266,59.26615],[87.084122,59.882753],[84.531306,59.974996],[84.781213,60.355954],[84.259591,60.855511]]]},"properties":{"featurecla":"Admin-1 states provinces","scalerank":2,"adm1_code":"RUS-2167","diss_me":2167,"iso_3166_2":"RU-TOM","wikipedia":null,"iso_a2":"RU","adm0_sr":1,"name":"Tomsk","name_alt":"Tomskaya","name_local":"Томская область","type":"Oblast","type_en":"Region","code_local":null,"code_hasc":"RU.TO","note":null,"hasc_maybe":null,"region":"Siberian","region_cod":null,"provnum_ne":20099,"gadm_level":1,"check_me":20,"datarank":2,"abbrev":null,"postal":"TO","area_sqkm":0,"sameascity":6,"labelrank":6,"name_len":5,"mapcolor9":7,"mapcolor13":7,"fips":"RS75","fips_alt":null,"woe_id":2346928,"woe_label":"Tomskaya Oblast, RU, Russia","woe_name":"Tomsk","latitude":58.4467,"longitude":82.2299,"sov_a3":"RUS","adm0_a3":"RUS","adm0_label":2,"admin":"Russia","geonunit":"Russia","gu_a3":"RUS","gn_id":1489421,"gn_name":"Tomskaya Oblast'","gns_id":-3019683,"gns_name":"Tomskaya Oblast'","gn_level":1,"gn_region":null,"gn_a1_code":"RU.75","region_sub":"West Siberian","sub_code":null,"gns_level":1,"gns_lang":"fas","gns_adm1":"RS75","gns_region":null,"min_label":5,"max_label":10.2,"min_zoom":4.7,"wikidataid":"Q5884","name_ar":"تومسك أوبلاست","name_bn":"টোমস্ক ওব্লাস্ট","name_de":"Tomsk","name_en":"Tomsk","name_es":"Tomsk","name_fr":"Tomsk","name_el":"Όμπλαστ του Τομσκ","name_hi":"टॉमस्क ओब्लास्ट","name_hu":"Tomszki terület","name_id":"Tomsk","name_it":"Tomsk","name_ja":"トムスク州","name_ko":"톰스크","name_nl":"Tomsk","name_pl":"tomski","name_pt":"Tomsk","name_ru":"Томская область","name_sv":"Tomsk","name_tr":"Tomsk Oblastı","name_vi":"Tomsk","name_zh":"托木斯克州","ne_id":1159313233,"name_he":"מחוז טומסק","name_uk":"Томська область","name_ur":"تومسک اوبلاست","name_fa":"استان تومسک","name_zht":"托木斯克州","FCLASS_ISO":null,"FCLASS_US":null,"FCLASS_FR":null,"FCLASS_RU":null,"FCLASS_ES":null,"FCLASS_CN":null,"FCLASS_TW":null,"FCLASS_IN":null,"FCLASS_NP":null,"FCLASS_PK":null,"FCLASS_DE":null,"FCLASS_GB":null,"FCLASS_BR":null,"FCLASS_IL":null,"FCLASS_PS":null,"FCLASS_SA":null,"FCLASS_EG":null,"FCLASS_MA":null,"FCLASS_PT":null,"FCLASS_AR":null,"FCLASS_JP":null,"FCLASS_KO":null,"FCLASS_VN":null,"FCLASS_TR":null,"FCLASS_ID":null,"FCLASS_PL":null,"FCLASS_GR":null,"FCLASS_IT":null,"FCLASS_NL":null,"FCLASS_SE":null,"FCLASS_BD":null,"FCLASS_UA":null,"FCLASS_TLC":null}},
{"type":"Feature","geometry":{"type":"Polygon","coordinates":[[[53.631693,55.906691],[52.958246,56.252226],[52.06445,55.896123],[51.436478,56.144429],[50.072014,56.622746],[48.412373,55.829357],[48.025007,55.630455],[47.996275,54.968247],[47.241902,54.677722],[48.827542,54.647827],[49.291183,54.883834],[50.077491,54.516466],[51.168794,54.637285],[52.53853,54.37725],[53.470463,54.045745],[53.421887,54.982174],[54.176776,55.707039],[53.631693,55.906691]]]},"properties":{"featurecla":"Admin-1 states provinces","scalerank":2,"adm1_code":"RUS-2394","diss_me":2394,"iso_3166_2":"RU-TA","wikipedia":null,"iso_a2":"RU","adm0_sr":1,"name":"Tatarstan","name_alt":"Kazan|Kazanskaya G.|Tatar A.S.S.R.|Tatarskaya A.S.S.R.|Republic of Tatarstan|Respublika Tatars","name_local":"Республика Татарстан","type":"Respublika","type_en":"Republic","code_local":null,"code_hasc":"RU.TT","note":null,"hasc_maybe":null,"region":"Volga","region_cod":null,"provnum_ne":20098,"gadm_level":1,"check_me":20,"datarank":2,"abbrev":null,"postal":"TT","area_sqkm":0,"sameascity":-99,"labelrank":2,"name_len":9,"mapcolor9":7,"mapcolor13":7,"fips":"RS73","fips_alt":null,"woe_id":2346878,"woe_label":"Tatarstan, RU, Russia","woe_name":"Tatarstan","latitude":55.374,"longitude":50.7364,"sov_a3":"RUS","adm0_a3":"RUS","adm0_label":2,"admin":"Russia","geonunit":"Russia","gu_a3":"RUS","gn_id":484048,"gn_name":"Respublika Tatarstan","gns_id":-3016810,"gns_name":"Tatarstan, Respublika","gn_level":1,"gn_region":null,"gn_a1_code":"RU.73","region_sub":"Volga","sub_code":null,"gns_level":1,"gns_lang":"fas","gns_adm1":"RS73","gns_region":null,"min_label":5,"max_label":10.2,"min_zoom":4.7,"wikidataid":"Q5481","name_ar":"تتارستان","name_bn":"তাতারস্তান","name_de":"Tatarstan","name_en":"Republic of Tatarstan","name_es":"Tartaristán","name_fr":"Tatarstan","name_el":"Δημοκρατία του Ταταρστάν","name_hi":"तातारस्तान","name_hu":"Tatárföld","name_id":"Tatarstan","name_it":"Tatarstan","name_ja":"タタールスタン共和国","name_ko":"타타르 공화국","name_nl":"Tatarije","name_pl":"Tatarstan","name_pt":"Tartaristão","name_ru":"Татарстан","name_sv":"Tatarstan","name_tr":"Tataristan","name_vi":"Tatarstan","name_zh":"鞑靼斯坦共和国","ne_id":1159313215,"name_he":"טטרסטן","name_uk":"Татарстан","name_ur":"تاتارستان","name_fa":"تاتارستان","name_zht":"鞑靼斯坦共和国","FCLASS_ISO":null,"FCLASS_US":null,"FCLASS_FR":null,"FCLASS_RU":null,"FCLASS_ES":null,"FCLASS_CN":null,"FCLASS_TW":null,"FCLASS_IN":null,"FCLASS_NP":null,"FCLASS_PK":null,"FCLASS_DE":null,"FCLASS_GB":null,"FCLASS_BR":null,"FCLASS_IL":null,"FCLASS_PS":null,"FCLASS_SA":null,"FCLASS_EG":null,"FCLASS_MA":null,"FCLASS_PT":null,"FCLASS_AR":null,"FCLASS_JP":null,"FCLASS_KO":null,"FCLASS_VN":null,"FCLASS_TR":null,"FCLASS_ID":null,"FCLASS_PL":null,"FCLASS_GR":null,"FCLASS_IT":null,"FCLASS_NL":null,"FCLASS_SE":null,"FCLASS_BD":null,"FCLASS_UA":null,"FCLASS_TLC":null}},
{"type":"Feature","geometry":{"type":"Polygon","coordinates":[[[50.077491,54.516466],[49.291183,54.883834],[48.827542,54.647827],[47.241902,54.677722],[46.441331,54.772161],[46.543134,54.406343],[45.791552,54.003887],[46.905902,53.335324],[46.830661,52.616272],[48.436971,52.780448],[48.034515,53.314627],[48.491128,53.770517],[49.624496,53.814623],[50.197381,54.038149],[50.077491,54.516466]]]},"properties":{"featurecla":"Admin-1 states provinces","scalerank":2,"adm1_code":"RUS-2395","diss_me":2395,"iso_3166_2":"RU-ULY","wikipedia":null,"iso_a2":"RU","adm0_sr":1,"name":"Ul'yanovsk","name_alt":"Simbirsk|Simbirskaya G.|Ul'yanovskaya Oblast","name_local":"Ульяновская область","type":"Oblast","type_en":"Region","code_local":null,"code_hasc":"RU.UL","note":null,"hasc_maybe":null,"region":"Volga","region_cod":null,"provnum_ne":20095,"gadm_level":1,"check_me":20,"datarank":2,"abbrev":null,"postal":"UL","area_sqkm":0,"sameascity":7,"labelrank":7,"name_len":10,"mapcolor9":7,"mapcolor13":7,"fips":"RS81","fips_alt":null,"woe_id":2346931,"woe_label":"Ulryanovskaya Oblast, RU, Russia","woe_name":"Ul'yanovsk","latitude":53.9248,"longitude":47.3773,"sov_a3":"RUS","adm0_a3":"RUS","adm0_label":2,"admin":"Russia","geonunit":"Russia","gu_a3":"RUS","gn_id":479119,"gn_name":"Ul'yanovskaya Oblast'","gns_id":-3025029,"gns_name":"Ul'yanovskaya Oblast'","gn_level":1,"gn_region":null,"gn_a1_code":"RU.81","region_sub":"Volga","sub_code":null,"gns_level":1,"gns_lang":"fas","gns_adm1":"RS81","gns_region":null,"min_label":5,"max_label":10.2,"min_zoom":4.7,"wikidataid":"Q5634","name_ar":"أوليانوفسك أوبلاست","name_bn":"উলিয়ানভস্ক ওব্লাস্ট","name_de":"Uljanowsk","name_en":"Ulyanovsk","name_es":"Uliánovsk","name_fr":"d'Oulianovsk","name_el":"Όμπλαστ του Ουλιάνοφσκ","name_hi":"उल्यानोव्स्क ओब्लास्ट","name_hu":"Uljanovszki terület","name_id":"Ulyanovsk","name_it":"Ul'janovsk","name_ja":"ウリヤノフスク州","name_ko":"울리야놉스크","name_nl":"Oeljanovsk","name_pl":"uljanowski","name_pt":"Ulianovsk","name_ru":"Ульяновская область","name_sv":"Uljanovsk","name_tr":"Ulyanovsk Oblastı","name_vi":"Ulyanovsk","name_zh":"乌里扬诺夫斯克州","ne_id":1159313217,"name_he":"מחוז אולייאנובסק","name_uk":"Ульяновська область","name_ur":"اولیانووسک اوبلاست","name_fa":"استان اولیانوفسک","name_zht":"乌里扬诺夫斯克州","FCLASS_ISO":null,"FCLASS_US":null,"FCLASS_FR":null,"FCLASS_RU":null,"FCLASS_ES":null,"FCLASS_CN":null,"FCLASS_TW":null,"FCLASS_IN":null,"FCLASS_NP":null,"FCLASS_PK":null,"FCLASS_DE":null,"FCLASS_GB":null,"FCLASS_BR":null,"FCLASS_IL":null,"FCLASS_PS":null,"FCLASS_SA":null,"FCLASS_EG":null,"FCLASS_MA":null,"FCLASS_PT":null,"FCLASS_AR":null,"FCLASS_JP":null,"FCLASS_KO":null,"FCLASS_VN":null,"FCLASS_TR":null,"FCLASS_ID":null,"FCLASS_PL":null,"FCLASS_GR":null,"FCLASS_IT":null,"FCLASS_NL":null,"FCLASS_SE":null,"FCLASS_BD":null,"FCLASS_UA":null,"FCLASS_TLC":null}},
{"type":"Feature","geometry":{"type":"Polygon","coordinates":[[[42.13441,53.812168],[42.093896,53.539833],[43.236565,52.66123],[43.079572,52.402745],[44.346679,52.316135],[46.830661,52.616272],[46.905902,53.335324],[45.791552,54.003887],[44.099355,53.735635],[43.751779,53.963218],[42.307733,53.847463],[42.13441,53.812168]]]},"properties":{"featurecla":"Admin-1 states provinces","scalerank":2,"adm1_code":"RUS-2373","diss_me":2373,"iso_3166_2":"RU-PNZ","wikipedia":null,"iso_a2":"RU","adm0_sr":1,"name":"Penza","name_alt":"Penzenskaya Oblast","name_local":"Пензенская область","type":"Oblast","type_en":"Region","code_local":null,"code_hasc":"RU.PZ","note":null,"hasc_maybe":null,"region":"Volga","region_cod":null,"provnum_ne":20096,"gadm_level":1,"check_me":20,"datarank":2,"abbrev":null,"postal":"PZ","area_sqkm":0,"sameascity":7,"labelrank":7,"name_len":5,"mapcolor9":7,"mapcolor13":7,"fips":"RS57","fips_alt":null,"woe_id":2346918,"woe_label":"Penzenskaya Oblast, RU, Russia","woe_name":"Penza","latitude":53.0562,"longitude":44.8159,"sov_a3":"RUS","adm0_a3":"RUS","adm0_label":2,"admin":"Russia","geonunit":"Russia","gu_a3":"RUS","gn_id":511555,"gn_name":"Penzenskaya Oblast'","gns_id":-2979697,"gns_name":"Penzenskaya Oblast'","gn_level":1,"gn_region":null,"gn_a1_code":"RU.57","region_sub":"Volga","sub_code":null,"gns_level":1,"gns_lang":"fas","gns_adm1":"RS57","gns_region":null,"min_label":5,"max_label":10.2,"min_zoom":4.7,"wikidataid":"Q5545","name_ar":"بانزا أوبلاست","name_bn":"পেঞ্জা ওব্লাস্ট","name_de":"Pensa","name_en":"Penza","name_es":"Penza","name_fr":"Penza","name_el":"Όμπλαστ της Πένζα","name_hi":"पेन्ज़ा ओब्लास्ट","name_hu":"Penzai terület","name_id":"Penza","name_it":"Penza","name_ja":"ペンザ州","name_ko":"펜자","name_nl":"Penza","name_pl":"penzeński","name_pt":"Penza","name_ru":"Пензенская область","name_sv":"Penza","name_tr":"Penza Oblastı","name_vi":"Penza","name_zh":"奔萨州","ne_id":1159313183,"name_he":"מחוז פנזה","name_uk":"Пензенська область","name_ur":"پینزا اوبلاست","name_fa":"استان پنزا","name_zht":"奔萨州","FCLASS_ISO":null,"FCLASS_US":null,"FCLASS_FR":null,"FCLASS_RU":null,"FCLASS_ES":null,"FCLASS_CN":null,"FCLASS_TW":null,"FCLASS_IN":null,"FCLASS_NP":null,"FCLASS_PK":null,"FCLASS_DE":null,"FCLASS_GB":null,"FCLASS_BR":null,"FCLASS_IL":null,"FCLASS_PS":null,"FCLASS_SA":null,"FCLASS_EG":null,"FCLASS_MA":null,"FCLASS_PT":null,"FCLASS_AR":null,"FCLASS_JP":null,"FCLASS_KO":null,"FCLASS_VN":null,"FCLASS_TR":null,"FCLASS_ID":null,"FCLASS_PL":null,"FCLASS_GR":null,"FCLASS_IT":null,"FCLASS_NL":null,"FCLASS_SE":null,"FCLASS_BD":null,"FCLASS_UA":null,"FCLASS_TLC":null}},
{"type":"Feature","geometry":{"type":"Polygon","coordinates":[[[88.623976,56.832965],[87.77917,56.54797],[86.706677,56.631892],[84.410383,56.044073],[85.076079,54.868279],[85.079386,54.469389],[86.983456,53.407438],[87.173212,52.611621],[87.92376,52.547594],[88.364767,52.168005],[89.115109,52.6264],[88.833886,53.584611],[89.260423,53.834802],[88.608774,55.44559],[89.362845,55.772539],[88.592453,56.443635],[88.623976,56.832965]]]},"properties":{"featurecla":"Admin-1 states provinces","scalerank":2,"adm1_code":"RUS-2401","diss_me":2401,"iso_3166_2":"RU-KEM","wikipedia":null,"iso_a2":"RU","adm0_sr":1,"name":"Kemerovo","name_alt":"Kemerovskaya Oblast","name_local":"Кемеровская область","type":"Oblast","type_en":"Region","code_local":null,"code_hasc":"RU.KE","note":null,"hasc_maybe":null,"region":"Siberian","region_cod":null,"provnum_ne":20094,"gadm_level":1,"check_me":20,"datarank":2,"abbrev":null,"postal":"KE","area_sqkm":0,"sameascity":6,"labelrank":6,"name_len":8,"mapcolor9":7,"mapcolor13":7,"fips":"RS29","fips_alt":null,"woe_id":2346901,"woe_label":"Kemerovskaya Oblast, RU, Russia","woe_name":"Kemerovo","latitude":54.6462,"longitude":87.1676,"sov_a3":"RUS","adm0_a3":"RUS","adm0_label":2,"admin":"Russia","geonunit":"Russia","gu_a3":"RUS","gn_id":1503900,"gn_name":"Kemerovskaya Oblast'","gns_id":-2923679,"gns_name":"Kemerovskaya Oblast'","gn_level":1,"gn_region":null,"gn_a1_code":"RU.29","region_sub":"West Siberian","sub_code":null,"gns_level":1,"gns_lang":"rus","gns_adm1":"RS29","gns_region":null,"min_label":5,"max_label":10.2,"min_zoom":4.7,"wikidataid":"Q6076","name_ar":"أوبلاست كيمروفسكايا","name_bn":"কেমেরোভো ওব্লাস্ট","name_de":"Kemerowo","name_en":"Kemerovo","name_es":"Kémerovo","name_fr":"Kemerovo","name_el":"Όμπλαστ του Κεμέροβο","name_hi":"केमेरोवो ओब्लास्ट","name_hu":"Kemerovói terület","name_id":"Kemerovo","name_it":"Kemerovo","name_ja":"ケメロヴォ州","name_ko":"케메로보","name_nl":"Kemerovo","name_pl":"kemerowski","name_pt":"Kemerovo","name_ru":"Кемеровская область","name_sv":"Kemerovo","name_tr":"Kemerovo Oblastı","name_vi":"Kemerovo","name_zh":"科麦罗沃州","ne_id":1159313243,"name_he":"מחוז קמרובו","name_uk":"Кемеровська область","name_ur":"کیمیروو اوبلاست","name_fa":"استان کمروو","name_zht":"科麦罗沃州","FCLASS_ISO":null,"FCLASS_US":null,"FCLASS_FR":null,"FCLASS_RU":null,"FCLASS_ES":null,"FCLASS_CN":null,"FCLASS_TW":null,"FCLASS_IN":null,"FCLASS_NP":null,"FCLASS_PK":null,"FCLASS_DE":null,"FCLASS_GB":null,"FCLASS_BR":null,"FCLASS_IL":null,"FCLASS_PS":null,"FCLASS_SA":null,"FCLASS_EG":null,"FCLASS_MA":null,"FCLASS_PT":null,"FCLASS_AR":null,"FCLASS_JP":null,"FCLASS_KO":null,"FCLASS_VN":null,"FCLASS_TR":null,"FCLASS_ID":null,"FCLASS_PL":null,"FCLASS_GR":null,"FCLASS_IT":null,"FCLASS_NL":null,"FCLASS_SE":null,"FCLASS_BD":null,"FCLASS_UA":null,"FCLASS_TLC":null}},
{"type":"Feature","geometry":{"type":"Polygon","coordinates":[[[37.841029,53.008548],[36.009616,53.618278],[35.103522,53.310777],[34.896816,52.353239],[35.39632,52.41401],[37.353514,51.936158],[37.747081,52.016903],[37.841029,53.008548]]]},"properties":{"featurecla":"Admin-1 states provinces","scalerank":2,"adm1_code":"RUS-2366","diss_me":2366,"iso_3166_2":"RU-ORL","wikipedia":null,"iso_a2":"RU","adm0_sr":1,"name":"Orel","name_alt":"Orlovskaya|Or'ol|Oryol|Orlovskaya Oblast","name_local":"Орловская область","type":"Oblast","type_en":"Region","code_local":null,"code_hasc":"RU.OL","note":null,"hasc_maybe":null,"region":"Central","region_cod":null,"provnum_ne":20093,"gadm_level":1,"check_me":20,"datarank":2,"abbrev":null,"postal":"OL","area_sqkm":0,"sameascity":7,"labelrank":7,"name_len":4,"mapcolor9":7,"mapcolor13":7,"fips":"RS56","fips_alt":null,"woe_id":2346917,"woe_label":"Orlovskaya Oblast, RU, Russia","woe_name":"Orel","latitude":52.8778,"longitude":36.4166,"sov_a3":"RUS","adm0_a3":"RUS","adm0_label":2,"admin":"Russia","geonunit":"Russia","gu_a3":"RUS","gn_id":514801,"gn_name":"Orlovskaya Oblast'","gns_id":-2975241,"gns_name":"Orlovskaya Oblast'","gn_level":1,"gn_region":null,"gn_a1_code":"RU.56","region_sub":"Central","sub_code":null,"gns_level":1,"gns_lang":"fas","gns_adm1":"RS56","gns_region":null,"min_label":5,"max_label":10.2,"min_zoom":4.7,"wikidataid":"Q3129","name_ar":"أوريول أوبلاست","name_bn":"ওরিওল ওব্লাস্ট","name_de":"Orjol","name_en":"Oryol","name_es":"Oriol","name_fr":"d'Orel","name_el":"Όμπλαστ του Οριόλ","name_hi":"ओर्योल ओब्लास्ट","name_hu":"Orjoli terület","name_id":"Oryol","name_it":"Orël","name_ja":"オリョール州","name_ko":"오룔","name_nl":"Orjol","name_pl":"orłowski","name_pt":"Oriol","name_ru":"Орловская область","name_sv":"Orjol","name_tr":"Oryol Oblastı","name_vi":"Oryol","name_zh":"奥廖尔州","ne_id":1159313167,"name_he":"מחוז אוריול","name_uk":"Орловська область","name_ur":"اوریول اوبلاست","name_fa":"استان اریول","name_zht":"奥廖尔州","FCLASS_ISO":null,"FCLASS_US":null,"FCLASS_FR":null,"FCLASS_RU":null,"FCLASS_ES":null,"FCLASS_CN":null,"FCLASS_TW":null,"FCLASS_IN":null,"FCLASS_NP":null,"FCLASS_PK":null,"FCLASS_DE":null,"FCLASS_GB":null,"FCLASS_BR":null,"FCLASS_IL":null,"FCLASS_PS":null,"FCLASS_SA":null,"FCLASS_EG":null,"FCLASS_MA":null,"FCLASS_PT":null,"FCLASS_AR":null,"FCLASS_JP":null,"FCLASS_KO":null,"FCLASS_VN":null,"FCLASS_TR":null,"FCLASS_ID":null,"FCLASS_PL":null,"FCLASS_GR":null,"FCLASS_IT":null,"FCLASS_NL":null,"FCLASS_SE":null,"FCLASS_BD":null,"FCLASS_UA":null,"FCLASS_TLC":null}},
{"type":"Feature","geometry":{"type":"Polygon","coordinates":[[[108.026512,64.223522],[106.793409,63.842383],[106.125647,63.048245],[106.725713,62.587705],[105.941368,61.685382],[104.904016,61.367546],[104.459702,60.838767],[104.676226,60.399879],[105.484755,60.021918],[104.798803,59.690879],[105.353497,59.107917],[103.948725,58.773881],[102.998809,59.315398],[102.519665,58.727888],[101.297621,58.219289],[100.801424,57.673017],[100.017286,58.081468],[99.410914,57.795542],[97.934002,57.811304],[97.354916,57.060548],[97.840674,56.393147],[96.752782,55.650712],[96.49502,54.510523],[95.678222,54.234158],[96.684052,53.638535],[99.249787,52.953822],[100.260475,53.37483],[100.606397,52.94359],[102.045689,52.212188],[102.542093,52.227613],[103.335016,51.434199],[104.609357,51.268292],[104.649871,51.622431],[105.751509,52.030985],[106.198304,52.440184],[108.040982,53.192722],[109.007331,54.424947],[108.670918,54.546878],[108.622238,55.455892],[108.991208,56.03968],[108.718563,56.499446],[109.988977,56.969029],[111.133713,56.814749],[111.462478,57.102458],[113.3558,56.626363],[114.795298,56.709717],[115.710798,56.9635],[116.81502,56.726202],[117.672539,56.977504],[117.140375,57.668418],[117.470897,58.303987],[119.10811,58.2227],[118.733869,59.419784],[117.597505,59.472313],[116.95434,60.168576],[115.686303,60.526228],[113.435175,59.402266],[110.470911,59.033555],[109.63644,59.065956],[109.269434,59.449085],[110.48135,61.159213],[109.7924,61.325198],[109.305918,62.483628],[109.614426,62.873734],[108.735203,63.977129],[108.026512,64.223522]]]},"properties":{"featurecla":"Admin-1 states provinces","scalerank":2,"adm1_code":"RUS-2602","diss_me":2602,"iso_3166_2":"RU-IRK","wikipedia":null,"iso_a2":"RU","adm0_sr":1,"name":"Irkutsk","name_alt":"Irkutskaya Oblast","name_local":"Иркутская область","type":"Oblast","type_en":"Region","code_local":null,"code_hasc":"RU.IK","note":null,"hasc_maybe":null,"region":"Siberian","region_cod":null,"provnum_ne":20006,"gadm_level":1,"check_me":20,"datarank":2,"abbrev":null,"postal":"IR","area_sqkm":0,"sameascity":6,"labelrank":6,"name_len":7,"mapcolor9":7,"mapcolor13":7,"fips":"RS20","fips_alt":null,"woe_id":2346896,"woe_label":"Irkutskaya Oblast, RU, Russia","woe_name":"Irkutsk","latitude":56.8255,"longitude":105.966,"sov_a3":"RUS","adm0_a3":"RUS","adm0_label":2,"admin":"Russia","geonunit":"Russia","gu_a3":"RUS","gn_id":2023468,"gn_name":"Irkutskaya Oblast'","gns_id":-2916146,"gns_name":"Irkutskaya Oblast'","gn_level":1,"gn_region":null,"gn_a1_code":"RU.20","region_sub":"East Siberian","sub_code":null,"gns_level":1,"gns_lang":"rus","gns_adm1":"RS20","gns_region":null,"min_label":5,"max_label":10.2,"min_zoom":4.7,"wikidataid":"Q6585","name_ar":"إركوتسك أوبلاست","name_bn":"ইরকুটস্ক ওব্লাস্ট","name_de":"Irkutsk","name_en":"Irkutsk","name_es":"Irkutsk","name_fr":"d'Irkoutsk","name_el":"Όμπλαστ του Ιρκούτσκ","name_hi":"इरकुत्स्क ओब्लास्त","name_hu":"Irkutszki terület","name_id":"Irkutsk","name_it":"Irkutsk","name_ja":"イルクーツク州","name_ko":"이르쿠츠크","name_nl":"Irkoetsk","name_pl":"irkucki","name_pt":"Irkutsk","name_ru":"Иркутская область","name_sv":"Irkutsk","name_tr":"İrkutsk Oblastı","name_vi":"Irkutsk","name_zh":"伊爾庫茨克州","ne_id":1159313609,"name_he":"מחוז אירקוטסק","name_uk":"Іркутська область","name_ur":"ارکتسک اوبلاست","name_fa":"استان ایرکوتسک","name_zht":"伊爾庫茨克州","FCLASS_ISO":null,"FCLASS_US":null,"FCLASS_FR":null,"FCLASS_RU":null,"FCLASS_ES":null,"FCLASS_CN":null,"FCLASS_TW":null,"FCLASS_IN":null,"FCLASS_NP":null,"FCLASS_PK":null,"FCLASS_DE":null,"FCLASS_GB":null,"FCLASS_BR":null,"FCLASS_IL":null,"FCLASS_PS":null,"FCLASS_SA":null,"FCLASS_EG":null,"FCLASS_MA":null,"FCLASS_PT":null,"FCLASS_AR":null,"FCLASS_JP":null,"FCLASS_KO":null,"FCLASS_VN":null,"FCLASS_TR":null,"FCLASS_ID":null,"FCLASS_PL":null,"FCLASS_GR":null,"FCLASS_IT":null,"FCLASS_NL":null,"FCLASS_SE":null,"FCLASS_BD":null,"FCLASS_UA":null,"FCLASS_TLC":null}},
{"type":"Feature","geometry":{"type":"Polygon","coordinates":[[[88.608774,55.44559],[89.260423,53.834802],[88.833886,53.584611],[89.115109,52.6264],[88.364767,52.168005],[87.861542,51.54936],[88.7357,51.559385],[89.58061,51.553029],[90.476589,52.183401],[91.841247,53.288272],[90.915309,54.791075],[90.129207,55.105216],[89.200788,54.990391],[88.608774,55.44559]]]},"properties":{"featurecla":"Admin-1 states provinces","scalerank":2,"adm1_code":"RUS-2402","diss_me":2402,"iso_3166_2":"RU-KK","wikipedia":null,"iso_a2":"RU","adm0_sr":1,"name":"Khakass","name_alt":"Khakassiya|Republic of Khakasia|Khakasskaya A.Obl.|Respublika Khakasiya|Republic of Khakasia","name_local":"Республика Хакасия","type":"Respublika","type_en":"Republic","code_local":null,"code_hasc":"RU.KK","note":null,"hasc_maybe":null,"region":"Siberian","region_cod":null,"provnum_ne":20004,"gadm_level":1,"check_me":20,"datarank":2,"abbrev":null,"postal":"KK","area_sqkm":0,"sameascity":-99,"labelrank":2,"name_len":7,"mapcolor9":7,"mapcolor13":7,"fips":"RS31","fips_alt":null,"woe_id":20070519,"woe_label":"Khakasiya, RU, Russia","woe_name":"Khakass","latitude":53.3643,"longitude":89.8405,"sov_a3":"RUS","adm0_a3":"RUS","adm0_label":2,"admin":"Russia","geonunit":"Russia","gu_a3":"RUS","gn_id":1503834,"gn_name":"Respublika Khakasiya","gns_id":-2924241,"gns_name":"Khakasiya, Respublika","gn_level":1,"gn_region":null,"gn_a1_code":"RU.31","region_sub":"East Siberian","sub_code":null,"gns_level":1,"gns_lang":"rus","gns_adm1":"RS31","gns_region":null,"min_label":5,"max_label":10.2,"min_zoom":4.7,"wikidataid":"Q6543","name_ar":"خقاسيا","name_bn":"রিপাাবলিক অফ খাকসিয়া","name_de":"Chakassien","name_en":"Republic of Khakassia","name_es":"Jakasia","name_fr":"Khakassie","name_el":"Δημοκρατία της Χακασίας","name_hi":"ख़कासिया","name_hu":"Hakaszföld","name_id":"Khakassia","name_it":"Chakassia","name_ja":"ハカス共和国","name_ko":"하카스 공화국","name_nl":"Chakassië","name_pl":"Chakasja","name_pt":"Cacássia","name_ru":"Хакасия","name_sv":"Chakassien","name_tr":"Hakasya","name_vi":"Khakassia","name_zh":"哈卡斯共和国","ne_id":1159313245,"name_he":"חקסיה","name_uk":"Хакасія","name_ur":"خاکاسیا","name_fa":"خاکاسیا","name_zht":"哈卡斯共和国","FCLASS_ISO":null,"FCLASS_US":null,"FCLASS_FR":null,"FCLASS_RU":null,"FCLASS_ES":null,"FCLASS_CN":null,"FCLASS_TW":null,"FCLASS_IN":null,"FCLASS_NP":null,"FCLASS_PK":null,"FCLASS_DE":null,"FCLASS_GB":null,"FCLASS_BR":null,"FCLASS_IL":null,"FCLASS_PS":null,"FCLASS_SA":null,"FCLASS_EG":null,"FCLASS_MA":null,"FCLASS_PT":null,"FCLASS_AR":null,"FCLASS_JP":null,"FCLASS_KO":null,"FCLASS_VN":null,"FCLASS_TR":null,"FCLASS_ID":null,"FCLASS_PL":null,"FCLASS_GR":null,"FCLASS_IT":null,"FCLASS_NL":null,"FCLASS_SE":null,"FCLASS_BD":null,"FCLASS_UA":null,"FCLASS_TLC":null}},
{"type":"Feature","geometry":{"type":"Polygon","coordinates":[[[42.307733,53.847463],[43.751779,53.963218],[44.099355,53.735635],[45.791552,54.003887],[46.543134,54.406343],[46.441331,54.772161],[46.055721,55.042119],[45.439118,55.03323],[44.917186,54.476236],[43.36896,54.94967],[42.466793,54.871302],[42.699337,54.582353],[42.307733,53.847463]]]},"properties":{"featurecla":"Admin-1 states provinces","scalerank":2,"adm1_code":"RUS-2372","diss_me":2372,"iso_3166_2":"RU-MO","wikipedia":null,"iso_a2":"RU","adm0_sr":1,"name":"Mordovia","name_alt":"Mordov|Mordvian Autonomous Republic|Mordvinia|Republic of Mordovia|Mordovian A.S.S.R.","name_local":"Республика Мордовия","type":"Respublika","type_en":"Republic","code_local":null,"code_hasc":"RU.MR","note":null,"hasc_maybe":null,"region":"Volga","region_cod":null,"provnum_ne":20092,"gadm_level":1,"check_me":20,"datarank":2,"abbrev":null,"postal":"MR","area_sqkm":0,"sameascity":-99,"labelrank":2,"name_len":8,"mapcolor9":7,"mapcolor13":7,"fips":"RS46","fips_alt":null,"woe_id":2346876,"woe_label":"Mordoviya, RU, Russia","woe_name":"Mordovia","latitude":54.1154,"longitude":44.4631,"sov_a3":"RUS","adm0_a3":"RUS","adm0_label":2,"admin":"Russia","geonunit":"Russia","gu_a3":"RUS","gn_id":525369,"gn_name":"Respublika Mordoviya","gns_id":-2959959,"gns_name":"Mordoviya, Respublika","gn_level":1,"gn_region":null,"gn_a1_code":"RU.46","region_sub":"Volga-Vyatka","sub_code":null,"gns_level":1,"gns_lang":"rus","gns_adm1":"RS46","gns_region":null,"min_label":5,"max_label":10.2,"min_zoom":4.7,"wikidataid":"Q5340","name_ar":"موردوفيا","name_bn":"মরডোভিয়া প্রজাতন্ত্র","name_de":"Mordwinien","name_en":"Republic of Mordovia","name_es":"Mordovia","name_fr":"Mordovie","name_el":"Δημοκρατία της Μορδοβίας","name_hi":"मॉर्डोविया गणराज्य","name_hu":"Mordvinföld","name_id":"Mordovia","name_it":"Mordovia","name_ja":"モルドヴィア共和国","name_ko":"모르도바 공화국","name_nl":"Mordovië","name_pl":"Mordowia","name_pt":"Mordóvia","name_ru":"Мордовия","name_sv":"Mordvinien","name_tr":"Mordovya","name_vi":"Mordovia","name_zh":"莫尔多瓦共和国","ne_id":1159313181,"name_he":"מורדוביה","name_uk":"Мордовія","name_ur":"موردوویا","name_fa":"موردوویا","name_zht":"莫尔多瓦共和国","FCLASS_ISO":null,"FCLASS_US":null,"FCLASS_FR":null,"FCLASS_RU":null,"FCLASS_ES":null,"FCLASS_CN":null,"FCLASS_TW":null,"FCLASS_IN":null,"FCLASS_NP":null,"FCLASS_PK":null,"FCLASS_DE":null,"FCLASS_GB":null,"FCLASS_BR":null,"FCLASS_IL":null,"FCLASS_PS":null,"FCLASS_SA":null,"FCLASS_EG":null,"FCLASS_MA":null,"FCLASS_PT":null,"FCLASS_AR":null,"FCLASS_JP":null,"FCLASS_KO":null,"FCLASS_VN":null,"FCLASS_TR":null,"FCLASS_ID":null,"FCLASS_PL":null,"FCLASS_GR":null,"FCLASS_IT":null,"FCLASS_NL":null,"FCLASS_SE":null,"FCLASS_BD":null,"FCLASS_UA":null,"FCLASS_TLC":null}},
{"type":"Feature","geometry":{"type":"Polygon","coordinates":[[[36.009616,53.618278],[36.237199,54.229093],[36.965424,54.39575],[37.259049,54.835826],[37.120039,54.990824],[36.904342,55.229136],[35.369655,55.238799],[34.817338,54.709374],[33.728722,54.561683],[33.501242,54.015799],[34.199184,53.891595],[35.103522,53.310777],[36.009616,53.618278]]]},"properties":{"featurecla":"Admin-1 states provinces","scalerank":2,"adm1_code":"RUS-2361","diss_me":2361,"iso_3166_2":"RU-KLU","wikipedia":null,"iso_a2":"RU","adm0_sr":1,"name":"Kaluga","name_alt":"Kaluzhskaya Oblast","name_local":"Калужская область","type":"Oblast","type_en":"Region","code_local":null,"code_hasc":"RU.KG","note":null,"hasc_maybe":null,"region":"Central","region_cod":null,"provnum_ne":20091,"gadm_level":1,"check_me":20,"datarank":2,"abbrev":null,"postal":"KG","area_sqkm":0,"sameascity":7,"labelrank":7,"name_len":6,"mapcolor9":7,"mapcolor13":7,"fips":"RS25","fips_alt":null,"woe_id":2346899,"woe_label":"Kaluzhskaya Oblast, RU, Russia","woe_name":"Kaluga","latitude":54.2421,"longitude":35.3416,"sov_a3":"RUS","adm0_a3":"RUS","adm0_label":2,"admin":"Russia","geonunit":"Russia","gu_a3":"RUS","gn_id":553899,"gn_name":"Kaluzhskaya Oblast'","gns_id":-2919307,"gns_name":"Kaluzhskaya Oblast'","gn_level":1,"gn_region":null,"gn_a1_code":"RU.25","region_sub":"Central","sub_code":null,"gns_level":1,"gns_lang":"rus","gns_adm1":"RS25","gns_region":null,"min_label":5,"max_label":10.2,"min_zoom":4.7,"wikidataid":"Q2842","name_ar":"كالوغا أوبلاست","name_bn":"কালুগা ওব্লাস্ট","name_de":"Kaluga","name_en":"Kaluga","name_es":"Kaluga","name_fr":"Kalouga","name_el":"Όμπλαστ της Καλούγκα","name_hi":"कलुगा ओब्लास्ट","name_hu":"Kalugai terület","name_id":"Kaluga","name_it":"Kaluga","name_ja":"カルーガ州","name_ko":"칼루가","name_nl":"Kaloega","name_pl":"kałuski","name_pt":"Kaluga","name_ru":"Калужская область","name_sv":"Kaluga","name_tr":"Kaluga Oblastı","name_vi":"Kaluga","name_zh":"卡卢加州","ne_id":1159313135,"name_he":"מחוז קלוגה","name_uk":"Калузька область","name_ur":"کالوگا اوبلاست","name_fa":"استان کالوگا","name_zht":"卡卢加州","FCLASS_ISO":null,"FCLASS_US":null,"FCLASS_FR":null,"FCLASS_RU":null,"FCLASS_ES":null,"FCLASS_CN":null,"FCLASS_TW":null,"FCLASS_IN":null,"FCLASS_NP":null,"FCLASS_PK":null,"FCLASS_DE":null,"FCLASS_GB":null,"FCLASS_BR":null,"FCLASS_IL":null,"FCLASS_PS":null,"FCLASS_SA":null,"FCLASS_EG":null,"FCLASS_MA":null,"FCLASS_PT":null,"FCLASS_AR":null,"FCLASS_JP":null,"FCLASS_KO":null,"FCLASS_VN":null,"FCLASS_TR":null,"FCLASS_ID":null,"FCLASS_PL":null,"FCLASS_GR":null,"FCLASS_IT":null,"FCLASS_NL":null,"FCLASS_SE":null,"FCLASS_BD":null,"FCLASS_UA":null,"FCLASS_TLC":null}},
{"type":"Feature","geometry":{"type":"Polygon","coordinates":[[[40.926009,58.579112],[40.445211,57.276349],[41.88595,57.685575],[42.853333,57.394326],[43.727388,57.465795],[44.303167,57.516955],[44.862616,58.075422],[46.341285,58.074647],[46.423658,58.34693],[47.570874,59.059858],[47.113538,59.611297],[46.406398,59.632536],[45.918262,59.184424],[44.207049,59.171737],[42.197042,59.303486],[40.926009,58.579112]]]},"properties":{"featurecla":"Admin-1 states provinces","scalerank":2,"adm1_code":"RUS-2356","diss_me":2356,"iso_3166_2":"RU-KOS","wikipedia":null,"iso_a2":"RU","adm0_sr":1,"name":"Kostroma","name_alt":"Kostromskaya","name_local":"Костромская область","type":"Oblast","type_en":"Region","code_local":null,"code_hasc":"RU.KT","note":null,"hasc_maybe":null,"region":"Central","region_cod":null,"provnum_ne":20090,"gadm_level":1,"check_me":20,"datarank":2,"abbrev":null,"postal":"KT","area_sqkm":0,"sameascity":6,"labelrank":6,"name_len":8,"mapcolor9":7,"mapcolor13":7,"fips":"RS37","fips_alt":null,"woe_id":2346903,"woe_label":"Kostromskaya Oblast, RU, Russia","woe_name":"Kostroma","latitude":58.3882,"longitude":43.4689,"sov_a3":"RUS","adm0_a3":"RUS","adm0_label":2,"admin":"Russia","geonunit":"Russia","gu_a3":"RUS","gn_id":543871,"gn_name":"Kostromskaya Oblast'","gns_id":-2934427,"gns_name":"Kostromskaya Oblast'","gn_level":1,"gn_region":null,"gn_a1_code":"RU.37","region_sub":"Central","sub_code":null,"gns_level":1,"gns_lang":"rus","gns_adm1":"RS37","gns_region":null,"min_label":5,"max_label":10.2,"min_zoom":4.7,"wikidataid":"Q2596","name_ar":"كوستروما أوبلاست","name_bn":"কস্ট্রোমা ওব্লাস্ট","name_de":"Kostroma","name_en":"Kostroma","name_es":"Kostromá","name_fr":"Kostroma","name_el":"Όμπλαστ της Κοστρομά","name_hi":"कोस्ट्रोमा ओब्लास्ट","name_hu":"Kosztromai terület","name_id":"Kostroma","name_it":"Kostroma","name_ja":"コストロマ州","name_ko":"코스트로마","name_nl":"Kostroma","name_pl":"kostromski","name_pt":"Kostroma","name_ru":"Костромская область","name_sv":"Kostroma","name_tr":"Kostroma Oblastı","name_vi":"Kostroma","name_zh":"科斯特罗马州","ne_id":1159313125,"name_he":"מחוז קוסטרומה","name_uk":"Костромська область","name_ur":"کوستروما اوبلاست","name_fa":"استان کوستروما","name_zht":"科斯特罗马州","FCLASS_ISO":null,"FCLASS_US":null,"FCLASS_FR":null,"FCLASS_RU":null,"FCLASS_ES":null,"FCLASS_CN":null,"FCLASS_TW":null,"FCLASS_IN":null,"FCLASS_NP":null,"FCLASS_PK":null,"FCLASS_DE":null,"FCLASS_GB":null,"FCLASS_BR":null,"FCLASS_IL":null,"FCLASS_PS":null,"FCLASS_SA":null,"FCLASS_EG":null,"FCLASS_MA":null,"FCLASS_PT":null,"FCLASS_AR":null,"FCLASS_JP":null,"FCLASS_KO":null,"FCLASS_VN":null,"FCLASS_TR":null,"FCLASS_ID":null,"FCLASS_PL":null,"FCLASS_GR":null,"FCLASS_IT":null,"FCLASS_NL":null,"FCLASS_SE":null,"FCLASS_BD":null,"FCLASS_UA":null,"FCLASS_TLC":null}},
{"type":"Feature","geometry":{"type":"Polygon","coordinates":[[[40.926009,58.579112],[40.160784,58.558597],[39.619525,58.894545],[38.047631,58.735743],[37.626262,58.490229],[37.390927,57.827995],[38.306427,57.276349],[38.256508,56.77023],[38.374123,56.696591],[39.41716,56.772091],[40.445211,57.276349],[40.926009,58.579112]]]},"properties":{"featurecla":"Admin-1 states provinces","scalerank":2,"adm1_code":"RUS-2360","diss_me":2360,"iso_3166_2":"RU-YAR","wikipedia":null,"iso_a2":"RU","adm0_sr":1,"name":"Yaroslavl'","name_alt":"Yaroslavskaya Oblast","name_local":"Ярославская область","type":"Oblast","type_en":"Region","code_local":null,"code_hasc":"RU.YS","note":null,"hasc_maybe":null,"region":"Central","region_cod":null,"provnum_ne":20089,"gadm_level":1,"check_me":20,"datarank":2,"abbrev":null,"postal":"YS","area_sqkm":0,"sameascity":6,"labelrank":6,"name_len":10,"mapcolor9":7,"mapcolor13":7,"fips":"RS88","fips_alt":null,"woe_id":2346936,"woe_label":"Yaroslavskaya Oblast, RU, Russia","woe_name":"Yaroslavl'","latitude":57.7329,"longitude":39.2547,"sov_a3":"RUS","adm0_a3":"RUS","adm0_label":2,"admin":"Russia","geonunit":"Russia","gu_a3":"RUS","gn_id":468898,"gn_name":"Yaroslavskaya Oblast'","gns_id":-3039271,"gns_name":"Yaroslavskaya Oblast'","gn_level":1,"gn_region":null,"gn_a1_code":"RU.88","region_sub":"Central","sub_code":null,"gns_level":1,"gns_lang":"fas","gns_adm1":"RS88","gns_region":null,"min_label":5,"max_label":10.2,"min_zoom":4.7,"wikidataid":"Q2448","name_ar":"ياروسلافل أوبلاست","name_bn":"ইয়রোস্লাভ্ল ওব্লাস্ট","name_de":"Jaroslawl","name_en":"Yaroslavl","name_es":"Yaroslavl","name_fr":"d'Iaroslavl","name_el":"Όμπλαστ του Γιαροσλάβλ","name_hi":"यरोस्लावी ओब्लास्ट","name_hu":"Jaroszlavli terület","name_id":"Yaroslavl","name_it":"Jaroslavl'","name_ja":"ヤロスラヴリ州","name_ko":"야로슬라블","name_nl":"Jaroslavl","name_pl":"jarosławski","name_pt":"Iaroslavl","name_ru":"Ярославская область","name_sv":"Jaroslavl","name_tr":"Yaroslavl Oblastı","name_vi":"Yaroslavl","name_zh":"雅罗斯拉夫尔州","ne_id":1159313133,"name_he":"ירוסלבל","name_uk":"Ярославська область","name_ur":"یاروسلاول اوبلاست","name_fa":"استان یاروسلاول","name_zht":"雅羅斯拉夫爾州","FCLASS_ISO":null,"FCLASS_US":null,"FCLASS_FR":null,"FCLASS_RU":null,"FCLASS_ES":null,"FCLASS_CN":null,"FCLASS_TW":null,"FCLASS_IN":null,"FCLASS_NP":null,"FCLASS_PK":null,"FCLASS_DE":null,"FCLASS_GB":null,"FCLASS_BR":null,"FCLASS_IL":null,"FCLASS_PS":null,"FCLASS_SA":null,"FCLASS_EG":null,"FCLASS_MA":null,"FCLASS_PT":null,"FCLASS_AR":null,"FCLASS_JP":null,"FCLASS_KO":null,"FCLASS_VN":null,"FCLASS_TR":null,"FCLASS_ID":null,"FCLASS_PL":null,"FCLASS_GR":null,"FCLASS_IT":null,"FCLASS_NL":null,"FCLASS_SE":null,"FCLASS_BD":null,"FCLASS_UA":null,"FCLASS_TLC":null}},
{"type":"Feature","geometry":{"type":"Polygon","coordinates":[[[39.41716,56.772091],[38.374123,56.696591],[38.605634,55.958859],[39.82313,55.83282],[40.206466,55.309337],[41.783217,55.119117],[42.694066,56.002784],[42.587923,56.420226],[41.933906,56.516809],[40.155927,56.434282],[39.41716,56.772091]]]},"properties":{"featurecla":"Admin-1 states provinces","scalerank":2,"adm1_code":"RUS-2376","diss_me":2376,"iso_3166_2":"RU-VLA","wikipedia":null,"iso_a2":"RU","adm0_sr":1,"name":"Vladimir","name_alt":"Vladimirskaya","name_local":"Владимирская область","type":"Oblast","type_en":"Region","code_local":null,"code_hasc":"RU.VL","note":null,"hasc_maybe":null,"region":"Central","region_cod":null,"provnum_ne":20088,"gadm_level":1,"check_me":20,"datarank":2,"abbrev":null,"postal":"VL","area_sqkm":0,"sameascity":7,"labelrank":7,"name_len":8,"mapcolor9":7,"mapcolor13":7,"fips":"RS83","fips_alt":null,"woe_id":2346932,"woe_label":"Vladimirskaya Oblast, RU, Russia","woe_name":"Vladimir","latitude":55.8966,"longitude":40.6207,"sov_a3":"RUS","adm0_a3":"RUS","adm0_label":2,"admin":"Russia","geonunit":"Russia","gu_a3":"RUS","gn_id":826294,"gn_name":"Vladimirskaya Oblast'","gns_id":222545,"gns_name":"Vladimirskaya Oblast'","gn_level":1,"gn_region":null,"gn_a1_code":"RU.83","region_sub":"Central","sub_code":null,"gns_level":1,"gns_lang":"khm","gns_adm1":"RS83","gns_region":null,"min_label":5,"max_label":10.2,"min_zoom":4.7,"wikidataid":"Q2702","name_ar":"فلاديمير أوبلاست","name_bn":"ভ্লাদিমির ওব্লাস্ট","name_de":"Wladimir","name_en":"Vladimir","name_es":"Vladímir","name_fr":"Vladimir","name_el":"Όμπλαστ του Βλαντίμιρ","name_hi":"व्लादिमीर ओब्लास्ट","name_hu":"Vlagyimiri terület","name_id":"Vladimir","name_it":"Vladimir","name_ja":"ヴラジーミル州","name_ko":"블라디미르","name_nl":"Vladimir","name_pl":"włodzimierski","name_pt":"Vladimir","name_ru":"Владимирская область","name_sv":"Vladimir","name_tr":"Vladimir Oblastı","name_vi":"Vladimir","name_zh":"弗拉基米尔州","ne_id":1159313189,"name_he":"ולדימיר","name_uk":"Владимирська область","name_ur":"ولادیمیر اوبلاست","name_fa":"استان ولادیمیر","name_zht":"弗拉基米尔州","FCLASS_ISO":null,"FCLASS_US":null,"FCLASS_FR":null,"FCLASS_RU":null,"FCLASS_ES":null,"FCLASS_CN":null,"FCLASS_TW":null,"FCLASS_IN":null,"FCLASS_NP":null,"FCLASS_PK":null,"FCLASS_DE":null,"FCLASS_GB":null,"FCLASS_BR":null,"FCLASS_IL":null,"FCLASS_PS":null,"FCLASS_SA":null,"FCLASS_EG":null,"FCLASS_MA":null,"FCLASS_PT":null,"FCLASS_AR":null,"FCLASS_JP":null,"FCLASS_KO":null,"FCLASS_VN":null,"FCLASS_TR":null,"FCLASS_ID":null,"FCLASS_PL":null,"FCLASS_GR":null,"FCLASS_IT":null,"FCLASS_NL":null,"FCLASS_SE":null,"FCLASS_BD":null,"FCLASS_UA":null,"FCLASS_TLC":null}},
{"type":"Feature","geometry":{"type":"Polygon","coordinates":[[[38.895435,53.565206],[40.160164,53.342171],[41.400088,53.783177],[42.13441,53.812168],[42.307733,53.847463],[42.699337,54.582353],[42.466793,54.871302],[41.783217,55.119117],[40.206466,55.309337],[38.820401,54.601939],[38.675087,54.244674],[38.895435,53.565206]]]},"properties":{"featurecla":"Admin-1 states provinces","scalerank":2,"adm1_code":"RUS-2374","diss_me":2374,"iso_3166_2":"RU-RYA","wikipedia":null,"iso_a2":"RU","adm0_sr":1,"name":"Ryazan'","name_alt":"Ryazanskaya Oblast|Ryazanskaya Oblast","name_local":"Рязанская область","type":"Oblast","type_en":"Region","code_local":null,"code_hasc":"RU.RZ","note":null,"hasc_maybe":null,"region":"Central","region_cod":null,"provnum_ne":20087,"gadm_level":1,"check_me":20,"datarank":2,"abbrev":null,"postal":"RZ","area_sqkm":0,"sameascity":6,"labelrank":6,"name_len":7,"mapcolor9":7,"mapcolor13":7,"fips":"RS62","fips_alt":null,"woe_id":2346922,"woe_label":"Ryazanskaya Oblast, RU, Russia","woe_name":"Ryazan'","latitude":54.3363,"longitude":40.6258,"sov_a3":"RUS","adm0_a3":"RUS","adm0_label":2,"admin":"Russia","geonunit":"Russia","gu_a3":"RUS","gn_id":500059,"gn_name":"Ryazanskaya Oblast'","gns_id":-2994575,"gns_name":"Ryazanskaya Oblast'","gn_level":1,"gn_region":null,"gn_a1_code":"RU.62","region_sub":"Central","sub_code":null,"gns_level":1,"gns_lang":"fas","gns_adm1":"RS62","gns_region":null,"min_label":5,"max_label":10.2,"min_zoom":4.7,"wikidataid":"Q2753","name_ar":"ريازان أوبلاست","name_bn":"রেয়াজান ওব্লাস্ট","name_de":"Rjasan","name_en":"Ryazan","name_es":"Riazán","name_fr":"Riazan","name_el":"Όμπλαστ του Ριαζάν","name_hi":"रियाज़ान ओब्लास्ट","name_hu":"Rjazanyi terület","name_id":"Ryazan","name_it":"Rjazan'","name_ja":"リャザン州","name_ko":"랴잔","name_nl":"Rjazan","name_pl":"riazański","name_pt":"Riazan","name_ru":"Рязанская область","name_sv":"Rjazan","name_tr":"Ryazan Oblastı","name_vi":"Ryazan","name_zh":"梁赞州","ne_id":1159313185,"name_he":"מחוז ריאזאן","name_uk":"Рязанська область","name_ur":"ریازان اوبلاست","name_fa":"استان ریازان","name_zht":"梁赞州","FCLASS_ISO":null,"FCLASS_US":null,"FCLASS_FR":null,"FCLASS_RU":null,"FCLASS_ES":null,"FCLASS_CN":null,"FCLASS_TW":null,"FCLASS_IN":null,"FCLASS_NP":null,"FCLASS_PK":null,"FCLASS_DE":null,"FCLASS_GB":null,"FCLASS_BR":null,"FCLASS_IL":null,"FCLASS_PS":null,"FCLASS_SA":null,"FCLASS_EG":null,"FCLASS_MA":null,"FCLASS_PT":null,"FCLASS_AR":null,"FCLASS_JP":null,"FCLASS_KO":null,"FCLASS_VN":null,"FCLASS_TR":null,"FCLASS_ID":null,"FCLASS_PL":null,"FCLASS_GR":null,"FCLASS_IT":null,"FCLASS_NL":null,"FCLASS_SE":null,"FCLASS_BD":null,"FCLASS_UA":null,"FCLASS_TLC":null}},
{"type":"Feature","geometry":{"type":"Polygon","coordinates":[[[43.727388,57.465795],[42.853333,57.394326],[41.88595,57.685575],[40.445211,57.276349],[39.41716,56.772091],[40.155927,56.434282],[41.933906,56.516809],[42.587923,56.420226],[43.338988,56.860664],[43.727388,57.465795]]]},"properties":{"featurecla":"Admin-1 states provinces","scalerank":2,"adm1_code":"RUS-2355","diss_me":2355,"iso_3166_2":"RU-IVA","wikipedia":null,"iso_a2":"RU","adm0_sr":1,"name":"Ivanovo","name_alt":"Ivanovskaya Oblast","name_local":"Ивановская область","type":"Oblast","type_en":"Region","code_local":null,"code_hasc":"RU.IV","note":null,"hasc_maybe":null,"region":"Central","region_cod":null,"provnum_ne":20082,"gadm_level":1,"check_me":20,"datarank":2,"abbrev":null,"postal":"IV","area_sqkm":0,"sameascity":7,"labelrank":7,"name_len":7,"mapcolor9":7,"mapcolor13":7,"fips":"RS21","fips_alt":null,"woe_id":2346897,"woe_label":"Ivanovskaya Oblast, RU, Russia","woe_name":"Ivanovo","latitude":57.1213,"longitude":41.6244,"sov_a3":"RUS","adm0_a3":"RUS","adm0_label":2,"admin":"Russia","geonunit":"Russia","gu_a3":"RUS","gn_id":555235,"gn_name":"Ivanovskaya Oblast'","gns_id":-2917425,"gns_name":"Ivanovskaya Oblast'","gn_level":1,"gn_region":null,"gn_a1_code":"RU.21","region_sub":"Central","sub_code":null,"gns_level":1,"gns_lang":"rus","gns_adm1":"RS21","gns_region":null,"min_label":5,"max_label":10.2,"min_zoom":4.7,"wikidataid":"Q2654","name_ar":"أوبلاست إيفانوفو","name_bn":"ইভানোভো ওব্লাস্ট","name_de":"Iwanowo","name_en":"Ivanovo","name_es":"Ivánovo","name_fr":"d'Ivanovo","name_el":"Όμπλαστ του Ιβάνοβο","name_hi":"इवानोवो ओब्लास्ट","name_hu":"Ivanovói terület","name_id":"Ivanovo","name_it":"Ivanovo","name_ja":"イヴァノヴォ州","name_ko":"이바노보","name_nl":"Ivanovo","name_pl":"iwanowski","name_pt":"Ivanovo","name_ru":"Ивановская область","name_sv":"Ivanovo","name_tr":"İvanovo Oblastı","name_vi":"Ivanovo","name_zh":"伊万诺沃州","ne_id":1159313123,"name_he":"מחוז איבנובו","name_uk":"Івановська область","name_ur":"ایوانوو اوبلاست","name_fa":"استان ایوانوف","name_zht":"伊萬諾沃州","FCLASS_ISO":null,"FCLASS_US":null,"FCLASS_FR":null,"FCLASS_RU":null,"FCLASS_ES":null,"FCLASS_CN":null,"FCLASS_TW":null,"FCLASS_IN":null,"FCLASS_NP":null,"FCLASS_PK":null,"FCLASS_DE":null,"FCLASS_GB":null,"FCLASS_BR":null,"FCLASS_IL":null,"FCLASS_PS":null,"FCLASS_SA":null,"FCLASS_EG":null,"FCLASS_MA":null,"FCLASS_PT":null,"FCLASS_AR":null,"FCLASS_JP":null,"FCLASS_KO":null,"FCLASS_VN":null,"FCLASS_TR":null,"FCLASS_ID":null,"FCLASS_PL":null,"FCLASS_GR":null,"FCLASS_IT":null,"FCLASS_NL":null,"FCLASS_SE":null,"FCLASS_BD":null,"FCLASS_UA":null,"FCLASS_TLC":null}},
{"type":"Feature","geometry":{"type":"Polygon","coordinates":[[[42.466793,54.871302],[43.36896,54.94967],[44.917186,54.476236],[45.439118,55.03323],[46.055721,55.042119],[46.384074,55.463075],[46.213955,56.049809],[45.95857,56.872084],[46.714906,56.966342],[46.750149,57.517265],[47.471036,57.52853],[47.703063,57.958375],[46.341285,58.074647],[44.862616,58.075422],[44.303167,57.516955],[43.727388,57.465795],[43.338988,56.860664],[42.587923,56.420226],[42.694066,56.002784],[41.783217,55.119117],[42.466793,54.871302]]]},"properties":{"featurecla":"Admin-1 states provinces","scalerank":2,"adm1_code":"RUS-2357","diss_me":2357,"iso_3166_2":"RU-NIZ","wikipedia":null,"iso_a2":"RU","adm0_sr":1,"name":"Nizhegorod","name_alt":"Gor'kiy|Gor'kovskaya|Gorky|Nizhegorodskaya|Nizhniy-Novgorod","name_local":"Нижегородская область","type":"Oblast","type_en":"Region","code_local":null,"code_hasc":"RU.NZ","note":null,"hasc_maybe":null,"region":"Volga","region_cod":null,"provnum_ne":20081,"gadm_level":1,"check_me":20,"datarank":2,"abbrev":null,"postal":"NZ","area_sqkm":0,"sameascity":-99,"labelrank":2,"name_len":10,"mapcolor9":7,"mapcolor13":7,"fips":"RS51","fips_alt":null,"woe_id":2346895,"woe_label":"Nizhegorodskaya Oblast, RU, Russia","woe_name":"Nizhegorod","latitude":56.1384,"longitude":44.7751,"sov_a3":"RUS","adm0_a3":"RUS","adm0_label":2,"admin":"Russia","geonunit":"Russia","gu_a3":"RUS","gn_id":559838,"gn_name":"Nizhegorodskaya Oblast'","gns_id":-2910855,"gns_name":"Nizhegorodskaya Oblast'","gn_level":1,"gn_region":null,"gn_a1_code":"RU.51","region_sub":"Volga-Vyatka","sub_code":null,"gns_level":1,"gns_lang":"rus","gns_adm1":"RS51","gns_region":null,"min_label":5,"max_label":10.2,"min_zoom":4.7,"wikidataid":"Q2246","name_ar":"نيجني نوفغورود أوبلاست","name_bn":"নিঝনি ওব্লাস্ট","name_de":"Nischni Nowgorod","name_en":"Nizhny Novgorod","name_es":"Nizhni Nóvgorod","name_fr":"Nijni Novgorod","name_el":"Όμπλαστ του Νίζνι Νόβγκοροντ","name_hi":"निज़्नी नॉवग्रोद ओब्लास्ट","name_hu":"Nyizsnyij Novgorod-i terület","name_id":"Nizhny Novgorod","name_it":"Nižnij Novgorod","name_ja":"ニジニ・ノヴゴロド州","name_ko":"니즈니노브고로드","name_nl":"Nizjni Novgorod","name_pl":"niżnonowogrodzki","name_pt":"Níjni Novgorod","name_ru":"Нижегородская область","name_sv":"Nizjnij Novgorod","name_tr":"Nijniy Novgorod Oblastı","name_vi":"Nizhny Novgorod","name_zh":"下诺夫哥罗德州","ne_id":1159313127,"name_he":"מחוז ניז'ני נובגורוד","name_uk":"Нижньогородська область","name_ur":"نزہنی نووگورود اوبلاست","name_fa":"استان نیژنی نووگورود","name_zht":"下诺夫哥罗德州","FCLASS_ISO":null,"FCLASS_US":null,"FCLASS_FR":null,"FCLASS_RU":null,"FCLASS_ES":null,"FCLASS_CN":null,"FCLASS_TW":null,"FCLASS_IN":null,"FCLASS_NP":null,"FCLASS_PK":null,"FCLASS_DE":null,"FCLASS_GB":null,"FCLASS_BR":null,"FCLASS_IL":null,"FCLASS_PS":null,"FCLASS_SA":null,"FCLASS_EG":null,"FCLASS_MA":null,"FCLASS_PT":null,"FCLASS_AR":null,"FCLASS_JP":null,"FCLASS_KO":null,"FCLASS_VN":null,"FCLASS_TR":null,"FCLASS_ID":null,"FCLASS_PL":null,"FCLASS_GR":null,"FCLASS_IT":null,"FCLASS_NL":null,"FCLASS_SE":null,"FCLASS_BD":null,"FCLASS_UA":null,"FCLASS_TLC":null}},
{"type":"Feature","geometry":{"type":"Polygon","coordinates":[[[38.895435,53.565206],[38.675087,54.244674],[38.46218,54.640334],[37.259049,54.835826],[36.965424,54.39575],[36.237199,54.229093],[36.009616,53.618278],[37.841029,53.008548],[38.632712,53.123218],[38.895435,53.565206]]]},"properties":{"featurecla":"Admin-1 states provinces","scalerank":2,"adm1_code":"RUS-2368","diss_me":2368,"iso_3166_2":"RU-TUL","wikipedia":null,"iso_a2":"RU","adm0_sr":1,"name":"Tula","name_alt":"Tul'skaya|Tulskaya Oblast","name_local":"Тульская область","type":"Oblast","type_en":"Region","code_local":null,"code_hasc":"RU.TL","note":null,"hasc_maybe":null,"region":"Central","region_cod":null,"provnum_ne":20079,"gadm_level":1,"check_me":20,"datarank":2,"abbrev":null,"postal":"TL","area_sqkm":0,"sameascity":7,"labelrank":7,"name_len":4,"mapcolor9":7,"mapcolor13":7,"fips":"RS76","fips_alt":null,"woe_id":2346929,"woe_label":"Tulrskaya Oblast, RU, Russia","woe_name":"Tula","latitude":54.0668,"longitude":37.4161,"sov_a3":"RUS","adm0_a3":"RUS","adm0_label":2,"admin":"Russia","geonunit":"Russia","gu_a3":"RUS","gn_id":480508,"gn_name":"Tul'skaya Oblast'","gns_id":-3022183,"gns_name":"Tul'skaya Oblast'","gn_level":1,"gn_region":null,"gn_a1_code":"RU.76","region_sub":"Central","sub_code":null,"gns_level":1,"gns_lang":"fas","gns_adm1":"RS76","gns_region":null,"min_label":5,"max_label":10.2,"min_zoom":4.7,"wikidataid":"Q2792","name_ar":"تولا أوبلاست","name_bn":"তুলা ওব্লাস্ট","name_de":"Tula","name_en":"Tula","name_es":"Tula","name_fr":"Toula","name_el":"Όμπλαστ της Τούλα","name_hi":"टूला ओब्लास्ट","name_hu":"Tulai terület","name_id":"Tula","name_it":"Tula","name_ja":"トゥーラ州","name_ko":"툴라","name_nl":"Toela","name_pl":"tulski","name_pt":"Tula","name_ru":"Тульская область","name_sv":"Tula","name_tr":"Tula Oblastı","name_vi":"Tula","name_zh":"图拉州","ne_id":1159313171,"name_he":"טולה","name_uk":"Тульська область","name_ur":"تولا اوبلاست","name_fa":"استان تولا","name_zht":"图拉州","FCLASS_ISO":null,"FCLASS_US":null,"FCLASS_FR":null,"FCLASS_RU":null,"FCLASS_ES":null,"FCLASS_CN":null,"FCLASS_TW":null,"FCLASS_IN":null,"FCLASS_NP":null,"FCLASS_PK":null,"FCLASS_DE":null,"FCLASS_GB":null,"FCLASS_BR":null,"FCLASS_IL":null,"FCLASS_PS":null,"FCLASS_SA":null,"FCLASS_EG":null,"FCLASS_MA":null,"FCLASS_PT":null,"FCLASS_AR":null,"FCLASS_JP":null,"FCLASS_KO":null,"FCLASS_VN":null,"FCLASS_TR":null,"FCLASS_ID":null,"FCLASS_PL":null,"FCLASS_GR":null,"FCLASS_IT":null,"FCLASS_NL":null,"FCLASS_SE":null,"FCLASS_BD":null,"FCLASS_UA":null,"FCLASS_TLC":null}},
{"type":"Feature","geometry":{"type":"Polygon","coordinates":[[[48.412373,55.829357],[47.05566,56.287727],[46.213955,56.049809],[46.384074,55.463075],[46.055721,55.042119],[46.441331,54.772161],[47.241902,54.677722],[47.996275,54.968247],[48.025007,55.630455],[48.412373,55.829357]]]},"properties":{"featurecla":"Admin-1 states provinces","scalerank":2,"adm1_code":"RUS-2389","diss_me":2389,"iso_3166_2":"RU-CU","wikipedia":null,"iso_a2":"RU","adm0_sr":1,"name":"Chuvash","name_alt":"Chuvashskaya A.S.S.R.|Chuvashskaya Respublika|Chuvashiya|Chuvash Republic","name_local":"Чувашская Республика","type":"Respublika","type_en":"Republic","code_local":null,"code_hasc":"RU.CV","note":null,"hasc_maybe":null,"region":"Volga","region_cod":null,"provnum_ne":20078,"gadm_level":1,"check_me":20,"datarank":2,"abbrev":null,"postal":"CV","area_sqkm":0,"sameascity":-99,"labelrank":2,"name_len":7,"mapcolor9":7,"mapcolor13":7,"fips":"RS16","fips_alt":null,"woe_id":2346869,"woe_label":"Chuvashiya, RU, Russia","woe_name":"Chuvash","latitude":55.4883,"longitude":47.1662,"sov_a3":"RUS","adm0_a3":"RUS","adm0_label":2,"admin":"Russia","geonunit":"Russia","gu_a3":"RUS","gn_id":567395,"gn_name":"Chuvashskaya Respublika","gns_id":-2900046,"gns_name":"Chuvashskaya Respublika","gn_level":1,"gn_region":null,"gn_a1_code":"RU.16","region_sub":"Volga-Vyatka","sub_code":null,"gns_level":1,"gns_lang":"rus","gns_adm1":"RS16","gns_region":null,"min_label":5,"max_label":10.2,"min_zoom":4.7,"wikidataid":"Q5466","name_ar":"تشوفاشيا","name_bn":"চুভাশিয়া","name_de":"Tschuwaschien","name_en":"Chuvash Republic","name_es":"Chuvasia","name_fr":"Tchouvachie","name_el":"Τσουβασία","name_hi":"चुवैश गणतंत्र","name_hu":"Csuvasföld","name_id":"Chuvashia","name_it":"Ciuvascia","name_ja":"チュヴァシ共和国","name_ko":"추바시 공화국","name_nl":"Tsjoevasjië","name_pl":"Czuwaszja","name_pt":"Chuváchia","name_ru":"Чувашия","name_sv":"Tjuvasjien","name_tr":"Çuvaşistan","name_vi":"Chuvashia","name_zh":"楚瓦什共和国","ne_id":1159313205,"name_he":"צ'ובשיה","name_uk":"Чуваська Республіка","name_ur":"چوواشیا","name_fa":"چواشستان","name_zht":"楚瓦什共和国","FCLASS_ISO":null,"FCLASS_US":null,"FCLASS_FR":null,"FCLASS_RU":null,"FCLASS_ES":null,"FCLASS_CN":null,"FCLASS_TW":null,"FCLASS_IN":null,"FCLASS_NP":null,"FCLASS_PK":null,"FCLASS_DE":null,"FCLASS_GB":null,"FCLASS_BR":null,"FCLASS_IL":null,"FCLASS_PS":null,"FCLASS_SA":null,"FCLASS_EG":null,"FCLASS_MA":null,"FCLASS_PT":null,"FCLASS_AR":null,"FCLASS_JP":null,"FCLASS_KO":null,"FCLASS_VN":null,"FCLASS_TR":null,"FCLASS_ID":null,"FCLASS_PL":null,"FCLASS_GR":null,"FCLASS_IT":null,"FCLASS_NL":null,"FCLASS_SE":null,"FCLASS_BD":null,"FCLASS_UA":null,"FCLASS_TLC":null}},
{"type":"Feature","geometry":{"type":"Polygon","coordinates":[[[37.77292,61.522137],[36.996429,61.594432],[35.603853,61.188307],[35.157059,60.067032],[35.495849,59.553523],[34.729901,59.103214],[36.173327,58.524955],[36.864241,58.842765],[37.626262,58.490229],[38.047631,58.735743],[39.619525,58.894545],[40.160784,58.558597],[40.926009,58.579112],[42.197042,59.303486],[44.207049,59.171737],[45.918262,59.184424],[46.406398,59.632536],[47.113538,59.611297],[46.749529,60.261128],[47.042948,60.853805],[45.332355,61.18934],[45.229105,60.90388],[43.775964,61.020772],[43.510864,60.767454],[41.800891,60.89897],[41.339937,60.675987],[38.632712,60.723219],[37.77292,61.522137]]]},"properties":{"featurecla":"Admin-1 states provinces","scalerank":2,"adm1_code":"RUS-2359","diss_me":2359,"iso_3166_2":"RU-VLG","wikipedia":null,"iso_a2":"RU","adm0_sr":1,"name":"Vologda","name_alt":"Vologodskaya Oblast","name_local":"Вологодская область","type":"Oblast","type_en":"Region","code_local":null,"code_hasc":"RU.VO","note":null,"hasc_maybe":null,"region":"Northwestern","region_cod":null,"provnum_ne":20077,"gadm_level":1,"check_me":20,"datarank":2,"abbrev":null,"postal":"VO","area_sqkm":0,"sameascity":6,"labelrank":6,"name_len":7,"mapcolor9":7,"mapcolor13":7,"fips":"RS85","fips_alt":null,"woe_id":2346934,"woe_label":"Vologodskaya Oblast, RU, Russia","woe_name":"Vologda","latitude":59.6397,"longitude":40.9333,"sov_a3":"RUS","adm0_a3":"RUS","adm0_label":2,"admin":"Russia","geonunit":"Russia","gu_a3":"RUS","gn_id":472454,"gn_name":"Vologodskaya Oblast'","gns_id":-3034708,"gns_name":"Vologodskaya Oblast'","gn_level":1,"gn_region":null,"gn_a1_code":"RU.85","region_sub":"Northern","sub_code":null,"gns_level":1,"gns_lang":"fas","gns_adm1":"RS85","gns_region":null,"min_label":5,"max_label":10.2,"min_zoom":4.7,"wikidataid":"Q2015","name_ar":"فولوغدا أوبلاست","name_bn":"ভোলোগদা ওব্লাস্ট","name_de":"Wologda","name_en":"Vologda","name_es":"Vólogda","name_fr":"Vologda","name_el":"Όμπλαστ της Βόλογκντα","name_hi":"वोलोडा ओब्लास्ट","name_hu":"Vologdai terület","name_id":"Vologda","name_it":"Vologda","name_ja":"ヴォログダ州","name_ko":"볼로그다","name_nl":"Vologda","name_pl":"wołogodzki","name_pt":"Vologda","name_ru":"Вологодская область","name_sv":"Vologda","name_tr":"Vologda Oblastı","name_vi":"Vologda","name_zh":"沃洛格达州","ne_id":1159313131,"name_he":"מחוז וולוגדה","name_uk":"Вологодська область","name_ur":"ولوگدا اوبلاست","name_fa":"استان ولوگدا","name_zht":"沃洛格達州","FCLASS_ISO":null,"FCLASS_US":null,"FCLASS_FR":null,"FCLASS_RU":null,"FCLASS_ES":null,"FCLASS_CN":null,"FCLASS_TW":null,"FCLASS_IN":null,"FCLASS_NP":null,"FCLASS_PK":null,"FCLASS_DE":null,"FCLASS_GB":null,"FCLASS_BR":null,"FCLASS_IL":null,"FCLASS_PS":null,"FCLASS_SA":null,"FCLASS_EG":null,"FCLASS_MA":null,"FCLASS_PT":null,"FCLASS_AR":null,"FCLASS_JP":null,"FCLASS_KO":null,"FCLASS_VN":null,"FCLASS_TR":null,"FCLASS_ID":null,"FCLASS_PL":null,"FCLASS_GR":null,"FCLASS_IT":null,"FCLASS_NL":null,"FCLASS_SE":null,"FCLASS_BD":null,"FCLASS_UA":null,"FCLASS_TLC":null}},
{"type":"Feature","geometry":{"type":"Polygon","coordinates":[[[34.729901,59.103214],[32.954816,59.4218],[31.563066,59.368418],[29.975049,58.44465],[30.529951,57.886596],[31.000103,56.965205],[31.545599,56.939781],[33.216195,57.453909],[33.7188,58.158001],[34.488469,58.146399],[36.173327,58.524955],[34.729901,59.103214]]]},"properties":{"featurecla":"Admin-1 states provinces","scalerank":2,"adm1_code":"RUS-2334","diss_me":2334,"iso_3166_2":"RU-NGR","wikipedia":null,"iso_a2":"RU","adm0_sr":1,"name":"Novgorod","name_alt":"Novgorodskaya Oblast","name_local":"Новгородская область","type":"Oblast","type_en":"Region","code_local":null,"code_hasc":"RU.NG","note":null,"hasc_maybe":null,"region":"Northwestern","region_cod":null,"provnum_ne":20075,"gadm_level":1,"check_me":20,"datarank":2,"abbrev":null,"postal":"NG","area_sqkm":0,"sameascity":6,"labelrank":6,"name_len":8,"mapcolor9":7,"mapcolor13":7,"fips":"RS52","fips_alt":null,"woe_id":2346913,"woe_label":"Novgorodskaya Oblast, RU, Russia","woe_name":"Novgorod","latitude":58.4228,"longitude":32.9454,"sov_a3":"RUS","adm0_a3":"RUS","adm0_label":2,"admin":"Russia","geonunit":"Russia","gu_a3":"RUS","gn_id":519324,"gn_name":"Novgorodskaya Oblast'","gns_id":-2968545,"gns_name":"Novgorodskaya Oblast'","gn_level":1,"gn_region":null,"gn_a1_code":"RU.52","region_sub":"Northwestern","sub_code":null,"gns_level":1,"gns_lang":"fas","gns_adm1":"RS52","gns_region":null,"min_label":5,"max_label":10.2,"min_zoom":4.7,"wikidataid":"Q2240","name_ar":"أوبلاست نوفغورود","name_bn":"নোভগরদ ওব্লাস্ট","name_de":"Nowgorod","name_en":"Novgorod","name_es":"Nóvgorod","name_fr":"Novgorod","name_el":"Όμπλαστ του Νόβγκοροντ","name_hi":"नोवगोरोड ओब्लास्ट","name_hu":"Novgorodi terület","name_id":"Novgorod","name_it":"Novgorod","name_ja":"ノヴゴロド州","name_ko":"노브고로드","name_nl":"Novgorod","name_pl":"nowogrodzki","name_pt":"Novgorod","name_ru":"Новгородская область","name_sv":"Novgorod","name_tr":"Novgorod Oblastı","name_vi":"Novgorod","name_zh":"诺夫哥罗德州","ne_id":1159313149,"name_he":"מחוז נובגורוד","name_uk":"Новгородська область","name_ur":"نووگورود اوبلاست","name_fa":"استان نووگورود","name_zht":"諾夫哥羅德州","FCLASS_ISO":null,"FCLASS_US":null,"FCLASS_FR":null,"FCLASS_RU":null,"FCLASS_ES":null,"FCLASS_CN":null,"FCLASS_TW":null,"FCLASS_IN":null,"FCLASS_NP":null,"FCLASS_PK":null,"FCLASS_DE":null,"FCLASS_GB":null,"FCLASS_BR":null,"FCLASS_IL":null,"FCLASS_PS":null,"FCLASS_SA":null,"FCLASS_EG":null,"FCLASS_MA":null,"FCLASS_PT":null,"FCLASS_AR":null,"FCLASS_JP":null,"FCLASS_KO":null,"FCLASS_VN":null,"FCLASS_TR":null,"FCLASS_ID":null,"FCLASS_PL":null,"FCLASS_GR":null,"FCLASS_IT":null,"FCLASS_NL":null,"FCLASS_SE":null,"FCLASS_BD":null,"FCLASS_UA":null,"FCLASS_TLC":null}},
{"type":"Feature","geometry":{"type":"Polygon","coordinates":[[[37.626262,58.490229],[36.864241,58.842765],[36.173327,58.524955],[34.488469,58.146399],[33.7188,58.158001],[33.216195,57.453909],[31.545599,56.939781],[31.000103,56.965205],[31.491546,56.301292],[31.467361,55.729002],[33.187876,55.652521],[33.916617,56.073115],[35.174112,55.948265],[35.645091,56.474124],[36.832925,56.583239],[37.656441,56.943501],[38.256508,56.77023],[38.306427,57.276349],[37.390927,57.827995],[37.626262,58.490229]]]},"properties":{"featurecla":"Admin-1 states provinces","scalerank":2,"adm1_code":"RUS-2358","diss_me":2358,"iso_3166_2":"RU-TVE","wikipedia":null,"iso_a2":"RU","adm0_sr":1,"name":"Tver'","name_alt":"Kalinin|Kalininskaya|Tverskaya Oblast","name_local":"Тверская область","type":"Oblast","type_en":"Region","code_local":null,"code_hasc":"RU.TV","note":null,"hasc_maybe":null,"region":"Central","region_cod":null,"provnum_ne":20074,"gadm_level":1,"check_me":20,"datarank":2,"abbrev":null,"postal":"TV","area_sqkm":0,"sameascity":6,"labelrank":6,"name_len":5,"mapcolor9":7,"mapcolor13":7,"fips":"RS77","fips_alt":null,"woe_id":2346898,"woe_label":"Tverskaya Oblast, RU, Russia","woe_name":"Tver'","latitude":57.0297,"longitude":34.5445,"sov_a3":"RUS","adm0_a3":"RUS","adm0_label":2,"admin":"Russia","geonunit":"Russia","gu_a3":"RUS","gn_id":480041,"gn_name":"Tverskaya Oblast'","gns_id":-3023050,"gns_name":"Tverskaya Oblast'","gn_level":1,"gn_region":null,"gn_a1_code":"RU.77","region_sub":"Central","sub_code":null,"gns_level":1,"gns_lang":"fas","gns_adm1":"RS77","gns_region":null,"min_label":5,"max_label":10.2,"min_zoom":4.7,"wikidataid":"Q2292","name_ar":"تفير أوبلاست","name_bn":"টেভার ওব্লাস্ট","name_de":"Twer","name_en":"Tver","name_es":"Tver","name_fr":"Tver","name_el":"Όμπλαστ του Τβερ","name_hi":"त्वेर ओब्लास्ट","name_hu":"Tveri terület","name_id":"Tver","name_it":"Tver'","name_ja":"トヴェリ州","name_ko":"트베리","name_nl":"Tver","name_pl":"twerski","name_pt":"Tver","name_ru":"Тверская область","name_sv":"Tver","name_tr":"Tver Oblastı","name_vi":"Tver","name_zh":"特维尔州","ne_id":1159313129,"name_he":"מחוז טבר","name_uk":"Тверська область","name_ur":"توور اوبلاست","name_fa":"استان تور","name_zht":"特维尔州","FCLASS_ISO":null,"FCLASS_US":null,"FCLASS_FR":null,"FCLASS_RU":null,"FCLASS_ES":null,"FCLASS_CN":null,"FCLASS_TW":null,"FCLASS_IN":null,"FCLASS_NP":null,"FCLASS_PK":null,"FCLASS_DE":null,"FCLASS_GB":null,"FCLASS_BR":null,"FCLASS_IL":null,"FCLASS_PS":null,"FCLASS_SA":null,"FCLASS_EG":null,"FCLASS_MA":null,"FCLASS_PT":null,"FCLASS_AR":null,"FCLASS_JP":null,"FCLASS_KO":null,"FCLASS_VN":null,"FCLASS_TR":null,"FCLASS_ID":null,"FCLASS_PL":null,"FCLASS_GR":null,"FCLASS_IT":null,"FCLASS_NL":null,"FCLASS_SE":null,"FCLASS_BD":null,"FCLASS_UA":null,"FCLASS_TLC":null}},
{"type":"Feature","geometry":{"type":"Polygon","coordinates":[[[35.369655,55.238799],[36.904342,55.229136],[37.120039,54.990824],[37.259049,54.835826],[38.46218,54.640334],[38.675087,54.244674],[38.820401,54.601939],[40.206466,55.309337],[39.82313,55.83282],[38.605634,55.958859],[38.374123,56.696591],[38.256508,56.77023],[37.656441,56.943501],[36.832925,56.583239],[35.645091,56.474124],[35.174112,55.948265],[35.369655,55.238799]]]},"properties":{"featurecla":"Admin-1 states provinces","scalerank":2,"adm1_code":"RUS-2364","diss_me":2364,"iso_3166_2":"RU-MOW","wikipedia":null,"iso_a2":"RU","adm0_sr":1,"name":"Moskovskaya","name_alt":"Moskovskaya Oblast","name_local":"Московская область","type":"Oblast","type_en":"Region","code_local":null,"code_hasc":"RU.MS","note":null,"hasc_maybe":null,"region":"Central","region_cod":null,"provnum_ne":20009,"gadm_level":1,"check_me":20,"datarank":2,"abbrev":null,"postal":"MS","area_sqkm":0,"sameascity":-99,"labelrank":2,"name_len":12,"mapcolor9":7,"mapcolor13":7,"fips":null,"fips_alt":null,"woe_id":2346911,"woe_label":"Moskovskaya Oblast, RU, Russia","woe_name":"Moskovsskaya","latitude":55.1508,"longitude":38.671,"sov_a3":"RUS","adm0_a3":"RUS","adm0_label":2,"admin":"Russia","geonunit":"Russia","gu_a3":"RUS","gn_id":524925,"gn_name":"Moskovskaya Oblast'","gns_id":-2960527,"gns_name":"Moskovskaya Oblast'","gn_level":1,"gn_region":null,"gn_a1_code":"RU.47","region_sub":"Central","sub_code":null,"gns_level":1,"gns_lang":"rus","gns_adm1":"RS47","gns_region":null,"min_label":5,"max_label":9,"min_zoom":4.7,"wikidataid":"Q1697","name_ar":"محافظة موسكو","name_bn":"মস্কো ওব্লাস্ট","name_de":"Moskau","name_en":"Moscow","name_es":"Moscú","name_fr":"Moscou","name_el":"Όμπλαστ της Μόσχας","name_hi":"मास्को ओब्लास्ट","name_hu":"Moszkvai terület","name_id":"Moskwa","name_it":"Mosca","name_ja":"モスクワ州","name_ko":"모스크바","name_nl":"Moskou","name_pl":"moskiewski","name_pt":"Moscovo","name_ru":"Московская область","name_sv":"Moskva","name_tr":"Moskova Oblastı","name_vi":"Moskva","name_zh":"莫斯科州","ne_id":1159313163,"name_he":"מחוז מוסקבה","name_uk":"Московська область","name_ur":"ماسکو اوبلاست","name_fa":"استان مسکو","name_zht":"莫斯科州","FCLASS_ISO":null,"FCLASS_US":null,"FCLASS_FR":null,"FCLASS_RU":null,"FCLASS_ES":null,"FCLASS_CN":null,"FCLASS_TW":null,"FCLASS_IN":null,"FCLASS_NP":null,"FCLASS_PK":null,"FCLASS_DE":null,"FCLASS_GB":null,"FCLASS_BR":null,"FCLASS_IL":null,"FCLASS_PS":null,"FCLASS_SA":null,"FCLASS_EG":null,"FCLASS_MA":null,"FCLASS_PT":null,"FCLASS_AR":null,"FCLASS_JP":null,"FCLASS_KO":null,"FCLASS_VN":null,"FCLASS_TR":null,"FCLASS_ID":null,"FCLASS_PL":null,"FCLASS_GR":null,"FCLASS_IT":null,"FCLASS_NL":null,"FCLASS_SE":null,"FCLASS_BD":null,"FCLASS_UA":null,"FCLASS_TLC":null}},
{"type":"Feature","geometry":null,"properties":{"featurecla":"Admin-1 states provinces","scalerank":2,"adm1_code":"RUS-2365","diss_me":2365,"iso_3166_2":"RU-MOS","wikipedia":null,"iso_a2":"RU","adm0_sr":1,"name":"Moskva","name_alt":"Mosca|Moscou|Moscow|Mosc£|Moskau|Moskova|Moskovskaya","name_local":"Московская область","type":"Gorod Federalnogo Znacheniya","type_en":"Federal City","code_local":null,"code_hasc":"RU.MS","note":null,"hasc_maybe":null,"region":"Central","region_cod":null,"provnum_ne":20010,"gadm_level":1,"check_me":20,"datarank":2,"abbrev":null,"postal":"MS","area_sqkm":0,"sameascity":9,"labelrank":9,"name_len":6,"mapcolor9":7,"mapcolor13":7,"fips":"RS47","fips_alt":"RS48","woe_id":2346910,"woe_label":"Moskva, RU, Russia","woe_name":"Moskva","latitude":55.7177,"longitude":37.6188,"sov_a3":"RUS","adm0_a3":"RUS","adm0_label":2,"admin":"Russia","geonunit":"Russia","gu_a3":"RUS","gn_id":524894,"gn_name":"Moskva","gns_id":-2960570,"gns_name":"Moskva, Gorod","gn_level":1,"gn_region":null,"gn_a1_code":"RU.48","region_sub":"Central","sub_code":null,"gns_level":1,"gns_lang":"rus","gns_adm1":"RS48","gns_region":null,"min_label":5,"max_label":9,"min_zoom":4.7,"wikidataid":"Q649","name_ar":"موسكو","name_bn":"মস্কো","name_de":"Moskau","name_en":"Moscow","name_es":"Moscú","name_fr":"Moscou","name_el":"Μόσχα","name_hi":"मास्को","name_hu":"Moszkva","name_id":"Moskwa","name_it":"Mosca","name_ja":"モスクワ","name_ko":"모스크바","name_nl":"Moskou","name_pl":"Moskwa","name_pt":"Moscovo","name_ru":"Москва","name_sv":"Moskva","name_tr":"Moskova","name_vi":"Moskva","name_zh":"莫斯科","ne_id":1159313165,"name_he":"מוסקבה","name_uk":"Москва","name_ur":"ماسکو","name_fa":"مسکو","name_zht":"莫斯科","FCLASS_ISO":null,"FCLASS_US":null,"FCLASS_FR":null,"FCLASS_RU":null,"FCLASS_ES":null,"FCLASS_CN":null,"FCLASS_TW":null,"FCLASS_IN":null,"FCLASS_NP":null,"FCLASS_PK":null,"FCLASS_DE":null,"FCLASS_GB":null,"FCLASS_BR":null,"FCLASS_IL":null,"FCLASS_PS":null,"FCLASS_SA":null,"FCLASS_EG":null,"FCLASS_MA":null,"FCLASS_PT":null,"FCLASS_AR":null,"FCLASS_JP":null,"FCLASS_KO":null,"FCLASS_VN":null,"FCLASS_TR":null,"FCLASS_ID":null,"FCLASS_PL":null,"FCLASS_GR":null,"FCLASS_IT":null,"FCLASS_NL":null,"FCLASS_SE":null,"FCLASS_BD":null,"FCLASS_UA":null,"FCLASS_TLC":null}},
{"type":"Feature","geometry":{"type":"Polygon","coordinates":[[[50.072014,56.622746],[48.822271,57.16354],[46.714906,56.966342],[45.95857,56.872084],[46.213955,56.049809],[47.05566,56.287727],[48.412373,55.829357],[50.072014,56.622746]]]},"properties":{"featurecla":"Admin-1 states provinces","scalerank":2,"adm1_code":"RUS-2385","diss_me":2385,"iso_3166_2":"RU-ME","wikipedia":null,"iso_a2":"RU","adm0_sr":1,"name":"Mariy-El","name_alt":"Mari|Mari-El|Republic of Mari El|Mariyskaya A.S.S.R.|Respublika Mariy El","name_local":"Республика Марий Эл","type":"Respublika","type_en":"Republic","code_local":null,"code_hasc":"RU.ME","note":null,"hasc_maybe":null,"region":"Volga","region_cod":null,"provnum_ne":20072,"gadm_level":1,"check_me":20,"datarank":2,"abbrev":null,"postal":"ME","area_sqkm":0,"sameascity":-99,"labelrank":2,"name_len":8,"mapcolor9":7,"mapcolor13":7,"fips":"RS45","fips_alt":null,"woe_id":2346875,"woe_label":"Mariy-El, RU, Russia","woe_name":"Mariy-El","latitude":56.5407,"longitude":47.9131,"sov_a3":"RUS","adm0_a3":"RUS","adm0_label":2,"admin":"Russia","geonunit":"Russia","gu_a3":"RUS","gn_id":529352,"gn_name":"Respublika Mariy-El","gns_id":-2954338,"gns_name":"Mariy-El, Respublika","gn_level":1,"gn_region":null,"gn_a1_code":"RU.45","region_sub":"Volga-Vyatka","sub_code":null,"gns_level":1,"gns_lang":"rus","gns_adm1":"RS45","gns_region":null,"min_label":5,"max_label":10.2,"min_zoom":4.7,"wikidataid":"Q5446","name_ar":"ماري إل","name_bn":"মারি এল প্রজাতন্ত্র","name_de":"Mari El","name_en":"Mari El Republic","name_es":"Mari-El","name_fr":"république des Maris","name_el":"Δημοκρατία της Μαρί Ελ","name_hi":"मरी ऍल","name_hu":"Mariföld","name_id":"Mari El","name_it":"Repubblica dei Mari","name_ja":"マリ・エル共和国","name_ko":"마리옐 공화국","name_nl":"Mari El","name_pl":"Mari El","name_pt":"Mari El","name_ru":"Марий Эл","name_sv":"Marij El","name_tr":"Mari El","name_vi":"Cộng hòa Mari El","name_zh":"马里埃尔共和国","ne_id":1159313201,"name_he":"מארי אל","name_uk":"Марій Ел","name_ur":"ماری ال","name_fa":"ماری ال","name_zht":"马里埃尔共和国","FCLASS_ISO":null,"FCLASS_US":null,"FCLASS_FR":null,"FCLASS_RU":null,"FCLASS_ES":null,"FCLASS_CN":null,"FCLASS_TW":null,"FCLASS_IN":null,"FCLASS_NP":null,"FCLASS_PK":null,"FCLASS_DE":null,"FCLASS_GB":null,"FCLASS_BR":null,"FCLASS_IL":null,"FCLASS_PS":null,"FCLASS_SA":null,"FCLASS_EG":null,"FCLASS_MA":null,"FCLASS_PT":null,"FCLASS_AR":null,"FCLASS_JP":null,"FCLASS_KO":null,"FCLASS_VN":null,"FCLASS_TR":null,"FCLASS_ID":null,"FCLASS_PL":null,"FCLASS_GR":null,"FCLASS_IT":null,"FCLASS_NL":null,"FCLASS_SE":null,"FCLASS_BD":null,"FCLASS_UA":null,"FCLASS_TLC":null}},
{"type":"Feature","geometry":{"type":"Polygon","coordinates":[[[50.072014,56.622746],[51.436478,56.144429],[51.145333,56.51469],[51.540451,56.882988],[51.120425,57.265497],[51.862085,57.647334],[51.971019,58.464132],[53.784552,58.439896],[53.876536,59.092802],[53.205776,59.364],[53.607612,60.142738],[52.297821,60.241595],[51.075363,60.060727],[49.833992,59.638143],[48.507561,59.715115],[48.418988,60.853805],[47.042948,60.853805],[46.749529,60.261128],[47.113538,59.611297],[47.570874,59.059858],[46.423658,58.34693],[46.341285,58.074647],[47.703063,57.958375],[47.471036,57.52853],[46.750149,57.517265],[46.714906,56.966342],[48.822271,57.16354],[50.072014,56.622746]]]},"properties":{"featurecla":"Admin-1 states provinces","scalerank":2,"adm1_code":"RUS-2384","diss_me":2384,"iso_3166_2":"RU-KIR","wikipedia":null,"iso_a2":"RU","adm0_sr":1,"name":"Kirov","name_alt":"Vyatka|Vyatskaya G.|Kirovskaya Oblast","name_local":"Кировская область","type":"Oblast","type_en":"Region","code_local":null,"code_hasc":"RU.KV","note":null,"hasc_maybe":null,"region":"Volga","region_cod":null,"provnum_ne":20071,"gadm_level":1,"check_me":20,"datarank":2,"abbrev":null,"postal":"KV","area_sqkm":0,"sameascity":6,"labelrank":6,"name_len":5,"mapcolor9":7,"mapcolor13":7,"fips":"RS33","fips_alt":null,"woe_id":2346902,"woe_label":"Kirovskaya Oblast, RU, Russia","woe_name":"Kirov","latitude":58.1926,"longitude":50.1112,"sov_a3":"RUS","adm0_a3":"RUS","adm0_label":2,"admin":"Russia","geonunit":"Russia","gu_a3":"RUS","gn_id":548389,"gn_name":"Kirovskaya Oblast'","gns_id":-2928308,"gns_name":"Kirovskaya Oblast'","gn_level":1,"gn_region":null,"gn_a1_code":"RU.33","region_sub":"Volga-Vyatka","sub_code":null,"gns_level":1,"gns_lang":"rus","gns_adm1":"RS33","gns_region":null,"min_label":5,"max_label":10.2,"min_zoom":4.7,"wikidataid":"Q5387","name_ar":"أوبلاست كيروف","name_bn":"কিরোভ ওব্লাস্ট","name_de":"Kirow","name_en":"Kirov","name_es":"Kírov","name_fr":"Kirov","name_el":"Όμπλαστ του Κίροφ","name_hi":"किरोव ओब्लास्ट","name_hu":"Kirovi terület","name_id":"Kirov","name_it":"Kirov","name_ja":"キーロフ州","name_ko":"키로프","name_nl":"Kirov","name_pl":"kirowski","name_pt":"Kirov","name_ru":"Кировская область","name_sv":"Kirov","name_tr":"Kirov Oblastı","name_vi":"Kirov","name_zh":"基洛夫州","ne_id":1159313199,"name_he":"מחוז קירוב","name_uk":"Кіровська область","name_ur":"کیروف اوبلاست","name_fa":"استان کیروف","name_zht":"基洛夫州","FCLASS_ISO":null,"FCLASS_US":null,"FCLASS_FR":null,"FCLASS_RU":null,"FCLASS_ES":null,"FCLASS_CN":null,"FCLASS_TW":null,"FCLASS_IN":null,"FCLASS_NP":null,"FCLASS_PK":null,"FCLASS_DE":null,"FCLASS_GB":null,"FCLASS_BR":null,"FCLASS_IL":null,"FCLASS_PS":null,"FCLASS_SA":null,"FCLASS_EG":null,"FCLASS_MA":null,"FCLASS_PT":null,"FCLASS_AR":null,"FCLASS_JP":null,"FCLASS_KO":null,"FCLASS_VN":null,"FCLASS_TR":null,"FCLASS_ID":null,"FCLASS_PL":null,"FCLASS_GR":null,"FCLASS_IT":null,"FCLASS_NL":null,"FCLASS_SE":null,"FCLASS_BD":null,"FCLASS_UA":null,"FCLASS_TLC":null}},
{"type":"Feature","geometry":{"type":"Polygon","coordinates":[[[54.352476,56.358524],[53.869095,56.713154],[54.341107,57.011869],[53.784552,58.439896],[51.971019,58.464132],[51.862085,57.647334],[51.120425,57.265497],[51.540451,56.882988],[51.145333,56.51469],[51.436478,56.144429],[52.06445,55.896123],[52.958246,56.252226],[53.631693,55.906691],[54.352476,56.358524]]]},"properties":{"featurecla":"Admin-1 states provinces","scalerank":2,"adm1_code":"RUS-2387","diss_me":2387,"iso_3166_2":"RU-UD","wikipedia":null,"iso_a2":"RU","adm0_sr":1,"name":"Udmurt","name_alt":"Udmurtiya|Udmurt Republic|Udmurtskaya A.S.S.R.|Udmurtskaya Respublika","name_local":"Удмуртская Республика","type":"Respublika","type_en":"Republic","code_local":null,"code_hasc":"RU.UD","note":null,"hasc_maybe":null,"region":"Volga","region_cod":null,"provnum_ne":20070,"gadm_level":1,"check_me":20,"datarank":2,"abbrev":null,"postal":"UD","area_sqkm":0,"sameascity":-99,"labelrank":2,"name_len":6,"mapcolor9":7,"mapcolor13":7,"fips":"RS80","fips_alt":null,"woe_id":2346880,"woe_label":"Udmurtiya, RU, Russia","woe_name":"Udmurt","latitude":57.3433,"longitude":52.7957,"sov_a3":"RUS","adm0_a3":"RUS","adm0_label":2,"admin":"Russia","geonunit":"Russia","gu_a3":"RUS","gn_id":479613,"gn_name":"Udmurtskaya Respublika","gns_id":-3023910,"gns_name":"Udmurtskaya Respublika","gn_level":1,"gn_region":null,"gn_a1_code":"RU.80","region_sub":"Urals","sub_code":null,"gns_level":1,"gns_lang":"fas","gns_adm1":"RS80","gns_region":null,"min_label":5,"max_label":10.2,"min_zoom":4.7,"wikidataid":"Q5422","name_ar":"أودمورتيا","name_bn":"আডমুর্ত রিপাবলিক","name_de":"Udmurtien","name_en":"Udmurt Republic","name_es":"Udmurtia","name_fr":"Oudmourtie","name_el":"Δημοκρατία των Ουντμούρτ","name_hi":"उदमूर्तिया","name_hu":"Udmurtföld","name_id":"Udmurtia","name_it":"Udmurtia","name_ja":"ウドムルト共和国","name_ko":"우드무르트 공화국","name_nl":"Oedmoertië","name_pl":"Udmurcja","name_pt":"Udmúrtia","name_ru":"Удмуртия","name_sv":"Udmurtien","name_tr":"Udmurtya","name_vi":"Udmurtia","name_zh":"乌德穆尔特共和国","ne_id":1159313203,"name_he":"אודמורטיה","name_uk":"Удмуртія","name_ur":"ادمورتیا","name_fa":"اودمورتیا","name_zht":"乌德穆尔特共和国","FCLASS_ISO":null,"FCLASS_US":null,"FCLASS_FR":null,"FCLASS_RU":null,"FCLASS_ES":null,"FCLASS_CN":null,"FCLASS_TW":null,"FCLASS_IN":null,"FCLASS_NP":null,"FCLASS_PK":null,"FCLASS_DE":null,"FCLASS_GB":null,"FCLASS_BR":null,"FCLASS_IL":null,"FCLASS_PS":null,"FCLASS_SA":null,"FCLASS_EG":null,"FCLASS_MA":null,"FCLASS_PT":null,"FCLASS_AR":null,"FCLASS_JP":null,"FCLASS_KO":null,"FCLASS_VN":null,"FCLASS_TR":null,"FCLASS_ID":null,"FCLASS_PL":null,"FCLASS_GR":null,"FCLASS_IT":null,"FCLASS_NL":null,"FCLASS_SE":null,"FCLASS_BD":null,"FCLASS_UA":null,"FCLASS_TLC":null}},
{"type":"Feature","geometry":{"type":"Polygon","coordinates":[[[59.485393,61.993271],[59.278067,62.970239],[59.584405,63.938268],[59.484152,64.497252],[60.676534,64.912317],[62.018468,65.717126],[62.838573,65.869261],[63.305728,66.400237],[65.11616,66.908319],[66.110001,67.488775],[65.436554,67.919963],[65.480479,68.430449],[64.745123,68.404455],[62.821313,67.388032],[61.431734,66.999683],[58.789621,66.999683],[53.77246,66.998546],[52.245525,67.089135],[51.510169,66.783262],[49.006032,66.119117],[48.989393,65.268523],[50.063022,64.8902],[48.840151,64.357312],[45.824521,64.283622],[46.819189,63.746962],[47.234874,62.351492],[48.290831,62.321623],[48.366071,62.729298],[49.608993,62.770226],[49.051611,61.690963],[49.302242,61.176163],[48.418988,60.853805],[48.507561,59.715115],[49.833992,59.638143],[51.075363,60.060727],[52.297821,60.241595],[51.774235,60.605603],[52.876494,61.093842],[54.979518,60.86383],[56.257373,61.206342],[56.70241,61.524772],[58.691539,61.502732],[59.348657,61.682178],[59.485393,61.993271]]]},"properties":{"featurecla":"Admin-1 states provinces","scalerank":2,"adm1_code":"RUS-2383","diss_me":2383,"iso_3166_2":"RU-KO","wikipedia":null,"iso_a2":"RU","adm0_sr":1,"name":"Komi","name_alt":"Komi A.S.S.R.|Republic of Komi|Respublika Komi","name_local":"Республика Коми","type":"Respublika","type_en":"Republic","code_local":null,"code_hasc":"RU.KO","note":null,"hasc_maybe":null,"region":"Northwestern","region_cod":null,"provnum_ne":20069,"gadm_level":1,"check_me":20,"datarank":2,"abbrev":null,"postal":"KO","area_sqkm":0,"sameascity":-99,"labelrank":2,"name_len":4,"mapcolor9":7,"mapcolor13":7,"fips":"RS34","fips_alt":null,"woe_id":2346874,"woe_label":"Komi, RU, Russia","woe_name":"Komi","latitude":64.1194,"longitude":55.8183,"sov_a3":"RUS","adm0_a3":"RUS","adm0_label":2,"admin":"Russia","geonunit":"Russia","gu_a3":"RUS","gn_id":545854,"gn_name":"Respublika Komi","gns_id":-2931736,"gns_name":"Komi, Respublika","gn_level":1,"gn_region":null,"gn_a1_code":"RU.34","region_sub":"Northern","sub_code":null,"gns_level":1,"gns_lang":"rus","gns_adm1":"RS34","gns_region":null,"min_label":5,"max_label":10.2,"min_zoom":4.7,"wikidataid":"Q2073","name_ar":"جمهورية كومي","name_bn":"কোমি রিপাবলিক","name_de":"Republik Komi","name_en":"Komi Republic","name_es":"Komi","name_fr":"république des Komis","name_el":"Δημοκρατία των Κόμι","name_hi":"कोमी गणराज्य","name_hu":"Komiföld","name_id":"Republik Komi","name_it":"Repubblica dei Komi","name_ja":"コミ共和国","name_ko":"코미 공화국","name_nl":"Komi","name_pl":"Republika Komi","name_pt":"República de Komi","name_ru":"Республика Коми","name_sv":"Komi","name_tr":"Komi Cumhuriyeti","name_vi":"Cộng hòa Komi","name_zh":"科米共和国","ne_id":1159313197,"name_he":"רפובליקת קומי","name_uk":"Республіка Комі","name_ur":"کومی جمہوریہ","name_fa":"کومی","name_zht":"科米共和国","FCLASS_ISO":null,"FCLASS_US":null,"FCLASS_FR":null,"FCLASS_RU":null,"FCLASS_ES":null,"FCLASS_CN":null,"FCLASS_TW":null,"FCLASS_IN":null,"FCLASS_NP":null,"FCLASS_PK":null,"FCLASS_DE":null,"FCLASS_GB":null,"FCLASS_BR":null,"FCLASS_IL":null,"FCLASS_PS":null,"FCLASS_SA":null,"FCLASS_EG":null,"FCLASS_MA":null,"FCLASS_PT":null,"FCLASS_AR":null,"FCLASS_JP":null,"FCLASS_KO":null,"FCLASS_VN":null,"FCLASS_TR":null,"FCLASS_ID":null,"FCLASS_PL":null,"FCLASS_GR":null,"FCLASS_IT":null,"FCLASS_NL":null,"FCLASS_SE":null,"FCLASS_BD":null,"FCLASS_UA":null,"FCLASS_TLC":null}},
{"type":"Feature","geometry":{"type":"Polygon","coordinates":[[[54.352476,56.358524],[57.408414,56.32912],[57.357564,56.681243],[58.029874,57.099357],[57.995148,57.477319],[58.829825,57.726244],[58.67831,58.1071],[59.45604,58.492761],[59.175334,59.146519],[58.403081,59.552283],[59.467719,60.807865],[59.348657,61.682178],[58.691539,61.502732],[56.70241,61.524772],[56.257373,61.206342],[54.979518,60.86383],[52.876494,61.093842],[51.774235,60.605603],[52.297821,60.241595],[53.607612,60.142738],[53.205776,59.364],[53.876536,59.092802],[53.784552,58.439896],[54.341107,57.011869],[53.869095,56.713154],[54.352476,56.358524]]]},"properties":{"featurecla":"Admin-1 states provinces","scalerank":2,"adm1_code":"RUS-3200","diss_me":3200,"iso_3166_2":"RU-PER","wikipedia":null,"iso_a2":"RU","adm0_sr":1,"name":"Perm'","name_alt":"Molotov|Permskaya Oblast","name_local":"Пермская область","type":"Kray","type_en":"Territory","code_local":null,"code_hasc":"RU.PE","note":null,"hasc_maybe":null,"region":"Volga","region_cod":null,"provnum_ne":20007,"gadm_level":1,"check_me":20,"datarank":2,"abbrev":null,"postal":"PE","area_sqkm":0,"sameascity":6,"labelrank":6,"name_len":5,"mapcolor9":7,"mapcolor13":7,"fips":"RS90","fips_alt":null,"woe_id":20070511,"woe_label":"Permskiy Kray, RU, Russia","woe_name":"Perm'","latitude":58.8735,"longitude":56.5878,"sov_a3":"RUS","adm0_a3":"RUS","adm0_label":2,"admin":"Russia","geonunit":"Russia","gu_a3":"RUS","gn_id":511180,"gn_name":"Perm Krai","gns_id":9262371,"gns_name":"Permskiy Kray","gn_level":1,"gn_region":null,"gn_a1_code":"RU.90","region_sub":"Urals","sub_code":null,"gns_level":1,"gns_lang":"dan","gns_adm1":"RS90","gns_region":null,"min_label":5,"max_label":10.2,"min_zoom":4.7,"wikidataid":"Q5400","name_ar":"بيرم كراي","name_bn":"পার্ম ক্রাই","name_de":"Perm","name_en":"Perm Krai","name_es":"Perm","name_fr":"Perm","name_el":"Κράι Περμ","name_hi":"पेर्म क्राय","name_hu":"Permi határterület","name_id":"Krai Perm","name_it":"Territorio di Perm'","name_ja":"ペルミ地方","name_ko":"페름 지방","name_nl":"Kraj Perm","name_pl":"Kraj Permski","name_pt":"Krai de Perm","name_ru":"Пермский край","name_sv":"Perm kraj","name_tr":"Perm Krayı","name_vi":"Perm","name_zh":"彼尔姆边疆区","ne_id":1159314843,"name_he":"מחוז פרם","name_uk":"Пермський край","name_ur":"پیرم کرائی","name_fa":"سرزمین پرم","name_zht":"彼爾姆邊疆區","FCLASS_ISO":null,"FCLASS_US":null,"FCLASS_FR":null,"FCLASS_RU":null,"FCLASS_ES":null,"FCLASS_CN":null,"FCLASS_TW":null,"FCLASS_IN":null,"FCLASS_NP":null,"FCLASS_PK":null,"FCLASS_DE":null,"FCLASS_GB":null,"FCLASS_BR":null,"FCLASS_IL":null,"FCLASS_PS":null,"FCLASS_SA":null,"FCLASS_EG":null,"FCLASS_MA":null,"FCLASS_PT":null,"FCLASS_AR":null,"FCLASS_JP":null,"FCLASS_KO":null,"FCLASS_VN":null,"FCLASS_TR":null,"FCLASS_ID":null,"FCLASS_PL":null,"FCLASS_GR":null,"FCLASS_IT":null,"FCLASS_NL":null,"FCLASS_SE":null,"FCLASS_BD":null,"FCLASS_UA":null,"FCLASS_TLC":null}},
{"type":"Feature","geometry":{"type":"Polygon","coordinates":[[[52.53853,54.37725],[51.168794,54.637285],[50.077491,54.516466],[50.197381,54.038149],[49.624496,53.814623],[48.491128,53.770517],[48.034515,53.314627],[48.436971,52.780448],[48.936062,52.475169],[50.731508,51.914041],[50.767009,51.7594],[51.415188,52.102711],[51.471412,52.569143],[52.060936,52.999659],[52.53853,54.37725]]]},"properties":{"featurecla":"Admin-1 states provinces","scalerank":2,"adm1_code":"RUS-2392","diss_me":2392,"iso_3166_2":"RU-SAM","wikipedia":null,"iso_a2":"RU","adm0_sr":1,"name":"Samara","name_alt":"Kuybyshev|Kuybyshevskaya|Samarskaya Oblast","name_local":"Самарская область","type":"Oblast","type_en":"Region","code_local":null,"code_hasc":"RU.SA","note":null,"hasc_maybe":null,"region":"Volga","region_cod":null,"provnum_ne":20062,"gadm_level":1,"check_me":20,"datarank":2,"abbrev":null,"postal":"SA","area_sqkm":0,"sameascity":6,"labelrank":6,"name_len":6,"mapcolor9":7,"mapcolor13":7,"fips":"RS65","fips_alt":null,"woe_id":2346906,"woe_label":"Samarskaya Oblast, RU, Russia","woe_name":"Samara","latitude":53.1783,"longitude":50.4377,"sov_a3":"RUS","adm0_a3":"RUS","adm0_label":2,"admin":"Russia","geonunit":"Russia","gu_a3":"RUS","gn_id":499068,"gn_name":"Samarskaya Oblast'","gns_id":-2995975,"gns_name":"Samarskaya Oblast'","gn_level":1,"gn_region":null,"gn_a1_code":"RU.65","region_sub":"Volga","sub_code":null,"gns_level":1,"gns_lang":"fas","gns_adm1":"RS65","gns_region":null,"min_label":5,"max_label":10.2,"min_zoom":4.7,"wikidataid":"Q1727","name_ar":"سمارا أوبلاست","name_bn":"সামারা ওব্লাস্ট","name_de":"Samara","name_en":"Samara","name_es":"Samara","name_fr":"Samara","name_el":"Όμπλαστ της Σαμάρα","name_hi":"समारा ओब्लास्त","name_hu":"Szamarai terület","name_id":"Samara","name_it":"Samara","name_ja":"サマラ州","name_ko":"사마라","name_nl":"Samara","name_pl":"samarski","name_pt":"Samara","name_ru":"Самарская область","name_sv":"Samara","name_tr":"Samara Oblastı","name_vi":"Samara","name_zh":"萨马拉州","ne_id":1159313209,"name_he":"מחוז סמרה","name_uk":"Самарська область","name_ur":"سمارا اوبلاست","name_fa":"استان سامارا","name_zht":"薩馬拉州","FCLASS_ISO":null,"FCLASS_US":null,"FCLASS_FR":null,"FCLASS_RU":null,"FCLASS_ES":null,"FCLASS_CN":null,"FCLASS_TW":null,"FCLASS_IN":null,"FCLASS_NP":null,"FCLASS_PK":null,"FCLASS_DE":null,"FCLASS_GB":null,"FCLASS_BR":null,"FCLASS_IL":null,"FCLASS_PS":null,"FCLASS_SA":null,"FCLASS_EG":null,"FCLASS_MA":null,"FCLASS_PT":null,"FCLASS_AR":null,"FCLASS_JP":null,"FCLASS_KO":null,"FCLASS_VN":null,"FCLASS_TR":null,"FCLASS_ID":null,"FCLASS_PL":null,"FCLASS_GR":null,"FCLASS_IT":null,"FCLASS_NL":null,"FCLASS_SE":null,"FCLASS_BD":null,"FCLASS_UA":null,"FCLASS_TLC":null}},
{"type":"Feature","geometry":{"type":"Polygon","coordinates":[[[41.712627,45.996004],[41.162377,45.953552],[41.03825,45.21817],[41.651029,44.89664],[41.729371,44.458553],[42.683214,43.807171],[44.284873,43.81885],[44.838741,43.661056],[45.509398,44.015195],[45.434881,44.617484],[45.705975,44.975782],[45.586189,45.158303],[44.148241,45.652511],[43.87756,45.94549],[42.991412,46.179559],[41.712627,45.996004]]]},"properties":{"featurecla":"Admin-1 states provinces","scalerank":2,"adm1_code":"RUS-2306","diss_me":2306,"iso_3166_2":"RU-STA","wikipedia":null,"iso_a2":"RU","adm0_sr":1,"name":"Stavropol'","name_alt":"Stavropol'skiy Kray|Stavropolskiy Kray","name_local":"Ставропольский край","type":"Kray","type_en":"Territory","code_local":null,"code_hasc":"RU.ST","note":null,"hasc_maybe":null,"region":"Volga","region_cod":null,"provnum_ne":20085,"gadm_level":1,"check_me":20,"datarank":2,"abbrev":null,"postal":"ST","area_sqkm":0,"sameascity":7,"labelrank":7,"name_len":10,"mapcolor9":7,"mapcolor13":7,"fips":"RS70","fips_alt":null,"woe_id":2346887,"woe_label":"Stavropolrskiy Kray, RU, Russia","woe_name":"Stavropol'","latitude":44.981,"longitude":43.2791,"sov_a3":"RUS","adm0_a3":"RUS","adm0_label":2,"admin":"Russia","geonunit":"Russia","gu_a3":"RUS","gn_id":487839,"gn_name":"Stavropol'skiy Kray","gns_id":-3011280,"gns_name":"Stavropol'skiy Kray","gn_level":1,"gn_region":null,"gn_a1_code":"RU.70","region_sub":"North Caucasus","sub_code":null,"gns_level":1,"gns_lang":"fas","gns_adm1":"RS70","gns_region":null,"min_label":5,"max_label":10.2,"min_zoom":4.7,"wikidataid":"Q5207","name_ar":"كراي ستافروبول","name_bn":"স্ট্যাভরোপোল ক্রাই","name_de":"Stawropol","name_en":"Stavropol Krai","name_es":"Stávropol","name_fr":"Stavropol","name_el":"Κράι Σταυρούπολης","name_hi":"स्ताव्रोपोल क्राय","name_hu":"Sztavropoli határterület","name_id":"Krai Stavropol","name_it":"Territorio di Stavropol'","name_ja":"スタヴロポリ地方","name_ko":"스타브로폴 지방","name_nl":"Kraj Stavropol","name_pl":"Kraj Stawropolski","name_pt":"Krai de Stavropol","name_ru":"Ставропольский край","name_sv":"Stavropol kraj","name_tr":"Stavropol Krayı","name_vi":"Stavropol","name_zh":"斯塔夫罗波尔边疆区","ne_id":1159313147,"name_he":"מחוז סטברופול","name_uk":"Ставропольський край","name_ur":"سٹاوروپول کرائی","name_fa":"سرزمین استاوروپول","name_zht":"斯塔夫罗波尔边疆区","FCLASS_ISO":null,"FCLASS_US":null,"FCLASS_FR":null,"FCLASS_RU":null,"FCLASS_ES":null,"FCLASS_CN":null,"FCLASS_TW":null,"FCLASS_IN":null,"FCLASS_NP":null,"FCLASS_PK":null,"FCLASS_DE":null,"FCLASS_GB":null,"FCLASS_BR":null,"FCLASS_IL":null,"FCLASS_PS":null,"FCLASS_SA":null,"FCLASS_EG":null,"FCLASS_MA":null,"FCLASS_PT":null,"FCLASS_AR":null,"FCLASS_JP":null,"FCLASS_KO":null,"FCLASS_VN":null,"FCLASS_TR":null,"FCLASS_ID":null,"FCLASS_PL":null,"FCLASS_GR":null,"FCLASS_IT":null,"FCLASS_NL":null,"FCLASS_SE":null,"FCLASS_BD":null,"FCLASS_UA":null,"FCLASS_TLC":null}},
{"type":"Feature","geometry":{"type":"Polygon","coordinates":[[[39.751507,45.126548],[40.019811,44.723834],[39.729699,43.917991],[40.455236,43.981011],[40.393638,44.725255],[39.751507,45.126548]]]},"properties":{"featurecla":"Admin-1 states provinces","scalerank":2,"adm1_code":"RUS-2279","diss_me":2279,"iso_3166_2":"RU-AD","wikipedia":null,"iso_a2":"RU","adm0_sr":1,"name":"Adygey","name_alt":"Adygea|Adygeya|Adygheya|Republic of Adygeya|Adygeyskaya A.Obl.|Respublika Adygeya","name_local":"Республика Адыгея","type":"Respublika","type_en":"Republic","code_local":null,"code_hasc":"RU.AD","note":null,"hasc_maybe":null,"region":"Volga","region_cod":null,"provnum_ne":20028,"gadm_level":1,"check_me":20,"datarank":2,"abbrev":null,"postal":"AD","area_sqkm":0,"sameascity":-99,"labelrank":2,"name_len":6,"mapcolor9":7,"mapcolor13":7,"fips":"RS01","fips_alt":null,"woe_id":20070520,"woe_label":"Adygeya, RU, Russia","woe_name":"Adygey","latitude":44.4658,"longitude":40.1293,"sov_a3":"RUS","adm0_a3":"RUS","adm0_label":2,"admin":"Russia","geonunit":"Russia","gu_a3":"RUS","gn_id":584222,"gn_name":"Respublika Adygeya","gns_id":-2874328,"gns_name":"Adygeya, Respublika","gn_level":1,"gn_region":null,"gn_a1_code":"RU.01","region_sub":"North Caucasus","sub_code":null,"gns_level":1,"gns_lang":"rus","gns_adm1":"RS01","gns_region":null,"min_label":5,"max_label":10.2,"min_zoom":4.7,"wikidataid":"Q3734","name_ar":"أديغيا","name_bn":"আদিগিয়া রিপাবলিক","name_de":"Adygeja","name_en":"Republic of Adygea","name_es":"Adigueya","name_fr":"Adyguée","name_el":"Δημοκρατία της Αντιγκέα","name_hi":"आदिगेया","name_hu":"Adigeföld","name_id":"Adygea","name_it":"Adighezia","name_ja":"アディゲ共和国","name_ko":"아디게야 공화국","name_nl":"Adygea","name_pl":"Adygeja","name_pt":"Adiguésia","name_ru":"Адыгея","name_sv":"Adygeiska republiken","name_tr":"Adıge Cumhuriyeti","name_vi":"Adygea","name_zh":"阿迪格共和国","ne_id":1159313137,"name_he":"אדיגיה","name_uk":"Адигея","name_ur":"ادیگیا","name_fa":"آدیغیه","name_zht":"阿迪格共和国","FCLASS_ISO":null,"FCLASS_US":null,"FCLASS_FR":null,"FCLASS_RU":null,"FCLASS_ES":null,"FCLASS_CN":null,"FCLASS_TW":null,"FCLASS_IN":null,"FCLASS_NP":null,"FCLASS_PK":null,"FCLASS_DE":null,"FCLASS_GB":null,"FCLASS_BR":null,"FCLASS_IL":null,"FCLASS_PS":null,"FCLASS_SA":null,"FCLASS_EG":null,"FCLASS_MA":null,"FCLASS_PT":null,"FCLASS_AR":null,"FCLASS_JP":null,"FCLASS_KO":null,"FCLASS_VN":null,"FCLASS_TR":null,"FCLASS_ID":null,"FCLASS_PL":null,"FCLASS_GR":null,"FCLASS_IT":null,"FCLASS_NL":null,"FCLASS_SE":null,"FCLASS_BD":null,"FCLASS_UA":null,"FCLASS_TLC":null}},
{"type":"Feature","geometry":{"type":"Polygon","coordinates":[[[83.337063,24.140232],[82.800869,23.998716],[81.76641,22.663992],[81.122522,22.400519],[80.679034,21.351152],[80.575992,19.391969],[80.270377,18.71369],[81.39403,17.806691],[82.224987,19.015196],[81.939629,20.104665],[82.668164,21.155479],[83.198261,21.172558],[83.605367,22.195984],[83.970203,22.539348],[84.115,22.998855],[83.521755,24.065896],[83.337063,24.140232]]]},"properties":{"featurecla":"Admin-1 states provinces","scalerank":2,"adm1_code":"IND-3260","diss_me":3260,"iso_3166_2":"IN-CT","wikipedia":null,"iso_a2":"IN","adm0_sr":1,"name":"Chhattisgarh","name_alt":null,"name_local":null,"type":"State","type_en":"State","code_local":null,"code_hasc":"IN.CT","note":null,"hasc_maybe":null,"region":"Central","region_cod":null,"provnum_ne":20054,"gadm_level":1,"check_me":20,"datarank":1,"abbrev":null,"postal":"CT","area_sqkm":0,"sameascity":-99,"labelrank":2,"name_len":12,"mapcolor9":2,"mapcolor13":2,"fips":"IN37","fips_alt":"IN02","woe_id":20070464,"woe_label":"Chhattisgarh, IN, India","woe_name":"Chhattisgarh","latitude":21.8044,"longitude":82.3069,"sov_a3":"IND","adm0_a3":"IND","adm0_label":2,"admin":"India","geonunit":"India","gu_a3":"IND","gn_id":1444364,"gn_name":"State of Chhattisgarh","gns_id":6240777,"gns_name":"Chhattisgarh, State of","gn_level":1,"gn_region":null,"gn_a1_code":"IN.37","region_sub":null,"sub_code":null,"gns_level":1,"gns_lang":"eng","gns_adm1":"IN37","gns_region":null,"min_label":4.6,"max_label":10.1,"min_zoom":4.6,"wikidataid":"Q1168","name_ar":"تشاتيسغار","name_bn":"ছত্তিশগড়","name_de":"Chhattisgarh","name_en":"Chhattisgarh","name_es":"Chhattisgarh","name_fr":"Chhattisgarh","name_el":"Τσατίσγκαρ","name_hi":"छत्तीसगढ़","name_hu":"Cshattíszgarh","name_id":"Chhattisgarh","name_it":"Chhattisgarh","name_ja":"チャッティースガル州","name_ko":"차티스가르","name_nl":"Chhattisgarh","name_pl":"Chhattisgarh","name_pt":"Chhattisgarh","name_ru":"Чхаттисгарх","name_sv":"Chhattisgarh","name_tr":"Chhattisgarh","name_vi":"Chhattisgarh","name_zh":"恰蒂斯加尔邦","ne_id":1159314171,"name_he":"צ'האטיסגאר","name_uk":"Чхаттісґарх","name_ur":"چھتیس گڑھ","name_fa":"چتیسگر","name_zht":"恰蒂斯加爾邦","FCLASS_ISO":null,"FCLASS_US":null,"FCLASS_FR":null,"FCLASS_RU":null,"FCLASS_ES":null,"FCLASS_CN":null,"FCLASS_TW":null,"FCLASS_IN":null,"FCLASS_NP":null,"FCLASS_PK":null,"FCLASS_DE":null,"FCLASS_GB":null,"FCLASS_BR":null,"FCLASS_IL":null,"FCLASS_PS":null,"FCLASS_SA":null,"FCLASS_EG":null,"FCLASS_MA":null,"FCLASS_PT":null,"FCLASS_AR":null,"FCLASS_JP":null,"FCLASS_KO":null,"FCLASS_VN":null,"FCLASS_TR":null,"FCLASS_ID":null,"FCLASS_PL":null,"FCLASS_GR":null,"FCLASS_IT":null,"FCLASS_NL":null,"FCLASS_SE":null,"FCLASS_BD":null,"FCLASS_UA":null,"FCLASS_TLC":null}},
{"type":"Feature","geometry":{"type":"Polygon","coordinates":[[[77.585063,30.382926],[76.768162,30.907597],[76.814567,30.789129],[76.82728,30.680712],[76.624812,30.142837],[76.22556,29.869082],[75.23823,29.748779],[74.516517,29.94719],[74.612841,29.332809],[75.328353,29.296222],[75.593557,28.642671],[76.026192,28.262229],[76.856632,28.228975],[77.280689,27.80944],[77.327404,28.519707],[77.200797,28.876791],[77.064681,29.569513],[77.585063,30.382926]]]},"properties":{"featurecla":"Admin-1 states provinces","scalerank":2,"adm1_code":"IND-2430","diss_me":2430,"iso_3166_2":"IN-HR","wikipedia":null,"iso_a2":"IN","adm0_sr":1,"name":"Haryana","name_alt":null,"name_local":null,"type":"State","type_en":"State","code_local":null,"code_hasc":"IN.HR","note":null,"hasc_maybe":null,"region":"Central","region_cod":null,"provnum_ne":20052,"gadm_level":1,"check_me":20,"datarank":1,"abbrev":null,"postal":"HR","area_sqkm":0,"sameascity":-99,"labelrank":2,"name_len":7,"mapcolor9":2,"mapcolor13":2,"fips":"IN10","fips_alt":null,"woe_id":2345744,"woe_label":"Haryana, IN, India","woe_name":"Haryana","latitude":29.1003,"longitude":76.271,"sov_a3":"IND","adm0_a3":"IND","adm0_label":2,"admin":"India","geonunit":"India","gu_a3":"IND","gn_id":1270260,"gn_name":"State of Haryana","gns_id":-2097281,"gns_name":"Haryana, State of","gn_level":1,"gn_region":null,"gn_a1_code":"IN.10","region_sub":null,"sub_code":null,"gns_level":1,"gns_lang":"nld","gns_adm1":"IN10","gns_region":null,"min_label":4.6,"max_label":10.1,"min_zoom":4.6,"wikidataid":"Q1174","name_ar":"هاريانا","name_bn":"হরিয়ানা","name_de":"Haryana","name_en":"Haryana","name_es":"Haryana","name_fr":"Haryana","name_el":"Χαρυάνα","name_hi":"हरियाणा","name_hu":"Harijána","name_id":"Haryana","name_it":"Haryana","name_ja":"ハリヤーナー州","name_ko":"하리아나","name_nl":"Haryana","name_pl":"Hariana","name_pt":"Haryana","name_ru":"Харьяна","name_sv":"Haryana","name_tr":"Haryana","name_vi":"Haryana","name_zh":"哈里亚纳邦","ne_id":1159311881,"name_he":"הריאנה","name_uk":"Хар'яна","name_ur":"ہریانہ","name_fa":"هاریانا","name_zht":"哈里亞納邦","FCLASS_ISO":null,"FCLASS_US":null,"FCLASS_FR":null,"FCLASS_RU":null,"FCLASS_ES":null,"FCLASS_CN":null,"FCLASS_TW":null,"FCLASS_IN":null,"FCLASS_NP":null,"FCLASS_PK":null,"FCLASS_DE":null,"FCLASS_GB":null,"FCLASS_BR":null,"FCLASS_IL":null,"FCLASS_PS":null,"FCLASS_SA":null,"FCLASS_EG":null,"FCLASS_MA":null,"FCLASS_PT":null,"FCLASS_AR":null,"FCLASS_JP":null,"FCLASS_KO":null,"FCLASS_VN":null,"FCLASS_TR":null,"FCLASS_ID":null,"FCLASS_PL":null,"FCLASS_GR":null,"FCLASS_IT":null,"FCLASS_NL":null,"FCLASS_SE":null,"FCLASS_BD":null,"FCLASS_UA":null,"FCLASS_TLC":null}},
{"type":"Feature","geometry":{"type":"Polygon","coordinates":[[[77.551163,18.307875],[77.411534,17.630785],[77.446467,15.95298],[78.087494,15.832953],[78.73406,16.0303],[79.265636,16.569607],[80.506146,16.792487],[81.469526,17.420487],[81.758969,17.908933],[81.39403,17.806691],[80.270377,18.71369],[79.960319,18.867117],[79.93107,19.482532],[79.197731,19.461883],[78.383567,19.684535],[77.551163,18.307875]]]},"properties":{"featurecla":"Admin-1 states provinces","scalerank":2,"adm1_code":"IND-20011","diss_me":20011,"iso_3166_2":"IN-TG","wikipedia":null,"iso_a2":"IN","adm0_sr":1,"name":"Telangana","name_alt":null,"name_local":null,"type":"State","type_en":"State","code_local":null,"code_hasc":"IN.TG","note":null,"hasc_maybe":null,"region":"South","region_cod":null,"provnum_ne":null,"gadm_level":1,"check_me":20,"datarank":1,"abbrev":null,"postal":"TG","area_sqkm":0,"sameascity":-99,"labelrank":2,"name_len":9,"mapcolor9":2,"mapcolor13":2,"fips":"IN40","fips_alt":null,"woe_id":null,"woe_label":null,"woe_name":null,"latitude":17.4273126817,"longitude":78.468441094,"sov_a3":"IND","adm0_a3":"IND","adm0_label":2,"admin":"India","geonunit":"India","gu_a3":"IND","gn_id":1254788,"gn_name":null,"gns_id":null,"gns_name":null,"gn_level":null,"gn_region":null,"gn_a1_code":"IN.TG","region_sub":null,"sub_code":null,"gns_level":null,"gns_lang":null,"gns_adm1":"IN40","gns_region":null,"min_label":4.6,"max_label":10.1,"min_zoom":4.6,"wikidataid":"Q677037","name_ar":"تيلانغانا","name_bn":"তেলেঙ্গানা","name_de":"Telangana","name_en":"Telangana","name_es":"Telangana","name_fr":"Telangana","name_el":"Τελανγκάνα","name_hi":"तेलंगाना","name_hu":"Telangána","name_id":"Telangana","name_it":"Telangana","name_ja":"テランガナ","name_ko":"텔랑가나","name_nl":"Telangana","name_pl":"Telangana","name_pt":"Telangana","name_ru":"Телангана","name_sv":"Telangana","name_tr":"Telangana","name_vi":"Telangana","name_zh":"特伦甘纳邦","ne_id":1730011373,"name_he":"טלנגאנה","name_uk":"Телангана","name_ur":"تیلنگانا","name_fa":"تلنگانا","name_zht":"泰倫加納邦","FCLASS_ISO":null,"FCLASS_US":null,"FCLASS_FR":null,"FCLASS_RU":null,"FCLASS_ES":null,"FCLASS_CN":null,"FCLASS_TW":null,"FCLASS_IN":null,"FCLASS_NP":null,"FCLASS_PK":null,"FCLASS_DE":null,"FCLASS_GB":null,"FCLASS_BR":null,"FCLASS_IL":null,"FCLASS_PS":null,"FCLASS_SA":null,"FCLASS_EG":null,"FCLASS_MA":null,"FCLASS_PT":null,"FCLASS_AR":null,"FCLASS_JP":null,"FCLASS_KO":null,"FCLASS_VN":null,"FCLASS_TR":null,"FCLASS_ID":null,"FCLASS_PL":null,"FCLASS_GR":null,"FCLASS_IT":null,"FCLASS_NL":null,"FCLASS_SE":null,"FCLASS_BD":null,"FCLASS_UA":null,"FCLASS_TLC":null}}
]}